{"page_link": "https://physics.iitpkd.ac.in/people.html", "title": "https:--physics.iitpkd.ac.in-people.html", "hyperlinks": ["index.html", "index.html", "people.html", "programs.html", "research.html", "activities.html", "committee.html", "contact.html", "https://iitpkd.ac.in/people/jayakumar", "https://iitpkd.ac.in/people/jayakumar", "https://iitpkd.ac.in/people/uma", "https://iitpkd.ac.in/people/uma", "https://iitpkd.ac.in/people/prithvi", "https://iitpkd.ac.in/people/prithvi", "https://iitpkd.ac.in/people/smanni", "https://iitpkd.ac.in/people/smanni", "https://sites.google.com/view/cem-lab/", "https://iitpkd.ac.in/people/kdhochak", "https://iitpkd.ac.in/people/kdhochak", "https://iitpkd.ac.in/people/bibhu", "https://iitpkd.ac.in/people/bibhu", "https://iitpkd.ac.in/people/amit", "https://iitpkd.ac.in/people/amit", "https://qicgroup.gitlab.io/index.html", "https://iitpkd.ac.in/people/projjwal", "https://iitpkd.ac.in/people/projjwal", "https://iitpkd.ac.in/people/vishwas", "https://iitpkd.ac.in/people/vishwas", "https://iitpkd.ac.in/people/moumita", "https://iitpkd.ac.in/people/moumita", "https://iitpkd.ac.in/people/mayarani", "https://iitpkd.ac.in/people/mayarani", "https://www.rri.res.in/people/faculty/seshadri-sridhar", "https://www.rri.res.in/people/faculty/seshadri-sridhar", "https://iitpkd.ac.in/people/debarati", "https://iitpkd.ac.in/people/debarati", "https://iitpkd.ac.in/people/swaroop", "https://iitpkd.ac.in/people/swaroop", "former_members.html#former_faculty", "https://iitpkd.ac.in/", "https://cdc.iitpkd.ac.in/", "https://cet.iitpkd.ac.in/", "https://techin-iitpkd.org/", "https://pgadmit.iitpkd.ac.in/", "https://resap.iitpkd.ac.in/", "https://sun.iitpkd.ac.in/", "https://facap.iitpkd.ac.in/", "https://joinus.iitpkd.ac.in/", "https://lms.iitpkd.ac.in/login/index.php", "https://mrbs.iitpkd.ac.in/day.php?year=2022&month=09&day=10&area=5&room=4", "https://library.iitpkd.ac.in/", "https://idp.iitpkd.ac.in/", "https://hpc.iitpkd.ac.in/", "https://cif.iitpkd.ac.in/", "https://iitpkd.ac.in/mitra/", "https://iitpkd.ac.in/elss/", "https://iitpkd.ac.in/help-desk-prospective-girl-students/", "https://iitpkd.ac.in/student-clubs/", "https://support.iitpkd.ac.in/"], "image_link": "images/scholar/suryakanta.jpg", "image_desc": "Research ScholarsOlivia Vincent           Junior Research Fellow  222204005            Suryakanta Pradhan           Junior Research Fellow  222204003         "}