{"page_link": "https://creds-iitpkd.github.io/mds/index.html", "title": "https:--creds-iitpkd.github.io-mds-index.html", "hyperlinks": ["../index.html", "../seminar/index.html", "index.html", "../jobs/index.html", "https://pgadmit.iitpkd.ac.in/?q=node/9", "https://pgadmit.iitpkd.ac.in", "https://iitpkd.ac.in/", "https://iitpkd.ac.in/gallery/inauguration-creds", "CREDS_Logo.pdf", "maps/index.html", "https://www.thehindu.com/news/national/kerala/iit-to-set-up-research-centre-in-data-science/article30877439.ece"], "image_link": "../creds_css/CREDS_logo.png", "image_desc": "https://creds-iitpkd.github.io/mds/index.html     Centre for Research and Education in Data Science     \u00a0 \u00a0 \u00a0   M. Tech in Data Science    Home   Symposium   M.Tech   Jobs         M. Tech in Data Science is a masters degree programme offered by the Centre of Research and Education in Data Science (CREDS) at IIT Palakkad.  A major highlight is that it is interdisciplinary in nature with four engineering streams (CSE, EE, CE, ME) and three science streams (Physics, Math, Humanities & Social Science) participating in the program.   Starting with the July 2020 Semester.   Breadth and Depth of the Curriculum  The curriculum is developed by leading data scientists in the country making it relevant for the current and future requirements of Data Science in industry as well as academic research. Faculty of CREDS comprises of young yet experienced researchers in various fields of data science, artificial intelligence, machine learning, statistics, information theory and several application areas like climatology, traffic engineering, fluid mechanics, data security, econometrics, linguistic, material science etc.   The curriculum contains core and elective courses along with a project spread over four semesters. Core courses will help to develop fundamentals of data science which will include subjects such as Probability-Statistics, Linear Algebra, Data Engineering, Machine Learning, Optimization, Deep Learning, Big data analytics. Whereas electives will cover subjects such as reinforcement learning, econometrics, and various inter disciplinary subjects. All courses will be offered by the experts in the field and associated with the subject at the front line of the global research.    Students will work on a year long  research or development project with the state-of-the-art computational and experimental facilities which will likely lead to publications, patents, products, or software. To achieve expertise in both fields, students will be encouraged to do project on application of data science in their areas of expertise.    The students will get the opportunity to learn data science in a vibrant ecosystem around the area and actively contributing to the front line research.  There will be ample opportunities for the graduates of this program after the program whether it be a PhD at overseas top universities or a job within or outside the country.     Who can apply  Students from various backgrounds can join the program. They will go through foundational training in the first semester, with more depth and breadth in various application areas in the following semesters through electives.   Minimum qualification for admission:  UG degree in Computer Science and Engineering / Information Technology/ Electrical Engineering / Electronics and Communication Engineering/ Instrumentation Engineering/ Civil Engineering/ Agricultural Engineering / Mechanical Engineering / Aerospace Engineering.  Masters in Mathematics /App. Mathematics /Statistics / Operational Research.  M.Sc Physics with project/course in the following topics: (1) Astrophysics and/or Astronomy, (2) Statistical Physics and Condensed Matter, (3) Quantum Information and Quantum Many-Body Theory  GATE qualification in CS / EC / EE / IN/ CE/ AG / ME/ AE / MA / ST / PH for HTTA.    How to Apply Applying for M.Tech program can be done online only.    Apply Online More Information     Imporant Dates    Opening Date 16 March, 2020   Closing Date 15 April, 2020 (23:59 hrs)      Contact: creds [at] iitpkd [dot] ac [dot] in  IIT Palakkad \u00a0*\u00a0 Gallery \u00a0*\u00a0 The CREDS Logo \u00a0*\u00a0 How to Reach \u00a0*\u00a0News Coverage  Maintained by CREDS, IIT Palakkad. "}