{"page_link": "https://physics.iitpkd.ac.in/research.html", "title": "https:--physics.iitpkd.ac.in-research.html", "hyperlinks": ["index.html", "index.html", "people.html", "programs.html", "research.html", "activities.html", "committee.html", "contact.html", "https://iitpkd.ac.in/people/projjwal", "https://iitpkd.ac.in/people/bibhu", "https://iitpkd.ac.in/people/jayakumar", "https://iitpkd.ac.in/people/smanni", "https://iitpkd.ac.in/people/moumita", "https://iitpkd.ac.in/people/kdhochak", "https://iitpkd.ac.in/people/uma", "https://iitpkd.ac.in/people/amit", "https://iitpkd.ac.in/people/prithvi", "https://iitpkd.ac.in/people/prithvi", "https://iitpkd.ac.in/people/vishwas", "https://iitpkd.ac.in/people/debarati", "https://iitpkd.ac.in/people/uma", "https://iitpkd.ac.in/people/amit", "https://www.mdpi.com/1099-4300/24/10/1458", "https://pubs.rsc.org/en/content/articlelanding/2022/sm/d2sm00615d", "https://pubs.rsc.org/en/content/articlelanding/2022/SM/D2SM00077F", "https://pubs.acs.org/doi/abs/10.1021/acs.jpcb.1c08655", "https://pubs.rsc.org/en/content/articlelanding/2022/sm/d1sm01640g/unauth", "https://journals.aps.org/pra/abstract/10.1103/PhysRevA.106.032604", "https://journals.aps.org/pre/abstract/10.1103/PhysRevE.106.024114", "https://journals.aps.org/pra/abstract/10.1103/PhysRevA.105.052421", "https://journals.aps.org/prresearch/abstract/10.1103/PhysRevResearch.4.023035", "https://journals.aps.org/pra/abstract/10.1103/PhysRevA.105.022214", "https://iopscience.iop.org/article/10.1088/1361-6528/ac45c2", "https://quantum-journal.org/papers/q-2022-01-24-632/", "https://link.springer.com/article/10.1007/s43673-022-00048-1", "https://academic.oup.com/mnras/article-abstract/512/4/4948/6522200?redirectedFrom=fulltext", "publications.html", "https://iitpkd.ac.in/", "https://cdc.iitpkd.ac.in/", "https://cet.iitpkd.ac.in/", "https://techin-iitpkd.org/", "https://pgadmit.iitpkd.ac.in/", "https://resap.iitpkd.ac.in/", "https://sun.iitpkd.ac.in/", "https://facap.iitpkd.ac.in/", "https://joinus.iitpkd.ac.in/", "https://lms.iitpkd.ac.in/login/index.php", "https://mrbs.iitpkd.ac.in/day.php?year=2022&month=09&day=10&area=5&room=4", "https://library.iitpkd.ac.in/", "https://idp.iitpkd.ac.in/", "https://hpc.iitpkd.ac.in/", "https://cif.iitpkd.ac.in/", "https://iitpkd.ac.in/mitra/", "https://iitpkd.ac.in/elss/", "https://iitpkd.ac.in/help-desk-prospective-girl-students/", "https://iitpkd.ac.in/student-clubs/", "https://support.iitpkd.ac.in/"], "image_link": "images/scholar/suryakanta.jpg", "image_desc": "Experimental Condensed Matter PhysicsNikhil Joseph Joy           Senior Research Fellow  222004004            Suryakanta Pradhan           Junior Research Fellow  222204003         "}