{"page_link": "https://iitpkd.ac.in/help-desk-prospective-girl-students/", "title": "https:--iitpkd.ac.in-help-desk-prospective-girl-students-", "hyperlinks": ["https://www.facebook.com/iit.palakkad.athena/", "https://iitpkd.ac.in/notifications/btech-admissions-2022-23"], "image_link": "https://iitpkd.ac.in/sites/default/files/styles/profile_page_image/public/pictures/2019-01/krithiks-iitpkd.JPG?itok=tRiGbSuF", "image_desc": "Help Desk for Prospective Girl StudentsDr. Praveena Gangadharan \t\t\tAsst. Professor, Civil Engg. \u00a0 email: praveenag@iitpkd.ac.in   Dr. Krithika Ramaswamy "}