{"page_link": "https://iitpkd.ac.in/help-desk-prospective-girl-students/", "title": "https:--iitpkd.ac.in-help-desk-prospective-girl-students-", "hyperlinks": ["https://www.facebook.com/iit.palakkad.athena/", "https://iitpkd.ac.in/notifications/btech-admissions-2022-23"], "image_link": "https://iitpkd.ac.in/sites/default/files/styles/profile_page_image/public/pictures/2020-10/Shreya%20S%20Prabhu.jpeg?itok=zoUxyFZd", "image_desc": "Help Desk for Prospective Girl StudentsShubhangi Chauhan Mechanical Engineering \t\t\tHometown: Kanpur, Uttar Pradesh   Shreya S Prabhu"}