{"page_link": "https://iitpkd.ac.in/help-desk-prospective-girl-students/", "title": "https:--iitpkd.ac.in-help-desk-prospective-girl-students-", "hyperlinks": ["https://www.facebook.com/iit.palakkad.athena/", "https://iitpkd.ac.in/notifications/btech-admissions-2022-23"], "image_link": "https://iitpkd.ac.in/sites/default/files/styles/profile_page_image/public/pictures/2022-10/Aleena%20Paul.jpg?itok=pM7nGvpz", "image_desc": "Help Desk for Prospective Girl StudentsIndu Sri Chakka Civil Engg Hometown: Kakinada, Andhra Pradesh   Aleena Paul"}