{"page_link": "https://iitpkd.ac.in/help-desk-prospective-girl-students/", "title": "https:--iitpkd.ac.in-help-desk-prospective-girl-students-", "hyperlinks": ["https://www.facebook.com/iit.palakkad.athena/", "https://iitpkd.ac.in/notifications/btech-admissions-2022-23"], "image_link": "https://iitpkd.ac.in/sites/default/files/styles/profile_page_image/public/default_images/default.jpg?itok=16hUH1rJ", "image_desc": "Help Desk for Prospective Girl StudentsHaripriya Civil Engg Hometown: Kollam, Kerala Nisha Pandor Electrical Engg Hometown: Godhra, Gujarat.   Ramisetty Venkata Sathvika  Fathima Mundeth"}