{"page_link": "https://iitpkd.ac.in/gallery/national-science-day", "title": "https:--iitpkd.ac.in-gallery-national-science-day", "hyperlinks": ["https://iitpkd.ac.in/sites/default/files/2023-03/DSC06909.jpg", "https://iitpkd.ac.in/sites/default/files/2023-03/DSC06913.jpg", "https://iitpkd.ac.in/sites/default/files/2023-03/DSC06940.jpg", "https://iitpkd.ac.in/sites/default/files/2023-03/DSC06979.jpg", "https://iitpkd.ac.in/sites/default/files/2023-03/DSC07024.jpg", "https://iitpkd.ac.in/sites/default/files/2023-03/DSC07048.JPG", "https://iitpkd.ac.in/sites/default/files/2023-03/DSC07082.jpg", "https://iitpkd.ac.in/sites/default/files/2023-03/DSC07104.JPG", "https://iitpkd.ac.in/sites/default/files/2023-03/DSC07122.JPG", "https://iitpkd.ac.in/sites/default/files/2023-03/DSC07127.jpg", "https://iitpkd.ac.in/sites/default/files/2023-03/DSC07131.jpg", "https://iitpkd.ac.in/sites/default/files/2023-03/DSC07154.JPG", "https://iitpkd.ac.in/sites/default/files/2023-03/DSC07175.jpg", "https://iitpkd.ac.in/sites/default/files/2023-03/DSC07211.JPG", "https://iitpkd.ac.in/sites/default/files/2023-03/DSC07223.JPG", "https://iitpkd.ac.in/sites/default/files/2023-03/DSC07233.jpg", "https://iitpkd.ac.in/sites/default/files/2023-03/DSC07246.JPG", "https://iitpkd.ac.in/sites/default/files/2023-03/DSC07264.JPG", "https://iitpkd.ac.in/sites/default/files/2023-03/DSC07266.jpg", "https://iitpkd.ac.in/sites/default/files/2023-03/DSC07287.jpg", "https://iitpkd.ac.in/sites/default/files/2023-03/DSC07296.jpg", "https://iitpkd.ac.in/sites/default/files/2023-03/DSC07298.jpg"], "image_link": "iitpkd.ac.in/sites/default/files/styles/gallery_thumb/public/2023-03/DSC07298.jpg?itok=zR-RMrq7", "image_desc": "National Science Day    "}