{"page_link": "https://physics.iitpkd.ac.in/former_members.html#former_faculty", "title": "https:--physics.iitpkd.ac.in-former_members.html#former_faculty", "hyperlinks": ["index.html", "index.html", "people.html", "programs.html", "research.html", "activities.html", "committee.html", "contact.html", "https://physics.iitm.ac.in/~sunil/", "https://physics.iitm.ac.in/~sunil/", "https://physics.iitm.ac.in/manojgopal", "https://physics.iitm.ac.in/manojgopal", "https://iitpkd.ac.in/", "https://cdc.iitpkd.ac.in/", "https://cet.iitpkd.ac.in/", "https://techin-iitpkd.org/", "https://pgadmit.iitpkd.ac.in/", "https://resap.iitpkd.ac.in/", "https://sun.iitpkd.ac.in/", "https://facap.iitpkd.ac.in/", "https://joinus.iitpkd.ac.in/", "https://lms.iitpkd.ac.in/login/index.php", "https://mrbs.iitpkd.ac.in/day.php?year=2022&month=09&day=10&area=5&room=4", "https://library.iitpkd.ac.in/", "https://idp.iitpkd.ac.in/", "https://hpc.iitpkd.ac.in/", "https://cif.iitpkd.ac.in/", "https://iitpkd.ac.in/mitra/", "https://iitpkd.ac.in/elss/", "https://iitpkd.ac.in/help-desk-prospective-girl-students/", "https://iitpkd.ac.in/student-clubs/", "https://support.iitpkd.ac.in/"], "image_link": "images/faculty/white-image.jpg", "image_desc": "Former Faculty Prof. Manoj Gopalakrishnan           (August, 2021 - May, 2022)           Current affliation: IIT Madras            Prof. Manoj Gopalakrishnan           (August, 2021 - May, 2022)           Current affliation: IIT Madras           "}