{"page_link": "https://physics.iitpkd.ac.in/activities.html#outreach_programs", "title": "https:--physics.iitpkd.ac.in-activities.html#outreach_programs", "hyperlinks": ["index.html", "index.html", "people.html", "programs.html", "research.html", "activities.html", "committee.html", "contact.html", "https://iitpkd.ac.in/science-quest-2019", "https://iitpkd.ac.in/events/residential-science-camp-2022-science-quest-and-crystal", "https://iitpkd.ac.in/gallery/national-science-day", "https://iitpkd.ac.in/news/day-7-science-quest-and-crystal-fun-physics", "https://iitpkd.ac.in/gallery/national-science-day", "seminars.html#past_seminars", "", "seminars.html#past_symposiums", "https://iitpkd.ac.in/", "https://cdc.iitpkd.ac.in/", "https://cet.iitpkd.ac.in/", "https://techin-iitpkd.org/", "https://pgadmit.iitpkd.ac.in/", "https://resap.iitpkd.ac.in/", "https://sun.iitpkd.ac.in/", "https://facap.iitpkd.ac.in/", "https://joinus.iitpkd.ac.in/", "https://lms.iitpkd.ac.in/login/index.php", "https://mrbs.iitpkd.ac.in/day.php?year=2022&month=09&day=10&area=5&room=4", "https://library.iitpkd.ac.in/", "https://idp.iitpkd.ac.in/", "https://hpc.iitpkd.ac.in/", "https://cif.iitpkd.ac.in/", "https://iitpkd.ac.in/mitra/", "https://iitpkd.ac.in/elss/", "https://iitpkd.ac.in/help-desk-prospective-girl-students/", "https://iitpkd.ac.in/student-clubs/", "https://support.iitpkd.ac.in/"], "image_link": "images/design/iitpkd_header.jpg", "image_desc": "https://physics.iitpkd.ac.in/activities.html#outreach_programs    HOME PEOPLE PROGRAMS RESEARCH ACTIVITIES COMMITTEE CONTACT US      Outreach Programs        The Department of Physics at IIT Palakkad is actively involved in the science       outreach initiatives of the Institute. Some of the activities are as follows.     "}