{"page_link": "https://joinus.iitpkd.ac.in", "title": "https:--joinus.iitpkd.ac.in", "hyperlinks": ["#main-content", "/", "/", "/user/login", "#", "/", "/forms-by-program/CurrentOpenings", "/important-dates", "/how-to-apply", "/old-notifications", "/faq", "/contact/contact_us", "/old-website", "/test-results", "/updates", "/sites/staff-recruitment.iitp-portal.local/files/2023-03/ActionTakenonRepresentationARRecctToWebsite23032023.pdf", "/sites/staff-recruitment.iitp-portal.local/files/2023-03/FinalShortlistARecctToWebsite23032023.pdf", "/sites/staff-recruitment.iitp-portal.local/files/2023-03/SelectionProcessSyllabusARRecctToWebsite23032023.pdf", "/sites/staff-recruitment.iitp-portal.local/files/2023-03/ARShortlistCriteriaTowebsite17032023.pdf", "/sites/staff-recruitment.iitp-portal.local/files/2023-03/AREligibleNoneligibleCandidateListToWebsite17032023.pdf", "https://docs.google.com/forms/d/e/1FAIpQLScg44V4Zemn6hB9DaNbi3LnJJFPxwgYHrFS859kTKybW3b0Xw/viewform?usp=sf_link", "/sites/staff-recruitment.iitp-portal.local/files/2023-03/ActionTakenStaffNurseRecctRepresentationToWebsite06032023.pdf", "/sites/staff-recruitment.iitp-portal.local/files/2023-03/StaffNurseFinalShortlistToWebsite06032023.pdf", "/sites/staff-recruitment.iitp-portal.local/files/2023-03/StaffNurseRecctSelectionProcessSyllabusToWebsite06032023.pdf", "/updates-advt-no-iitpkdrnf03202221122022", "/updates-advt-no-iitpkdrnf03202221122022", "/updates-advt-no-iitpkdrnf03202221122022", "/updates-advt-no-iitpkdrnf03202221122022", "/updateiitpkdrnf022022", "/updateiitpkdrnf022022", "sites/staff-recruitment.iitp-portal.local/files/2022-12/IITPKD_R_NF_03_2022_Recruitment%20Notification_Non-Academic%20posts.pdf", "/sites/staff-recruitment.iitp-portal.local/files/2022-05/RecruitmentNotification-Modified27052022.pdf", "/list-shortlisted-candidates-post-registrar-deputation", "https://joinus.iitpkd.ac.in/sites/staff-recruitment.iitp-portal.local/files/2022-03/Results-toWebStaff%20Recruitment14032022.pdf", "https://iitpkd.ac.in/sites/default/files/2022-02/Notification_Recruitment_Feb2022_0.pdf", "/updates-level-3-skill-test-all-posts", "/updates-level-3-skill-test-all-posts", "/updates-advt-no-iitpkdrm012021-dated-02-june-2021", "/", "https://mail.google.com/a/iitpkd.ac.in", "https://iitpkd.ac.in/events", "https://iitpkd.ac.in/newsletter", "https://iitpkd.ac.in/purchase-procedure-and-annexures", "https://iitpkd.ac.in/downloadable-forms-only-employess", "https://iitpkd.ac.in/circular", "https://iitpkd.ac.in/anti-ragging", "https://iitpkd.ac.in/tadp1", "https://iitpkd.ac.in/internal-cconcbd", "https://iitpkd.ac.in/internal-complaints-committee-sexual-harassment", "https://iitpkd.ac.in/internal-complaints-committee-sexual-harassment", "https://iitpkd.ac.in/join-us", "/user/login", "https://support.iitpkd.ac.in/", "https://sites.google.com/iitpkd.ac.in/iitpalakkad/telephone-directory", "https://mrbs.iitpkd.ac.in/", "https://lms.iitpkd.ac.in/", "http://192.168.1.17/", "https://cdc.iitpkd.ac.in/", "https://icsr.iitpkd.ac.in/", "https://records.iitpkd.ac.in/", "https://records.iitpkd.ac.in/", "https://idp.iitpkd.ac.in/", "mailto:netadmin@iitpkd.ac.in"], "image_link": "https://joinus.iitpkd.ac.in/themes/custom/iitpkd_dxpr_theme/iitplogo.png", "image_desc": "https://joinus.iitpkd.ac.in    Staff Recruitment Portal           Search Search        Sign In          Toggle menu        Home   Current Openings   Important Dates   How to Apply   Notification   FAQ   Contact Us   Old Portal   Test Results   Updates              \u00a0"}