{"page_link": "https://joinus.iitpkd.ac.in/updates-advt-no-iitpkdrnf03202221122022", "title": "https:--joinus.iitpkd.ac.in-updates-advt-no-iitpkdrnf03202221122022", "hyperlinks": ["#main-content", "/", "/", "/user/login", "#", "/", "/forms-by-program/CurrentOpenings", "/important-dates", "/how-to-apply", "/old-notifications", "/faq", "/contact/contact_us", "/old-website", "/test-results", "/updates", "/sites/staff-recruitment.iitp-portal.local/files/2023-03/ActionTakenStaffNurseRecctRepresentationToWebsite06032023.pdf", "/sites/staff-recruitment.iitp-portal.local/files/2023-03/StaffNurseFinalShortlistToWebsite06032023.pdf", "/sites/staff-recruitment.iitp-portal.local/files/2023-03/StaffNurseRecctSelectionProcessSyllabusToWebsite06032023.pdf", "/sites/staff-recruitment.iitp-portal.local/files/2023-03/StaffNurseFinalShortlistToWebsite06032023.pdf", "/sites/staff-recruitment.iitp-portal.local/files/2023-02/StaffNurseEligibleNoneligibleCandidateListToWebsite22022023.pdf", "https://docs.google.com/forms/d/e/1FAIpQLSdmjIebq88GapQoKDxw5mbGybVeOb2m5Gva4pUTSeOoTwJIcg/viewform", "/sites/staff-recruitment.iitp-portal.local/files/2023-02/ActionTakenReportRepresentationsMedicalOfficerRecruitmentToWebsite09022023.pdf", "/sites/staff-recruitment.iitp-portal.local/files/2023-02/MOShortlistedCandidateListToWebsite09022023.pdf", "/sites/staff-recruitment.iitp-portal.local/files/2023-02/MedicalOfficerEligibleNonEligibleCandidatesListWeb322023.pdf", "/sites/staff-recruitment.iitp-portal.local/files/2023-02/MedicalOfficerRectSyllabusExamDateWeb322023.pdf", "/", "https://mail.google.com/a/iitpkd.ac.in", "https://iitpkd.ac.in/events", "https://iitpkd.ac.in/newsletter", "https://iitpkd.ac.in/purchase-procedure-and-annexures", "https://iitpkd.ac.in/downloadable-forms-only-employess", "https://iitpkd.ac.in/circular", "https://iitpkd.ac.in/anti-ragging", "https://iitpkd.ac.in/tadp1", "https://iitpkd.ac.in/internal-cconcbd", "https://iitpkd.ac.in/internal-complaints-committee-sexual-harassment", "https://iitpkd.ac.in/internal-complaints-committee-sexual-harassment", "https://iitpkd.ac.in/join-us", "/user/login", "https://support.iitpkd.ac.in/", "https://sites.google.com/iitpkd.ac.in/iitpalakkad/telephone-directory", "https://mrbs.iitpkd.ac.in/", "https://lms.iitpkd.ac.in/", "http://192.168.1.17/", "https://cdc.iitpkd.ac.in/", "https://icsr.iitpkd.ac.in/", "https://records.iitpkd.ac.in/", "https://records.iitpkd.ac.in/", "https://idp.iitpkd.ac.in/", "mailto:netadmin@iitpkd.ac.in"], "image_link": "joinus.iitpkd.ac.in/themes/custom/iitpkd_dxpr_theme/iitplogo.png", "image_desc": "https://joinus.iitpkd.ac.in/updates-advt-no-iitpkdrnf03202221122022    Staff Recruitment Portal           Search Search        Sign In          Toggle menu        Home   Current Openings   Important Dates   How to Apply   Notification   FAQ   Contact Us   Old Portal   Test Results   Updates             Updates on Advt. No.: IITPKD/R/NF/03/2022 dated 21 Dec, 2022               Published on\u00a0 Tue Mar 31 2023, 13:30:00 IST "}