{"page_link": "https://sac.iitpkd.ac.in:8090/sports", "title": "https:--sac.iitpkd.ac.in:8090-sports", "hyperlinks": ["#main-content", "/", "/", "/academic", "/PostGraduation", "/pg", "/research", "/technical", "/cultural", "/hostel", "/sports", "/more", "/news", "/contacts", "/gallery", "/petrichor", "/walloffame", "/contributors", "https://sites.google.com/iitpkd.ac.in/iitpalakkad/telephone-directory", "/downloads", "mailto:sec_sports@smail.iitpkd.ac.in", "https://www.facebook.com/iitpkd/", "https://www.facebook.com/iitpkd/", "https://www.instagram.com/sports_iit_pkd/", "https://www.instagram.com/sports_iit_pkd/", "https://www.facebook.com/IITPLKD/", "https://twitter.com/PalakkadIIT", "https://in.linkedin.com/school/iitpkd/"], "image_link": "sac.iitpkd.ac.in:8090/sites/default/files/inline-images/Sports_secretary.jpeg", "image_desc": "Main navigation Home   Academics   PG/Research   PG   Research     Technical   Cultural   Hostel   Sports   More   News   Contacts   Gallery   Petrichor   Wall of Fame   Contributors   Telephone directory   Downloads            Secretary, Sports Affairs    PG   Research    Technical   Cultural   Hostel   Sports   More   News   Contacts   Gallery   Petrichor   Wall of Fame   Contributors   Telephone directory   Downloads            Secretary, Sports Affairs  \u00a0 \u00a0 \u00a0 \u00a0 \u00a0 \u00a0 \u00a0 \u00a0 \u00a0 \u00a0Nellibanda Sai Ganesh \u00a0 \u00a0 \u00a0 \u00a0 \u00a0Email: sec_sports@smail.iitpkd.ac.in"}