{"page_link": "https://sac.iitpkd.ac.in:8090/walloffame", "title": "https:--sac.iitpkd.ac.in:8090-walloffame", "hyperlinks": ["#main-content", "/", "/", "/academic", "/PostGraduation", "/pg", "/research", "/technical", "/cultural", "/hostel", "/sports", "/more", "/news", "/contacts", "/gallery", "/petrichor", "/walloffame", "/contributors", "https://sites.google.com/iitpkd.ac.in/iitpalakkad/telephone-directory", "/downloads", "https://www.facebook.com/IITPLKD/", "https://twitter.com/PalakkadIIT", "https://in.linkedin.com/school/iitpkd/"], "image_link": "sac.iitpkd.ac.in:8090/sites/default/files/Untitled-1.png", "image_desc": "https://sac.iitpkd.ac.in:8090/walloffame      Main navigation   Home   Academics   PG/Research   PG   Research     Technical   Cultural   Hostel   Sports   More   News   Contacts   Gallery   Petrichor   Wall of Fame   Contributors   Telephone directory   Downloads                                          Wall of Fame Our honorary secretaries of the previous years \u00a0"}