{"page_link": "https://sac.iitpkd.ac.in:8090/contributors", "title": "https:--sac.iitpkd.ac.in:8090-contributors", "hyperlinks": ["#main-content", "/", "/", "/academic", "/PostGraduation", "/pg", "/research", "/technical", "/cultural", "/hostel", "/sports", "/more", "/news", "/contacts", "/gallery", "/petrichor", "/walloffame", "/contributors", "https://sites.google.com/iitpkd.ac.in/iitpalakkad/telephone-directory", "/downloads", "https://www.facebook.com/IITPLKD/", "https://twitter.com/PalakkadIIT", "https://in.linkedin.com/school/iitpkd/"], "image_link": "sac.iitpkd.ac.in:8090/sites/default/files/inline-images/MyPic.jpg", "image_desc": "Main navigation\u00a0\u00a0 Contributors Developer and SAC portal in-charge R K Raj Surya "}