{"page_link": "https://sac.iitpkd.ac.in:8090/downloads", "title": "https:--sac.iitpkd.ac.in:8090-downloads", "hyperlinks": ["#main-content", "/", "/", "/academic", "/PostGraduation", "/pg", "/research", "/technical", "/cultural", "/hostel", "/sports", "/more", "/news", "/contacts", "/gallery", "/petrichor", "/walloffame", "/contributors", "https://sites.google.com/iitpkd.ac.in/iitpalakkad/telephone-directory", "/downloads", "https://sac.iitpkd.ac.in:8090/sites/default/files/2020-07/FAQ%20on%20August-December%202020%20semester_0.pdf", "https://sac.iitpkd.ac.in:8090/sites/default/files/2020-06/IITPKD%20on%20coursera_0.pdf", "https://sac.iitpkd.ac.in:8090/sites/default/files/2020-05/StudentCodeofConduct%20.pdf", "https://sac.iitpkd.ac.in:8090/sites/default/files/2022-11/saclogo.pdf", "https://www.facebook.com/IITPLKD/", "https://twitter.com/PalakkadIIT", "https://in.linkedin.com/school/iitpkd/"], "image_link": "sac.iitpkd.ac.in:8090/sites/default/files/Untitled-1.png", "image_desc": "https://sac.iitpkd.ac.in:8090/downloads      Main navigation   Home   Academics   PG/Research   PG   Research     Technical   Cultural   Hostel   Sports   More   News   Contacts   Gallery   Petrichor   Wall of Fame   Contributors   Telephone directory   Downloads                                           Downloads    FAQ on August-December 2020 semester_0.pdf    IITPKD on coursera_0.pdf    StudentCodeofConduct .pdf    saclogo.pdf                                        "}