{"page_link": "https://sac.iitpkd.ac.in:8090/node/74", "title": "https:--sac.iitpkd.ac.in:8090-node-74", "hyperlinks": ["#main-content", "/", "/", "/academic", "/PostGraduation", "/pg", "/research", "/technical", "/cultural", "/hostel", "/sports", "/more", "/news", "/contacts", "/gallery", "/petrichor", "/walloffame", "/contributors", "https://sites.google.com/iitpkd.ac.in/iitpalakkad/telephone-directory", "/downloads", "https://drive.google.com/file/d/1AKNmjvruQ7oyaFCnFUEimVujSWxkryfb/view", "mailto:132001003@smail.iitpkd.ac.in", "mailto:121901010@smail.iitpkd.ac.in", "mailto:112001040@smail.iitpkd.ac.in", "mailto:102001011@smail.iitpkd.ac.in", "mailto:112001042@smail.iitpkd.ac.in", "mailto:101901016@smail.iitpkd.ac.in", "mailto:111901039@smail.iitpkd.ac.in", "https://iitpkd.ac.in/help-desk-prospective-girl-students", "/node", "/node/75", "https://www.facebook.com/IITPLKD/", "https://twitter.com/PalakkadIIT", "https://in.linkedin.com/school/iitpkd/"], "image_link": "sac.iitpkd.ac.in:8090/sites/default/files/inline-images/IMG_20210903_102121.jpg", "image_desc": "Main navigation3) Shubhang Kedia from Computer Science and Engineering Department Email: 112001040@smail.iitpkd.ac.in - Phone: +919569591920  4) Himanshu Kumar from Civil Engineering Department"}