{"page_link": "https://iitpkd.ac.in/help-desk-prospective-girl-students", "title": "https:--iitpkd.ac.in-help-desk-prospective-girl-students", "hyperlinks": ["https://www.facebook.com/iit.palakkad.athena/", "https://iitpkd.ac.in/notifications/btech-admissions-2022-23"], "image_link": "https://iitpkd.ac.in/sites/default/files/styles/profile_page_image/public/pictures/2019-09/DSC_0147_1.jpg?itok=GSvJwXwm", "image_desc": "Help Desk for Prospective Girl StudentsDr. Sneha Gajbhiye Asst. Professor, Electrical Engg.  \t\t\tMobile: +91-9960727633 \t\t\tEmail:snehagajbhiye@iitpkd.ac.in   Dr. C.V. Veena Venudharan"}