{"page_link": "https://iitpkd.ac.in/help-desk-prospective-girl-students", "title": "https:--iitpkd.ac.in-help-desk-prospective-girl-students", "hyperlinks": ["https://www.facebook.com/iit.palakkad.athena/", "https://iitpkd.ac.in/notifications/btech-admissions-2022-23"], "image_link": "https://iitpkd.ac.in/sites/default/files/styles/profile_page_image/public/pictures/2018-04/DSC_1100.jpg?itok=KA6l-4xj", "image_desc": "Help Desk for Prospective Girl StudentsDr. C.V. Veena Venudharan Asst. Professor Civil Engineering  \t\t\tMobile: +91-9434357591 \t\t\tEmail:veena@iitpkd.ac.in \u00a0 \u00a0 \u00a0 \u00a0   Dr. Praveena Gangadharan \t\t\tAsst. Professor, Civil Engg."}