{"page_link": "https://iitpkd.ac.in/help-desk-prospective-girl-students", "title": "https:--iitpkd.ac.in-help-desk-prospective-girl-students", "hyperlinks": ["https://www.facebook.com/iit.palakkad.athena/", "https://iitpkd.ac.in/notifications/btech-admissions-2022-23"], "image_link": "https://iitpkd.ac.in/sites/default/files/styles/profile_page_image/public/pictures/2020-06/photo.jpg?itok=_nx4SSoO", "image_desc": "Help Desk for Prospective Girl StudentsDr. Dinesh Setti Asst. Professor Mechanical Engineering              Mobile: 9711667502             Email:dinesh@iitpkd.ac.in              -->  Dr. Pramod Kuntikana \t\t\tAssistant Professor, \t\t\tMechanical Engineering"}