{"page_link": "https://iitpkd.ac.in/help-desk-prospective-girl-students", "title": "https:--iitpkd.ac.in-help-desk-prospective-girl-students", "hyperlinks": ["https://www.facebook.com/iit.palakkad.athena/", "https://iitpkd.ac.in/notifications/btech-admissions-2022-23"], "image_link": "https://iitpkd.ac.in/sites/default/files/styles/profile_page_image/public/pictures/2022-10/Thanmayee.jpg?itok=oWHWUV21", "image_desc": "Help Desk for Prospective Girl StudentsDr. Pramod Kuntikana \t\t\tAssistant Professor, \t\t\tMechanical Engineering \u00a0 Mobile: +91-7756889946 \t\t\temail: pramodkuntikana@iitpkd.ac.in  To talk to any of our students, send an email to jeew.helpdesk@iitpkd.ac.in with 1. your name and your phone number, \t\t\t2. your query and \t\t\t3. (optional) name of the student you wish to talk to. One of our volunteers will respond to your query as soon as possible.  \u00a0 \u00a0 \u00a0 \u00a0   Gunja Thanmayee \t\t\tComputer Science and Engg. \t\t\tHometown: Hyderabad, Telangana"}