{"page_link": "https://iitpkd.ac.in/help-desk-prospective-girl-students", "title": "https:--iitpkd.ac.in-help-desk-prospective-girl-students", "hyperlinks": ["https://www.facebook.com/iit.palakkad.athena/", "https://iitpkd.ac.in/notifications/btech-admissions-2022-23"], "image_link": "https://iitpkd.ac.in/sites/default/files/styles/profile_page_image/public/pictures/2022-10/Sai%20Sree.jpg?itok=Ehy4PV65", "image_desc": "Help Desk for Prospective Girl StudentsMaaya R.Srivatsav Computer Science and Engg. \t\t\tHometown: Chennai,Tamil Nadu  Sai Sree \t\t\tElectrical Engg \t\t\tHometown: Suryapet, Telangana \u00a0 \u00a0 \u00a0 \u00a0  Shefali Shekhar \t\t\tElectrical Engg \t\t\tHometown: Patna, Bihar  D. Sai Rishitha \t\t\tElectrical Engg \t\t\tHometown: Wanaparthy, Telangana \u00a0 \u00a0 \u00a0 \u00a0   Rithika Gangishetty Electrical Engg \t\t\tHometown: Mulugu, Telangana"}