{"page_link": "https://iitpkd.ac.in/help-desk-prospective-girl-students", "title": "https:--iitpkd.ac.in-help-desk-prospective-girl-students", "hyperlinks": ["https://www.facebook.com/iit.palakkad.athena/", "https://iitpkd.ac.in/notifications/btech-admissions-2022-23"], "image_link": "https://iitpkd.ac.in/sites/default/files/2021-10/Mannam%20Sree%20Keerthi.jpg", "image_desc": "Help Desk for Prospective Girl StudentsAiswarya C S Electrical Engg \t\t\tHometown: Ernakulam, Kerala  Mannam Sree Keerthi \t\t\tElectrical Engg \t\t\tHometown: Vijayawada, Andhra Pradesh \u00a0 \u00a0 \u00a0 \u00a0   Nandam Sreevidya"}