{"page_link": "https://iitpkd.ac.in/help-desk-prospective-girl-students", "title": "https:--iitpkd.ac.in-help-desk-prospective-girl-students", "hyperlinks": ["https://www.facebook.com/iit.palakkad.athena/", "https://iitpkd.ac.in/notifications/btech-admissions-2022-23"], "image_link": "iitpkd.ac.in/sites/default/files/inline-images/Keerthana%2C%20Mechanical.jpg", "image_desc": "Help Desk for Prospective Girl StudentsTejswati Mechanical Engg. \t\t\tHometown: Manikpur chowk, Madhepura, Bihar \u00a0 \u00a0 \u00a0 \u00a0   Keerthana"}