{"page_link": "https://iitpkd.ac.in/help-desk-prospective-girl-students", "title": "https:--iitpkd.ac.in-help-desk-prospective-girl-students", "hyperlinks": ["https://www.facebook.com/iit.palakkad.athena/", "https://iitpkd.ac.in/notifications/btech-admissions-2022-23"], "image_link": "https://iitpkd.ac.in/sites/default/files/2021-10/Indu%20Civil2.jpg", "image_desc": "Help Desk for Prospective Girl StudentsAkshitha Vojjala Mechanical Engineering \t\t\tHometown: Mancherial District, Telangana   Indu Sri Chakka"}