{"page_link": "https://sac.iitpkd.ac.in:8090/node", "title": "https:--sac.iitpkd.ac.in:8090-node", "hyperlinks": ["#main-content", "/", "/", "/academic", "/PostGraduation", "/pg", "/research", "/technical", "/cultural", "/hostel", "/sports", "/more", "/news", "/contacts", "/gallery", "/petrichor", "/walloffame", "/contributors", "https://sites.google.com/iitpkd.ac.in/iitpalakkad/telephone-directory", "/downloads", "/news", "/news", "/news", "/sites/default/files/inline-files/Constitution_edited.pdf", "/node/75", "/node/75", "/node/74", "https://drive.google.com/file/d/1AKNmjvruQ7oyaFCnFUEimVujSWxkryfb/view", "/node/74", "/node/73", "/node/73", "/node/72", "/node/72", "/node/70", "/node/70", "/node/69", "/node/69", "/node?q=node&page=1", "https://sac.iitpkd.ac.in:8090/rss.xml", "https://en.wikipedia.org/wiki/Millet", "mailto:deanstudents@iitpkd.ac.in", "mailto:samuel@iitpkd.ac.in", "https://www.tinyurl.com/sac-iitpkd-feedback", "mailto:gen_sec@smail.iitpkd.ac.in", "mailto:sec_acad@smail.iitpkd.ac.in", "mailto:sec_tech@smail.iitpkd.ac.in", "mailto:sec_sports@smail.iitpkd.ac.in", "mailto:sec_arts@smail.iitpkd.ac.in", "mailto:sec_hostel@smail.iitpkd.ac.in", "mailto:sec_pg@smail.iitpkd.ac.in", "http://iitpkd.ac.in", "https://www.facebook.com/IITPLKD/", "https://twitter.com/PalakkadIIT", "https://in.linkedin.com/school/iitpkd/"], "image_link": "sac.iitpkd.ac.in:8090/sites/default/files/inline-images/Samuel1.jpg", "image_desc": "Office of the Dean \u00a0S Samuel Advisor (Student Matters) Email: samuel@iitpkd.ac.in"}