{"page_link": "https://sac.iitpkd.ac.in:8090/node/69", "title": "https:--sac.iitpkd.ac.in:8090-node-69", "hyperlinks": ["#main-content", "/", "/", "/academic", "/PostGraduation", "/pg", "/research", "/technical", "/cultural", "/hostel", "/sports", "/more", "/news", "/contacts", "/gallery", "/petrichor", "/walloffame", "/contributors", "https://sites.google.com/iitpkd.ac.in/iitpalakkad/telephone-directory", "/downloads", "https://www.facebook.com/IITPLKD/", "https://twitter.com/PalakkadIIT", "https://in.linkedin.com/school/iitpkd/"], "image_link": "sac.iitpkd.ac.in:8090/sites/default/files/Untitled-1.png", "image_desc": "https://sac.iitpkd.ac.in:8090/node/69      Main navigation   Home   Academics   PG/Research   PG   Research     Technical   Cultural   Hostel   Sports   More   News   Contacts   Gallery   Petrichor   Wall of Fame   Contributors   Telephone directory   Downloads                                          The basic idea is to make people interact, present their analysis by making best predictions and discussing the game of cricket with fellow IITpkd mates. Please note that their is no betting inolved, free to join and planned solely for entertainment purpose."}