{"page_link": "https://sac.iitpkd.ac.in:8090/node?q=node&page=1", "title": "https:--sac.iitpkd.ac.in:8090-node?q=node&page=1", "hyperlinks": ["#main-content", "/", "/", "/academic", "/PostGraduation", "/pg", "/research", "/technical", "/cultural", "/hostel", "/sports", "/more", "/news", "/contacts", "/gallery", "/petrichor", "/walloffame", "/contributors", "https://sites.google.com/iitpkd.ac.in/iitpalakkad/telephone-directory", "/downloads", "/news", "/news", "/news", "/sites/default/files/inline-files/Constitution_edited.pdf", "/node/68", "/node/68", "/node/67", "/node/67", "/node/66", "/node/66", "/node/65", "/node/65", "/node/64", "/node/64", "/node/63", "/node/63", "/node?q=node&page=0", "/node?q=node&page=2", "https://sac.iitpkd.ac.in:8090/rss.xml", "https://en.wikipedia.org/wiki/Millet", "mailto:deanstudents@iitpkd.ac.in", "mailto:samuel@iitpkd.ac.in", "https://www.tinyurl.com/sac-iitpkd-feedback", "mailto:gen_sec@smail.iitpkd.ac.in", "mailto:sec_acad@smail.iitpkd.ac.in", "mailto:sec_tech@smail.iitpkd.ac.in", "mailto:sec_sports@smail.iitpkd.ac.in", "mailto:sec_arts@smail.iitpkd.ac.in", "mailto:sec_hostel@smail.iitpkd.ac.in", "mailto:sec_pg@smail.iitpkd.ac.in", "http://iitpkd.ac.in", "https://www.facebook.com/IITPLKD/", "https://twitter.com/PalakkadIIT", "https://in.linkedin.com/school/iitpkd/"], "image_link": "https://sac.iitpkd.ac.in:8090/sites/default/files/instituteday.jpg", "image_desc": "Main navigation Academics   PG/Research   PG   Research     Technical   Cultural   Hostel   Sports   More   News   Contacts   Gallery   Petrichor   Wall of Fame   Contributors   Telephone directory   Downloads          PG   Research    Technical   Cultural   Hostel   Sports   More   News   Contacts   Gallery   Petrichor   Wall of Fame   Contributors   Telephone directory   Downloads        "}