{"page_link": "https://sac.iitpkd.ac.in:8090/node?q=node&page=3", "title": "https:--sac.iitpkd.ac.in:8090-node?q=node&page=3", "hyperlinks": ["#main-content", "/", "/", "/academic", "/PostGraduation", "/pg", "/research", "/technical", "/cultural", "/hostel", "/sports", "/more", "/news", "/contacts", "/gallery", "/petrichor", "/walloffame", "/contributors", "https://sites.google.com/iitpkd.ac.in/iitpalakkad/telephone-directory", "/downloads", "/news", "/news", "/news", "/sites/default/files/inline-files/Constitution_edited.pdf", "/node/56", "/node/56", "/node/55", "/node/55", "/node/54", "/node/54", "/node/53", "/node/53", "/node/52", "/node/52", "/node/51", "/node/51", "/node?q=node&page=2", "/node?q=node&page=4", "https://sac.iitpkd.ac.in:8090/rss.xml", "https://en.wikipedia.org/wiki/Millet", "mailto:deanstudents@iitpkd.ac.in", "mailto:samuel@iitpkd.ac.in", "https://www.tinyurl.com/sac-iitpkd-feedback", "mailto:gen_sec@smail.iitpkd.ac.in", "mailto:sec_acad@smail.iitpkd.ac.in", "mailto:sec_tech@smail.iitpkd.ac.in", "mailto:sec_sports@smail.iitpkd.ac.in", "mailto:sec_arts@smail.iitpkd.ac.in", "mailto:sec_hostel@smail.iitpkd.ac.in", "mailto:sec_pg@smail.iitpkd.ac.in", "http://iitpkd.ac.in", "https://www.facebook.com/IITPLKD/", "https://twitter.com/PalakkadIIT", "https://in.linkedin.com/school/iitpkd/"], "image_link": "https://sac.iitpkd.ac.in:8090/sites/default/files/cover_transit_academic_block.jpg", "image_desc": " "}