{"page_link": "https://sac.iitpkd.ac.in:8090/node?q=node&page=3", "title": "https:--sac.iitpkd.ac.in:8090-node?q=node&page=3", "hyperlinks": ["#main-content", "/", "/", "/academic", "/PostGraduation", "/pg", "/research", "/technical", "/cultural", "/hostel", "/sports", "/more", "/news", "/contacts", "/gallery", "/petrichor", "/walloffame", "/contributors", "https://sites.google.com/iitpkd.ac.in/iitpalakkad/telephone-directory", "/downloads", "/news", "/news", "/news", "/sites/default/files/inline-files/Constitution_edited.pdf", "/node/56", "/node/56", "/node/55", "/node/55", "/node/54", "/node/54", "/node/53", "/node/53", "/node/52", "/node/52", "/node/51", "/node/51", "/node?q=node&page=2", "/node?q=node&page=4", "https://sac.iitpkd.ac.in:8090/rss.xml", "https://en.wikipedia.org/wiki/Millet", "mailto:deanstudents@iitpkd.ac.in", "mailto:samuel@iitpkd.ac.in", "https://www.tinyurl.com/sac-iitpkd-feedback", "mailto:gen_sec@smail.iitpkd.ac.in", "mailto:sec_acad@smail.iitpkd.ac.in", "mailto:sec_tech@smail.iitpkd.ac.in", "mailto:sec_sports@smail.iitpkd.ac.in", "mailto:sec_arts@smail.iitpkd.ac.in", "mailto:sec_hostel@smail.iitpkd.ac.in", "mailto:sec_pg@smail.iitpkd.ac.in", "http://iitpkd.ac.in", "https://www.facebook.com/IITPLKD/", "https://twitter.com/PalakkadIIT", "https://in.linkedin.com/school/iitpkd/"], "image_link": "sac.iitpkd.ac.in:8090/sites/default/files/inline-images/millets1_r_0.jpg", "image_desc": "\u00a0\u00a0\u00a0\u00a0\u00a0\u00a0\u00a0\u00a0\u00a0\u00a0\u00a0\u00a0\u00a0\u00a0\u00a0 \u00a0 \u00a0 \u00a0 \u00a0 \u00a0 \u00a0 \u00a0 \u00a0\u00a0 The Student Affairs Council (SAC) of IIT Palakkad, established in 2016, is the supreme student-body council which takes all the pivotal decisions, in association with the institute, and suggests policies whenever necessitated, concerning the welfare of the whole of the student community of IIT Palakkad. The SAC, headed by the General Secretary, consists of eight student-elected representatives who passionately work together towards transcending the institute in a plethora of fields and enhancing the student life at the institute. With the aforementioned view, SAC consistently promotes the objectives of fostering curricular, co-curricular and extracurricular activities for the holistic development of the students of IIT Palakkad. SAC is an indispensable part of our institute and has been instrumental to the growth and development of the institute since its inception. STUDENT CONSTITUTION                                    Fit India Freedom Run     As part of the celebrations for 75 years of India's Independence we have to conduct various fitness related activities. This program will go on from 13-August-2021 till 02-Oct-2021. This will be a group activity where activity by each person will count towards the set target.  Read more about Fit India Freedom Run        Industry Academia Conclave     Industry Academia Conclave was organized with the vision to bring various industry delegates to our institute where both faculty and students can interact and get to know what is currently being pursued in various industries.  Read more about Industry Academia Conclave        Documentary Case Study Competition by Akshar     Whenever we watch a web series or complete a movie, we cannot stop ourselves from sharing the review with our friends and we all love doing that. Akshar gave students the opportunity to do so with this competition where a small documentary (15-20 mins) was broadcasted live to the participants over google meet and then students had to answer questions via a google form.  Read more about Documentary Case Study Competition by Akshar        Pencil Drawing Competition by Grafica, Arts Club     Grafica had conducted a pencil drawing competition in the online mode. Besides three winning entries, two other entries were also given notable mentions owing to the tough competition  Read more about Pencil Drawing Competition by Grafica, Arts Club        Battle of Bands Live Stream on YouTube followed by live perfomance from V Minor Band     The Battle of Bands competition is the flagship event organised by Vadya where 4 or more teams or bands compete with each other. This time, because of COVID, the bands had made recordings of their perfomance and all bands' perfomance was streamed live on 31st of July. The judges for this event were musicians from the band V Minor.They also gave a live performance at the end of the stream and also gave the results thereafter.  Read more about Battle of Bands Live Stream on YouTube followed by live perfomance from V Minor Band        LOGORITHMIC     This was a design competition held under the Inter IIT Tech Symphony, the collaboration of the technical councils of 13 different IITs.  Read more about LOGORITHMIC      Pagination    Previous page \u2039 Previous              Page 4           Next page Next \u203a        Subscribe to Home               Millet: a less known superfood  Being rich in minerals, dietary fibers and antioxidants makes Millet a very important superfood but due to lack of awareness, it is not a major component of the staple Indian diet. Click here to learn more about this superfood."}