{"page_link": "https://sac.iitpkd.ac.in:8090/node/52", "title": "https:--sac.iitpkd.ac.in:8090-node-52", "hyperlinks": ["#main-content", "/", "/", "/academic", "/PostGraduation", "/pg", "/research", "/technical", "/cultural", "/hostel", "/sports", "/more", "/news", "/contacts", "/gallery", "/petrichor", "/walloffame", "/contributors", "https://sites.google.com/iitpkd.ac.in/iitpalakkad/telephone-directory", "/downloads", "https://www.facebook.com/IITPLKD/", "https://twitter.com/PalakkadIIT", "https://in.linkedin.com/school/iitpkd/"], "image_link": "sac.iitpkd.ac.in:8090/sites/default/files/Untitled-1.png", "image_desc": "https://sac.iitpkd.ac.in:8090/node/52      Main navigation   Home   Academics   PG/Research   PG   Research     Technical   Cultural   Hostel   Sports   More   News   Contacts   Gallery   Petrichor   Wall of Fame   Contributors   Telephone directory   Downloads                                          The Battle of Bands competition is the flagship event organised by Vadya where 4 or more teams or bands compete with each other. This time, because of COVID, the bands had made recordings of their perfomance and all bands' perfomance was streamed live on 31st of July. The judges for this event were musicians from the band V Minor.They also gave a live performance at the end of the stream and also gave the results thereafter."}