{"page_link": "https://sac.iitpkd.ac.in:8090/node/49", "title": "https:--sac.iitpkd.ac.in:8090-node-49", "hyperlinks": ["#main-content", "/", "/", "/academic", "/PostGraduation", "/pg", "/research", "/technical", "/cultural", "/hostel", "/sports", "/more", "/news", "/contacts", "/gallery", "/petrichor", "/walloffame", "/contributors", "https://sites.google.com/iitpkd.ac.in/iitpalakkad/telephone-directory", "/downloads", "https://www.facebook.com/IITPLKD/", "https://twitter.com/PalakkadIIT", "https://in.linkedin.com/school/iitpkd/"], "image_link": "sac.iitpkd.ac.in:8090/sites/default/files/Untitled-1.png", "image_desc": "https://sac.iitpkd.ac.in:8090/node/49      Main navigation   Home   Academics   PG/Research   PG   Research     Technical   Cultural   Hostel   Sports   More   News   Contacts   Gallery   Petrichor   Wall of Fame   Contributors   Telephone directory   Downloads                                          Ratham, the automotive club, has set on an avenue to conduct a series of design and simulation sessions on all Saturdays beginning on the 17th July. The CAD (Computer Aided Design) sessions were held on Fusion 360."}