{"page_link": "https://sac.iitpkd.ac.in:8090/node?q=node&page=5", "title": "https:--sac.iitpkd.ac.in:8090-node?q=node&page=5", "hyperlinks": ["#main-content", "/", "/", "/academic", "/PostGraduation", "/pg", "/research", "/technical", "/cultural", "/hostel", "/sports", "/more", "/news", "/contacts", "/gallery", "/petrichor", "/walloffame", "/contributors", "https://sites.google.com/iitpkd.ac.in/iitpalakkad/telephone-directory", "/downloads", "/news", "/news", "/news", "/sites/default/files/inline-files/Constitution_edited.pdf", "/node/44", "/node/44", "/node/43", "/node/43", "/node/42", "/node/42", "/node/41", "/node/41", "/node/40", "/node/40", "/node/39", "/node/39", "/node?q=node&page=4", "/node?q=node&page=6", "https://sac.iitpkd.ac.in:8090/rss.xml", "https://en.wikipedia.org/wiki/Millet", "mailto:deanstudents@iitpkd.ac.in", "mailto:samuel@iitpkd.ac.in", "https://www.tinyurl.com/sac-iitpkd-feedback", "mailto:gen_sec@smail.iitpkd.ac.in", "mailto:sec_acad@smail.iitpkd.ac.in", "mailto:sec_tech@smail.iitpkd.ac.in", "mailto:sec_sports@smail.iitpkd.ac.in", "mailto:sec_arts@smail.iitpkd.ac.in", "mailto:sec_hostel@smail.iitpkd.ac.in", "mailto:sec_pg@smail.iitpkd.ac.in", "http://iitpkd.ac.in", "https://www.facebook.com/IITPLKD/", "https://twitter.com/PalakkadIIT", "https://in.linkedin.com/school/iitpkd/"], "image_link": "sac.iitpkd.ac.in:8090/sites/default/files/inline-images/millets1_r_0.jpg", "image_desc": "\u00a0\u00a0\u00a0\u00a0\u00a0\u00a0\u00a0\u00a0\u00a0\u00a0\u00a0\u00a0\u00a0\u00a0\u00a0 \u00a0 \u00a0 \u00a0 \u00a0 \u00a0 \u00a0 \u00a0 \u00a0\u00a0 The Student Affairs Council (SAC) of IIT Palakkad, established in 2016, is the supreme student-body council which takes all the pivotal decisions, in association with the institute, and suggests policies whenever necessitated, concerning the welfare of the whole of the student community of IIT Palakkad. The SAC, headed by the General Secretary, consists of eight student-elected representatives who passionately work together towards transcending the institute in a plethora of fields and enhancing the student life at the institute. With the aforementioned view, SAC consistently promotes the objectives of fostering curricular, co-curricular and extracurricular activities for the holistic development of the students of IIT Palakkad. SAC is an indispensable part of our institute and has been instrumental to the growth and development of the institute since its inception. STUDENT CONSTITUTION                                    EML - \"How to choose your career\" by Mr. Amal M Das     Mr. Amal M Das Author, Speaker, Educationalist and CEO, ARUJNA group was the guest speaker for the EML and intrigued and captivated students on how to choose a meaningful career.  Read more about EML - \"How to choose your career\" by Mr. Amal M Das        Competitive Programming beginner level contest No. 2     YACC (Yet Another Coding Club) is conducting a series of contests that will be conducted bi-weekly. These contests will be beginner-friendly contests with little to no prerequisites required. So, it's a very good opportunity for all who know some programming language and want to start up with Competitive programming.  Read more about Competitive Programming beginner level contest No. 2        Faculty Alumni Meet     The event aims to reconnect the faculty and alumni and rekindle fond memories. Students were also invited during the induction ceremony of the new student team and after the ceremony, the Director was open to any questions from students or faculty  Read more about Faculty Alumni Meet        Logo Design Competition for Sports Council     The competition to design a logo for the sports council has been kicked off on the 19th of June and the submission deadline is 15th of July.  Read more about Logo Design Competition for Sports Council        Naatya     The four teams have been formed and have started preparing for Naatya, the intra college mega dance event open to students and club members of Sync To Beat alike.  Read more about Naatya        Battle of Bands 3.0     The music club Vadya has brought the third edition of Batlle of Bands, an event where the interested students and club members alike are divided into a set of four bands who compete against one another delivering good performances and new talents in the process  Read more about Battle of Bands 3.0      Pagination    Previous page \u2039 Previous              Page 6           Next page Next \u203a        Subscribe to Home               Millet: a less known superfood  Being rich in minerals, dietary fibers and antioxidants makes Millet a very important superfood but due to lack of awareness, it is not a major component of the staple Indian diet. Click here to learn more about this superfood."}