{"page_link": "https://pal.iitpkd.ac.in/wspa/wspa21", "title": "https:--pal.iitpkd.ac.in-wspa-wspa21", "hyperlinks": ["/wspa", "/wspa/cfp", "/wspa/wspa21", "http://www.pakdd.net", "https://creds.iitpkd.ac.in", "https://www.pakdd2021.org/", "/wspa/static/pdfs/wspa_singh.pdf", "/wspa/static/pdfs/wspa_sharma.pdf", "/wspa/static/pdfs/wspa_behera.pdf", "/wspa/static/pdfs/wspa_chaudhury.pdf", "https://iitpkd.ac.in/people/sahely", "https://iitpkd.ac.in/people/satyajitdas", "https://nmrinl.github.io/index.html", "https://lab.igb.illinois.edu/long/team/jaiswal", "https://creds.iitpkd.ac.in", "https://unnatbharatabhiyan.gov.in:8443/new-website/", "https://www.pakdd2021.org/"], "image_link": "pal.iitpkd.ac.in/wspa/static/images/CREDS_logo.png", "image_desc": "Accepted Papers"}