{"page_link": "https://cet.iitpkd.ac.in/node/20", "title": "https:--cet.iitpkd.ac.in-node-20", "hyperlinks": ["#main-content", "/", "/", "#show-block-bartik-main-menu", "#hide-block-bartik-main-menu", "/aboutus", "/services", "/infrastructure", "/howtoget", "/helpdocs", "/people", "/node/24", "/contactus", "/node/26", "/", "/node", "https://iitpkd.ac.in", "https://lms.iitpkd.ac.in/", "https://library.iitpkd.ac.in/", "https://hpc.iitpkd.ac.in/", "https://support.iitpkd.ac.in/", "https://mrbs.iitpkd.ac.in/", "https://pgadmit.iitpkd.ac.in/", "https://resap.iitpkd.ac.in/", "https://forms.gle/v8KiBQnC9odVvCM6A", "https://sites.google.com/iitpkd.ac.in/iitpalakkad/telephone-directory", "https://iitpkd.ac.in/join-us", "https://facap.iitpkd.ac.in/", "https://idp.iitpkd.ac.in/", "https://cdc.iitpkd.ac.in/", "https://creds.iitpkd.ac.in/", "https://uba.iitpkd.ac.in/"], "image_link": "cet.iitpkd.ac.in/sites/default/files/logo%20white.png", "image_desc": "https://cet.iitpkd.ac.in/node/20   Centre for Education Technology  Indian Institute of Technology Palakkad    Main navigation    Show \u2014 Main navigation Hide \u2014 Main navigation   About Us   Services   Infrastructure   How to Get   Help Documents   People   Usefull Links   Contact Us   Cluster status                   Breadcrumb   Home   Node             Intercom Facilities           The IIT Palakkad has the latest IP based Digital Telephone System. IIT Palakkad Nila campus is fully equipped with IP Phones, Remote switches are installed in various buildings in the Nila campus and linked to the main system in the Temporary campus via OFC, We also have 30 Channel PRI Conference Bridge for Teleconferencing. We have configured open source software Jitsi, a\u00a0 Telephone application for\u00a0 Desktop across OS\u2019s.\u00a0 \u00a0"}