{"page_link": "https://cci-iitpkd.github.io/#about", "title": "https:--cci-iitpkd.github.io-#about", "hyperlinks": ["#page-top", "#about", "#services", "#team", "#contact", "#about", "sensing", "imaging", "accelerating", "https://iitpkd.ac.in/people/mahesh", "https://iitpkd.ac.in/people/sdey28", "https://iitpkd.ac.in/people/vivek", "https://iitpkd.ac.in/people/sandeepchandran", "legal"], "image_link": "https://iitpkd.ac.in/sites/default/files/styles/profile_page_image/public/pictures/2020-02/maheshphoto.jpg", "image_desc": "About UsThe Center for Computational Imaging (CCI) at IIT Palakkad is an interdisciplinary center that is engaged in pushing the frontiers in all aspects of imaging - sensing and image acquistion, processing and visualization, and acceleration. The center aims to synergize research across several layers of the computational system to identify new opportunities for improvements. The main objectives of the CCI are as follows:  Foster interdisciplinary research in all areas of computational imaging. Construct pre-competitive prototypes and evaluate its practical viability. Offer expert advice in the different areas of computational imaging Disseminate knowledge in the centre to the community at large.        Facilities          Sensors/Antenna Supports design, simulation, fabrication and testing of novel sensing systems such as miniaturized ultrasonic, optical, physiological sensors and radio frequency antenna. More      Computational Software Supports research, design and development of novel data acquisition systems, signal conditioning algorithms, image reconstruction and analysis algorithms and computer aided diagnostics and prognostics. More      Hardware Acceleration Supports exploration of hardware acceleration using field programmable gate arrays (FPGAs), multi-core central processing units (CPUs) and graphical processing units (GPUs). More          TEAM       "}