{"page_link": "https://iitpkd.ac.in/hostels", "title": "https:--iitpkd.ac.in-hostels", "hyperlinks": ["https://docs.google.com/document/d/1OIwVrDslwq5GRY3VjXW9LzCUF2wEbj_QHqhMYI-iTM0/edit", "https://iitpkd.ac.in/people/dsetti", "https://iitpkd.ac.in/people/snehagajbhiye", "https://iitpkd.ac.in/people/amit", "https://iitpkd.ac.in/people/veenav", "https://docs.google.com/document/d/1eILgC7-rBGz0mEq3Zb3d-_OwFprJVokzBFtZXKrAlaA/edit", "https://iitpkd.ac.in/sites/default/files/2022-09/Hostel rules_2022.pdf", "https://iitpkd.ac.in/anti-ragging", "https://iitpkd.ac.in/anti-ragging-regulations-and-measures", "/sites/default/files/2022-09/Hostel%20rules_2022.pdf"], "image_link": "iitpkd.ac.in/sites/default/files/inline-images/sports.jpg", "image_desc": "<strong>Sports and Gym</strong>New Gym Facilities Medicine balls Treadmill Climbing rope \u00a0"}