{"page_link": "https://cdc.iitpkd.ac.in", "title": "https:--cdc.iitpkd.ac.in", "hyperlinks": ["#main-content", "/", "/", "/page/about-iit-pkd", "/page/companies", "/page/students", "http://iitpkd.ac.in", "http://iitpkd.ac.in", "/news", "/user/login", "/node/8", "/node/481", "/node/9", "/node/325", "/node/9269", "/news/average-ctc-offered-batch-2021-2022-was-inr-1393-lakhs-22-increase-average-ctc%C2%A0", "/news/warm-greetings-career-development-centre-indian-institute-technology-iit-palakkad-we-take", "/news/highest-total-package-was-inr-12-crore-academic-year-2021-2022-eight-international-offers-were", "/news/total-211-companies-participated-campus-recruitment-program-year-across-sectors-and-total-207", "/news/major-recruiters-acdemic-year-2021-2022", "/news", "/", "http://iitpkd.ac.in", "/page/all-iits%E2%80%99-placement-committee-aipc", "/page/cdc-brochure-0", "/page/iac-reports", "/user/login", "/page/internship-policy", "/page/internship-report-2017-2018", "/page/internship-report-2018-2019", "/page/internship-report-2019-2020", "/page/internship-report-2020-2021", "/page/internship-report-2021-2022", "/page/placement-policy", "/page/placement-and-internship-procedure", "/page/placement-report-2018-2019", "/page/placement-report-2019-2020", "/page/placement-report-2020-2021", "/page/placement-report-2021-2022", "/news", "https://iitpkd.ac.in/how-reach"], "image_link": "https://cdc.iitpkd.ac.in/sites/default/files/styles/banner_image/public/IMG_20170619_172804-min.jpg?itok=Z3l4EkY8", "image_desc": "Placement TeamSuper Computing @ IIT Palakkad  "}