{"page_link": "https://icsr.iitpkd.ac.in/national-research-collaborations", "title": "https:--icsr.iitpkd.ac.in-national-research-collaborations", "hyperlinks": ["#main-content", "/", "/user/login", "/node/2", "/node/52", "/national-research-collaborations", "/grant-calls", "/research-facility", "/node/869", "/project-positions", "/sponsored-projects", "/news", "/node/703", "/national-research-collaborations", "/international-research-collaborations", "/node/1079", "/node/1079", "/node/1075", "/node/1075", "/node/1074", "/node/1074", "/node/1071", "/node/1071", "/node/1057", "/node/1057", "/node/1056", "/node/1056", "/node/1054", "/node/1054", "/node/1053", "/node/1053", "/node/1052", "/node/1052", "/node/1051", "/node/1051", "/node/1050", "/node/1050", "/node/1048", "/node/1048", "/node/931", "/node/931", "/node/879", "/node/879", "/node/842", "/node/842", "/node/841", "/node/841", "/node/789", "/node/789", "/node/724", "/node/724", "/node/697", "/node/697", "/node/696", "/node/696", "/national-research-collaborations?page=1", "/national-research-collaborations?page=1", "/national-research-collaborations?page=1", "#", "http://iitpkd.ac.in", "http://cdc.iitpkd.ac.in", "http://iitpkd.irins.org/"], "image_link": "https://icsr.iitpkd.ac.in/sites/default/files/1612940472571.jpeg", "image_desc": "National Research Collaborations IIT Palakkad has signed a Memorandum of Understanding with\u00a0Continental Automotive Components (India) Private Limited on 07 July 2022.\u00a0The MoU will facilitate an exciting collaboration between the technical expertise available at Continental and the academic and research excellence of IIT\u2013Palakkad in the areas of autonomous driving technologies, connected mobility, and advanced safety solutions. Continental will also offer internship opportunities and co-design inputs for courses offered at IIT-Palakkad, to keep students up-to-date with current and upcoming industry trends.     Memorandum of Understanding with IHUB NTIHAC Foundation An MoU was signed between IIT Palakkad and IHUB NTIHAC Foundation, a company registered under Section 8 of the Companies Act, 2013 with its office IIT Kanpur on 30 December 2021 for a project titled \u201cSecuring Deep Neural Networks against Adversarial Attacks in Medical Imaging\u201d. With this MoU, both the parties wish to develop and foster an environment to deal with the current and future cyber-security challenges in different sectors."}