{"page_link": "https://icsr.iitpkd.ac.in/national-research-collaborations", "title": "https:--icsr.iitpkd.ac.in-national-research-collaborations", "hyperlinks": ["#main-content", "/", "/user/login", "/node/2", "/node/52", "/national-research-collaborations", "/grant-calls", "/research-facility", "/node/869", "/project-positions", "/sponsored-projects", "/news", "/node/703", "/national-research-collaborations", "/international-research-collaborations", "/node/1079", "/node/1079", "/node/1075", "/node/1075", "/node/1074", "/node/1074", "/node/1071", "/node/1071", "/node/1057", "/node/1057", "/node/1056", "/node/1056", "/node/1054", "/node/1054", "/node/1053", "/node/1053", "/node/1052", "/node/1052", "/node/1051", "/node/1051", "/node/1050", "/node/1050", "/node/1048", "/node/1048", "/node/931", "/node/931", "/node/879", "/node/879", "/node/842", "/node/842", "/node/841", "/node/841", "/node/789", "/node/789", "/node/724", "/node/724", "/node/697", "/node/697", "/node/696", "/node/696", "/national-research-collaborations?page=1", "/national-research-collaborations?page=1", "/national-research-collaborations?page=1", "#", "http://iitpkd.ac.in", "http://cdc.iitpkd.ac.in", "http://iitpkd.irins.org/"], "image_link": "https://icsr.iitpkd.ac.in/sites/default/files/3.jpg", "image_desc": "National Research Collaborations IIT Palakkad has signed an MoU with Bexel India Consulting LLP on 24 June 2021 to carry out collaborative projects in the field of 5D BIM Management and Digital Twin technologies, by utilizing its capabilities, technologies and pool of knowledge to come up with solutions relevant to Digital Transformation in the Indian Construction Industry.\u00a0 The primary objective of this MoU is to facilitate knowledge development and dissemination through research and training to the AEC stakeholders. Further, the MoU extends the scope to providing technical support on solving various project delivery problems using digital technologies.     Memorandum of Understanding with Centre for Development of Advanced Computing (CDAC) IIT Palakkad has signed an MoU with the Centre for Development of Advanced Computing (CDAC), Thiruvananthapuram on 11 February 2021 to carry out collaborative R&D projects in the field of Power Electronics and Power Systems, Robotics, Control and Instrumentation, Embedded Systems and Internet of Things or any other technology research areas."}