{"page_link": "https://icsr.iitpkd.ac.in/national-research-collaborations", "title": "https:--icsr.iitpkd.ac.in-national-research-collaborations", "hyperlinks": ["#main-content", "/", "/user/login", "/node/2", "/node/52", "/national-research-collaborations", "/grant-calls", "/research-facility", "/node/869", "/project-positions", "/sponsored-projects", "/news", "/node/703", "/national-research-collaborations", "/international-research-collaborations", "/node/1079", "/node/1079", "/node/1075", "/node/1075", "/node/1074", "/node/1074", "/node/1071", "/node/1071", "/node/1057", "/node/1057", "/node/1056", "/node/1056", "/node/1054", "/node/1054", "/node/1053", "/node/1053", "/node/1052", "/node/1052", "/node/1051", "/node/1051", "/node/1050", "/node/1050", "/node/1048", "/node/1048", "/node/931", "/node/931", "/node/879", "/node/879", "/node/842", "/node/842", "/node/841", "/node/841", "/node/789", "/node/789", "/node/724", "/node/724", "/node/697", "/node/697", "/node/696", "/node/696", "/national-research-collaborations?page=1", "/national-research-collaborations?page=1", "/national-research-collaborations?page=1", "#", "http://iitpkd.ac.in", "http://cdc.iitpkd.ac.in", "http://iitpkd.irins.org/"], "image_link": "https://icsr.iitpkd.ac.in/sites/default/files/MoU.jpg", "image_desc": "National Research Collaborations   Memorandum of Understanding with Keystone Foundation On 20 March 2023, IIT Palakkad has signed an MoU with The Keystone Foundation for research and collaboration with focus on community wellbeing, and biodiversity conservation with One Health as the goal, focusing on the intersections of technology, livelihood, health, governance and ecological outcomes."}