{"page_link": "https://icsr.iitpkd.ac.in/grant-calls", "title": "https:--icsr.iitpkd.ac.in-grant-calls", "hyperlinks": ["#main-content", "/", "/user/login", "/node/2", "/node/52", "/national-research-collaborations", "/grant-calls", "/research-facility", "/node/869", "/project-positions", "/sponsored-projects", "/news", "/node/703", "/grant-calls", "/past-grant-calls", "/node/1087", "/node/1089", "/node/1086", "/node/1091", "/node/1090", "/node/1084", "/node/1083", "/node/1093", "/node/1082", "/node/1092", "/node/1088", "/node/1080", "/node/1081", "#", "http://iitpkd.ac.in", "http://cdc.iitpkd.ac.in", "http://iitpkd.irins.org/"], "image_link": "icsr.iitpkd.ac.in/sites/default/files/email-icsr.png", "image_desc": "Grant Calls04923 226 593        IIT Palakkad website IIT CDC Portal IIT Palakkad Faculty Academic Research Profiles   \u00a9 2019 Indian Institute of Technology Palakkad"}