{"page_link": "https://icsr.iitpkd.ac.in/news", "title": "https:--icsr.iitpkd.ac.in-news", "hyperlinks": ["#main-content", "/", "/user/login", "/node/2", "/node/52", "/national-research-collaborations", "/grant-calls", "/research-facility", "/node/869", "/project-positions", "/sponsored-projects", "/news", "/node/703", "/node/866", "/node/866", "/node/865", "/node/865", "/node/864", "/node/864", "/node/863", "/node/863", "/node/643", "/node/643", "/node/609", "/node/609", "/node/600", "/node/600", "/node/537", "/node/537", "/node/536", "/node/536", "/node/508", "/node/508", "/news?page=1", "/news?page=1", "/news?page=1", "#", "http://iitpkd.ac.in", "http://cdc.iitpkd.ac.in", "http://iitpkd.irins.org/"], "image_link": "https://icsr.iitpkd.ac.in/sites/default/files/MoU%20with%20Bexel.png", "image_desc": "Latest NewsWestern India Kinfra Limited, Palakkad is collaborating with IIT Palakkad for Corporate Social Responsibility (CSR) activities. The CSR funds were handed over to the institute by\u00a0Shri. Rafsan A. Rahiman, Managing Director, Western Indian Kinfra Limited in presence of\u00a0Prof. P. B. Sunil Kumar, Director, IIT Palakkad.     MoU with Bexel India Consulting Posted on Oct 7, 2021 IIT Palakkad is glad to announce our partnership MoU with\u00a0Bexel India Consulting\u00a0in the field of 5D BIM Management and Digital Twin technologies, by utilizing its capabilities, technologies and pool of knowledge to come up with solutions relevant to Digital Transformation in the Indian Construction Industry.\u00a0 IIT Palakkad recognizes collective growth, in collaboration with industry and other academic institutions as the need of the time and the above partnership with Bexel India is a glowing example.       MoA with Kerala Highway Research Institute Posted on Oct 7, 2021 IIT Palakkad entered into MoA with Kerala Highway Research Institute (KHRI), the research institute under the Public Works Department, Government of Kerala. The primary purpose of this MoA is to facilitate knowledge dissemination to the PWD engineers and train them to enhance their skillsets and thus contribute to the infrastructure development of the state. MoA also aims at jointly organizing events such as conferences and seminars, and providing technical support on solving various complex civil engineering field-related issues.         Pulse Oximeters for ICUs Developed by IIT Palakkad Researchers Deployed for Clinical Trials Posted on Oct 7, 2021         IIT Palakkad develops Ultrasound for COVID-19 screening Posted on Jul 2, 2020 The Institute\u00a0has developed an Automated Lung Ultrasound (LUS) for COVID-19 screening and monitoring through cloud-based image analysis and scoring system using image processing and machine learning techniques. The technology and the App, the first of its kind in India (did not see any LUS work reported globally as well), is now available for clinicians to perform automated analysis by just uploading the ultrasound video. The Project Principal Investigator is Dr.        Know-How License & Monetization Agreement with Kooper Medical Technology Pvt. Ltd. Posted on Apr 24, 2020 Indian Institute of Technology Palakkad\u00a0has signed a Know-How License & Monetization Agreement\u00a0with Kooper Medical Technology Private Ltd., a medical device and equipment manufacturing company in Palakkad for the manufacture of respirator masks and filters on April 22, 2020. IIT Palakkad has shared the know-how to fabricate the respirator mask with replaceable antiviral filters. The structural design and manufacturing process of the respirator mask, details of the filter used along with coating of antiviral agents and sealing methodology has been developed by a team of faculty, staff and research scholars at IIT Palakkad. Following the know-how process developed at IIT Palakkad, respirator masks with replaceable antiviral filters can be obtained at an affordable cost.         COVID-19 Projects from IIT Palakkad Posted on Apr 8, 2020 IIT Palakkad has been active in developing technological solutions for combating Covid-19 and has come up with 5 sponsored research projects. The Principal Investigators of each project are also indicated.\u00a0"}