{"page_link": "https://icsr.iitpkd.ac.in/news", "title": "https:--icsr.iitpkd.ac.in-news", "hyperlinks": ["#main-content", "/", "/user/login", "/node/2", "/node/52", "/national-research-collaborations", "/grant-calls", "/research-facility", "/node/869", "/project-positions", "/sponsored-projects", "/news", "/node/703", "/node/866", "/node/866", "/node/865", "/node/865", "/node/864", "/node/864", "/node/863", "/node/863", "/node/643", "/node/643", "/node/609", "/node/609", "/node/600", "/node/600", "/node/537", "/node/537", "/node/536", "/node/536", "/node/508", "/node/508", "/news?page=1", "/news?page=1", "/news?page=1", "#", "http://iitpkd.ac.in", "http://cdc.iitpkd.ac.in", "http://iitpkd.irins.org/"], "image_link": "icsr.iitpkd.ac.in/sites/default/files/email-icsr.png", "image_desc": "Latest News04923 226 593        IIT Palakkad website IIT CDC Portal IIT Palakkad Faculty Academic Research Profiles   \u00a9 2019 Indian Institute of Technology Palakkad"}