{"page_link": "https://cdc.iitpkd.ac.in", "title": "https:--cdc.iitpkd.ac.in", "hyperlinks": ["#main-content", "/", "/", "/page/about-iit-pkd", "/page/companies", "/page/students", "http://iitpkd.ac.in", "http://iitpkd.ac.in", "/news", "/user/login", "/node/8", "/node/481", "/node/9", "/node/325", "/node/9269", "/news/average-ctc-offered-batch-2021-2022-was-inr-1393-lakhs-22-increase-average-ctc%C2%A0", "/news/warm-greetings-career-development-centre-indian-institute-technology-iit-palakkad-we-take", "/news/highest-total-package-was-inr-12-crore-academic-year-2021-2022-eight-international-offers-were", "/news/total-211-companies-participated-campus-recruitment-program-year-across-sectors-and-total-207", "/news/major-recruiters-acdemic-year-2021-2022", "/news", "/", "http://iitpkd.ac.in", "/page/all-iits%E2%80%99-placement-committee-aipc", "/page/cdc-brochure-0", "/page/iac-reports", "/user/login", "/page/internship-policy", "/page/internship-report-2017-2018", "/page/internship-report-2018-2019", "/page/internship-report-2019-2020", "/page/internship-report-2020-2021", "/page/internship-report-2021-2022", "/page/placement-policy", "/page/placement-and-internship-procedure", "/page/placement-report-2018-2019", "/page/placement-report-2019-2020", "/page/placement-report-2020-2021", "/page/placement-report-2021-2022", "/news", "https://iitpkd.ac.in/how-reach"], "image_link": "https://cdc.iitpkd.ac.in/sites/default/files/image_subrahmanyam.jpg", "image_desc": "Message from the DirectorIIT Palakkad is committed to providing a comprehensive education to its students. An intense orientation program, with a variety of student centric activities including talks and lectures by eminent people, remedial courses for language, life skills program, outbound training, cultural and sports events, sets the stage. With a well thought of set of core courses, the curriculum in IIT PKD emphasises on laying a firm foundation in each discipline. At the same time, the choices of many elective courses, going across disciplines, broaden the student's knowledge base. Read More      "}