{"page_link": "https://cdc.iitpkd.ac.in/news", "title": "https:--cdc.iitpkd.ac.in-news", "hyperlinks": ["#main-content", "/", "/", "/page/about-iit-pkd", "/page/companies", "/page/students", "http://iitpkd.ac.in", "http://iitpkd.ac.in", "/news", "/user/login", "/news/average-ctc-offered-batch-2021-2022-was-inr-1393-lakhs-22-increase-average-ctc%C2%A0", "/news/average-ctc-offered-batch-2021-2022-was-inr-1393-lakhs-22-increase-average-ctc%C2%A0", "/news/warm-greetings-career-development-centre-indian-institute-technology-iit-palakkad-we-take", "https://lnkd.in/gmiuGNuz", "/news/warm-greetings-career-development-centre-indian-institute-technology-iit-palakkad-we-take", "/news/highest-total-package-was-inr-12-crore-academic-year-2021-2022-eight-international-offers-were", "/news/highest-total-package-was-inr-12-crore-academic-year-2021-2022-eight-international-offers-were", "/news/total-211-companies-participated-campus-recruitment-program-year-across-sectors-and-total-207", "/news/total-211-companies-participated-campus-recruitment-program-year-across-sectors-and-total-207", "/news/major-recruiters-acdemic-year-2021-2022", "/news/major-recruiters-acdemic-year-2021-2022", "/news/major-recruiters-include-yodlee-ge-oyo-tcs-research-hsbc-maybank-lt-groups-vmware-united-health", "/news/major-recruiters-include-yodlee-ge-oyo-tcs-research-hsbc-maybank-lt-groups-vmware-united-health", "/news/15-pre-placement-offers-were-made-2020-batch-students", "/news/15-pre-placement-offers-were-made-2020-batch-students", "/news/17-offers-ctc-inr-15-lakhs-and-above-have-been-made-batch-2020", "/news/17-offers-ctc-inr-15-lakhs-and-above-have-been-made-batch-2020", "/news/highest-domestic-ctc-offered-was-inr-2134-lakhs-annum-arista-networks-bangalore-3-students", "/news/highest-domestic-ctc-offered-was-inr-2134-lakhs-annum-arista-networks-bangalore-3-students", "/news/good-number-our-graduates-2019-2020-are-going-higher-studies-reputed-institutes", "/news/good-number-our-graduates-2019-2020-are-going-higher-studies-reputed-institutes", "/news?page=1", "/news?page=1", "/news?page=1", "/news", "/", "http://iitpkd.ac.in", "/page/all-iits%E2%80%99-placement-committee-aipc", "/page/cdc-brochure-0", "/page/iac-reports", "/user/login", "/page/internship-policy", "/page/internship-report-2017-2018", "/page/internship-report-2018-2019", "/page/internship-report-2019-2020", "/page/internship-report-2020-2021", "/page/internship-report-2021-2022", "/page/placement-policy", "/page/placement-and-internship-procedure", "/page/placement-report-2018-2019", "/page/placement-report-2019-2020", "/page/placement-report-2020-2021", "/page/placement-report-2021-2022", "/news", "https://iitpkd.ac.in/how-reach"], "image_link": "https://cdc.iitpkd.ac.in/sites/all/themes/internship/logo.png", "image_desc": "https://cdc.iitpkd.ac.in/news  Toggle navigation       Home About IIT PKD For Companies For Students Academics Research News Login    "}