{"page_link": "https://cdc.iitpkd.ac.in/user/signup/4", "title": "https:--cdc.iitpkd.ac.in-user-signup-4", "hyperlinks": ["#main-content", "/", "/", "/page/about-iit-pkd", "/page/companies", "/page/students", "http://iitpkd.ac.in", "http://iitpkd.ac.in", "/news", "/user/login", "/user", "/user/signup/4", "/user/signup/6", "/user/register", "/user", "/user/password", "/node/8", "/node/481", "/", "http://iitpkd.ac.in", "/page/all-iits%E2%80%99-placement-committee-aipc", "/page/cdc-brochure-0", "/page/iac-reports", "/user/login", "/page/internship-policy", "/page/internship-report-2017-2018", "/page/internship-report-2018-2019", "/page/internship-report-2019-2020", "/page/internship-report-2020-2021", "/page/internship-report-2021-2022", "/page/placement-policy", "/page/placement-and-internship-procedure", "/page/placement-report-2018-2019", "/page/placement-report-2019-2020", "/page/placement-report-2020-2021", "/page/placement-report-2021-2022", "/news", "https://iitpkd.ac.in/how-reach"], "image_link": "cdc.iitpkd.ac.in/image_captcha?sid=282401&amp;ts=1681121316", "image_desc": "User accountCreate new company account Create new account Log in Request new password    Name *     E-mail address * A valid e-mail address. All e-mails from the system will be sent to this address. The e-mail address is not made public and will only be used if you wish to receive a new password or wish to receive certain news or notifications by e-mail. Password *  Confirm password * Provide a password for the new account in both fields. Branch * - None -B.Tech (Civil Engineering)B.Tech (Computer Science and Engineering)B.Tech (Electrical Engineering)B.Tech (Mechanical Engineering)M.Tech (Geotechnical Engineering)M.Tech (Manufacturing and Materials Engineering)M.Tech (Computing and Mathematics)M.Tech (Power Electronics and Power Systems)M.Tech (Data Science)M.Tech (System-On-Chip Design)M.Sc (Chemistry)M.Sc (Physics)M.Sc (Mathematics)MS (Civil Engineering)MS (Computer Science and Engineering)MS (Chemistry)MS (Electrical Engineering)MS (Humanities)MS (Mathematics)MS (Mechanical Engineering)MS (Physics)Ph.D (Chemistry)Ph.D (Civil Engineering)Ph.D (Computer Science and Engineering)Ph.D (Electrical Engineering)Ph.D (Humanities)Ph.D (Mathematics)Ph.D (Mechanical Engineering)Ph.D (Physics) JEE rank  GATE Score  JAM Rank   Date of Birth *    Date  E.g., 10/04/2023     Year of admission *    Year 201820192020202120222023    Contact No *  Gender * - None -MaleFemaleOther Admission Category * - None -GeneralGeneral EWSOBCPhysically ChallengedSCST Nationality * - None -Afghanistan\u00c5land IslandsAlbaniaAlgeriaAmerican SamoaAndorraAngolaAnguillaAntarcticaAntigua and BarbudaArgentinaArmeniaArubaAustraliaAustriaAzerbaijanBahamas (the)BahrainBangladeshBarbadosBelarusBelgiumBelizeBeninBermudaBhutanBolivia (Plurinational State of)Bonaire, Sint Eustatius and SabaBosnia and HerzegovinaBotswanaBouvet IslandBrazilBritish Indian Ocean Territory (the)Brunei DarussalamBulgariaBurkina FasoBurundiCabo VerdeCambodiaCameroonCanadaCayman Islands (the)Central African Republic (the)ChadChileChinaChristmas IslandCocos (Keeling) Islands (the)ColombiaComoros (the)Congo (the Democratic Republic of the)Congo (the)Cook Islands (the)Costa RicaC\u00f4te d'IvoireCroatiaCubaCura\u00e7aoCyprusCzech Republic (the)DenmarkDjiboutiDominicaDominican Republic (the)EcuadorEgyptEl SalvadorEquatorial GuineaEritreaEstoniaEthiopiaFalkland Islands (the) [Malvinas]Faroe Islands (the)FijiFinlandFranceFrench GuianaFrench PolynesiaFrench Southern Territories (the)GabonGambia (the)GeorgiaGermanyGhanaGibraltarGreeceGreenlandGrenadaGuadeloupeGuamGuatemalaGuernseyGuineaGuinea-BissauGuyanaHaitiHeard Island and McDonald IslandsHoly See (the)HondurasHong KongHungaryIcelandIndiaIndonesiaIran (Islamic Republic of)IraqIrelandIsle of ManIsraelItalyJamaicaJapanJerseyJordanKazakhstanKenyaKiribatiKorea (the Democratic People's Republic of)Korea (the Republic of)KuwaitKyrgyzstanLao People's Democratic Republic (the)LatviaLebanonLesothoLiberiaLibyaLiechtensteinLithuaniaLuxembourgMacaoMacedonia (the former Yugoslav Republic of)MadagascarMalawiMalaysiaMaldivesMaliMaltaMarshall Islands (the)MartiniqueMauritaniaMauritiusMayotteMexicoMicronesia (Federated States of)Moldova (the Republic of)MonacoMongoliaMontenegroMontserratMoroccoMozambiqueMyanmarNamibiaNauruNepalNetherlands (the)New CaledoniaNew ZealandNicaraguaNiger (the)NigeriaNiueNorfolk IslandNorthern Mariana Islands (the)NorwayOmanPakistanPalauPalestine, State ofPanamaPapua New GuineaParaguayPeruPhilippines (the)PitcairnPolandPortugalPuerto RicoQatarR\u00e9unionRomaniaRussian Federation (the)RwandaSaint Barth\u00e9lemySaint Helena, Ascension and Tristan da CunhaSaint Kitts and NevisSaint LuciaSaint Martin (French part)Saint Pierre and MiquelonSaint Vincent and the GrenadinesSamoaSan MarinoSao Tome and PrincipeSaudi ArabiaSenegalSerbiaSeychellesSierra LeoneSingaporeSint Maarten (Dutch part)SlovakiaSloveniaSolomon IslandsSomaliaSouth AfricaSouth Georgia and the South Sandwich IslandsSouth SudanSpainSri LankaSudan (the)SurinameSvalbard and Jan MayenSwazilandSwedenSwitzerlandSyrian Arab RepublicTaiwan (Province of China)TajikistanTanzania, United Republic ofThailandTimor-LesteTogoTokelauTongaTrinidad and TobagoTunisiaTurkeyTurkmenistanTurks and Caicos Islands (the)TuvaluUgandaUkraineUnited Arab Emirates (the)United Kingdom of Great Britain and Northern Ireland (the)United States Minor Outlying Islands (the)United States of America (the)UruguayUzbekistanVanuatuVenezuela (Bolivarian Republic of)Viet NamVirgin Islands (British)Virgin Islands (U.S.)Wallis and FutunaWestern Sahara*YemenZambiaZimbabwe  Address    Building Name/No:  *  Street Name *  District *  State *  Country * Afghanistan\u00c5land IslandsAlbaniaAlgeriaAmerican SamoaAndorraAngolaAnguillaAntarcticaAntigua and BarbudaArgentinaArmeniaArubaAustraliaAustriaAzerbaijanBahamas (the)BahrainBangladeshBarbadosBelarusBelgiumBelizeBeninBermudaBhutanBolivia (Plurinational State of)Bonaire, Sint Eustatius and SabaBosnia and HerzegovinaBotswanaBouvet IslandBrazilBritish Indian Ocean Territory (the)Brunei DarussalamBulgariaBurkina FasoBurundiCabo VerdeCambodiaCameroonCanadaCayman Islands (the)Central African Republic (the)ChadChileChinaChristmas IslandCocos (Keeling) Islands (the)ColombiaComoros (the)Congo (the Democratic Republic of the)Congo (the)Cook Islands (the)Costa RicaC\u00f4te d'IvoireCroatiaCubaCura\u00e7aoCyprusCzech Republic (the)DenmarkDjiboutiDominicaDominican Republic (the)EcuadorEgyptEl SalvadorEquatorial GuineaEritreaEstoniaEthiopiaFalkland Islands (the) [Malvinas]Faroe Islands (the)FijiFinlandFranceFrench GuianaFrench PolynesiaFrench Southern Territories (the)GabonGambia (the)GeorgiaGermanyGhanaGibraltarGreeceGreenlandGrenadaGuadeloupeGuamGuatemalaGuernseyGuineaGuinea-BissauGuyanaHaitiHeard Island and McDonald IslandsHoly See (the)HondurasHong KongHungaryIcelandIndiaIndonesiaIran (Islamic Republic of)IraqIrelandIsle of ManIsraelItalyJamaicaJapanJerseyJordanKazakhstanKenyaKiribatiKorea (the Democratic People's Republic of)Korea (the Republic of)KuwaitKyrgyzstanLao People's Democratic Republic (the)LatviaLebanonLesothoLiberiaLibyaLiechtensteinLithuaniaLuxembourgMacaoMacedonia (the former Yugoslav Republic of)MadagascarMalawiMalaysiaMaldivesMaliMaltaMarshall Islands (the)MartiniqueMauritaniaMauritiusMayotteMexicoMicronesia (Federated States of)Moldova (the Republic of)MonacoMongoliaMontenegroMontserratMoroccoMozambiqueMyanmarNamibiaNauruNepalNetherlands (the)New CaledoniaNew ZealandNicaraguaNiger (the)NigeriaNiueNorfolk IslandNorthern Mariana Islands (the)NorwayOmanPakistanPalauPalestine, State ofPanamaPapua New GuineaParaguayPeruPhilippines (the)PitcairnPolandPortugalPuerto RicoQatarR\u00e9unionRomaniaRussian Federation (the)RwandaSaint Barth\u00e9lemySaint Helena, Ascension and Tristan da CunhaSaint Kitts and NevisSaint LuciaSaint Martin (French part)Saint Pierre and MiquelonSaint Vincent and the GrenadinesSamoaSan MarinoSao Tome and PrincipeSaudi ArabiaSenegalSerbiaSeychellesSierra LeoneSingaporeSint Maarten (Dutch part)SlovakiaSloveniaSolomon IslandsSomaliaSouth AfricaSouth Georgia and the South Sandwich IslandsSouth SudanSpainSri LankaSudan (the)SurinameSvalbard and Jan MayenSwazilandSwedenSwitzerlandSyrian Arab RepublicTaiwan (Province of China)TajikistanTanzania, United Republic ofThailandTimor-LesteTogoTokelauTongaTrinidad and TobagoTunisiaTurkeyTurkmenistanTurks and Caicos Islands (the)TuvaluUgandaUkraineUnited Arab Emirates (the)United Kingdom of Great Britain and Northern Ireland (the)United States Minor Outlying Islands (the)United States of America (the)UruguayUzbekistanVanuatuVenezuela (Bolivarian Republic of)Viet NamVirgin Islands (British)Virgin Islands (U.S.)Wallis and FutunaWestern Sahara*YemenZambiaZimbabwe Pin Code *     LinkedIn  URL   CAPTCHA   This question is for testing whether or not you are a human visitor and to prevent automated spam submissions.   "}