{"page_link": "https://cdc.iitpkd.ac.in/page/internship-report-2018-2019", "title": "https:--cdc.iitpkd.ac.in-page-internship-report-2018-2019", "hyperlinks": ["#main-content", "/", "/", "/page/about-iit-pkd", "/page/companies", "/page/students", "http://iitpkd.ac.in", "http://iitpkd.ac.in", "/news", "/user/login", "https://cdc.iitpkd.ac.in/sites/default/files/Internship%20Report%202018-19.pdf", "/", "http://iitpkd.ac.in", "/page/all-iits%E2%80%99-placement-committee-aipc", "/page/cdc-brochure-0", "/page/iac-reports", "/user/login", "/page/internship-policy", "/page/internship-report-2017-2018", "/page/internship-report-2018-2019", "/page/internship-report-2019-2020", "/page/internship-report-2020-2021", "/page/internship-report-2021-2022", "/page/placement-policy", "/page/placement-and-internship-procedure", "/page/placement-report-2018-2019", "/page/placement-report-2019-2020", "/page/placement-report-2020-2021", "/page/placement-report-2021-2022", "/news", "https://iitpkd.ac.in/how-reach"], "image_link": "cdc.iitpkd.ac.in/modules/file/icons/application-pdf.png", "image_desc": "Internship Report 2018-2019 Internship Report 2018-19.pdf        Home Academics AIPC Guideline CDC Brochure IAC report Login    Internship Policy Internship Report 2017-2018 Internship Report 2018-2019 Internship Report 2019-2020 Internship Report 2020-2021 Internship Report 2021-2022    Placement Policy Placement Procedure Placement Report 2018-2019 Placement Report 2019-2020 Placement Report 2020-2021 Placement Report 2021-2022 News    Indian Institute of Technology Palakkad, Ahalia Integrated Campus, Kozhippara P. O, Palakkad, Kerala Pin: 678557"}