{"page_link": "https://cdc.iitpkd.ac.in/news/highest-domestic-ctc-offered-was-inr-2134-lakhs-annum-arista-networks-bangalore-3-students", "title": "https:--cdc.iitpkd.ac.in-news-highest-domestic-ctc-offered-was-inr-2134-lakhs-annum-arista-networks-bangalore-3-students", "hyperlinks": ["#main-content", "/", "/", "/page/about-iit-pkd", "/page/companies", "/page/students", "http://iitpkd.ac.in", "http://iitpkd.ac.in", "/news", "/user/login", "/", "http://iitpkd.ac.in", "/page/all-iits%E2%80%99-placement-committee-aipc", "/page/cdc-brochure-0", "/page/iac-reports", "/user/login", "/page/internship-policy", "/page/internship-report-2017-2018", "/page/internship-report-2018-2019", "/page/internship-report-2019-2020", "/page/internship-report-2020-2021", "/page/internship-report-2021-2022", "/page/placement-policy", "/page/placement-and-internship-procedure", "/page/placement-report-2018-2019", "/page/placement-report-2019-2020", "/page/placement-report-2020-2021", "/page/placement-report-2021-2022", "/news", "https://iitpkd.ac.in/how-reach"], "image_link": "cdc.iitpkd.ac.in/sites/all/themes/internship/images/body-bg-right.png", "image_desc": "https://cdc.iitpkd.ac.in/news/highest-domestic-ctc-offered-was-inr-2134-lakhs-annum-arista-networks-bangalore-3-students"}