{"page_link": "https://cdc.iitpkd.ac.in/news?page=1", "title": "https:--cdc.iitpkd.ac.in-news?page=1", "hyperlinks": ["#main-content", "/", "/", "/page/about-iit-pkd", "/page/companies", "/page/students", "http://iitpkd.ac.in", "http://iitpkd.ac.in", "/news", "/user/login", "/news/higher-studies-reputed-institutes", "/news/higher-studies-reputed-institutes", "/news/three-third-year-btech-students-iit-palakkad-received-offer-research-internship-financial", "/news/three-third-year-btech-students-iit-palakkad-received-offer-research-internship-financial", "/news/internship-season-saw-participation-major-recruiters-daimler-avi-networks-ge-tcs-mathworks", "/news/internship-season-saw-participation-major-recruiters-daimler-avi-networks-ge-tcs-mathworks", "/news/highest-domestic-ctc-offered-was-inr-1675-lakhs-annum-arista-networks-bangalore-and-average-ctc", "/news/highest-domestic-ctc-offered-was-inr-1675-lakhs-annum-arista-networks-bangalore-and-average-ctc", "/news/2-psus-participated-campus-placement-academic-year-2018-19-iti-limited-telecom-regulatory", "/news/2-psus-participated-campus-placement-academic-year-2018-19-iti-limited-telecom-regulatory", "/news/workshop-artificial-intelligence-force-multiplier-mr-suchitran-padikkal-head-tcs-cognitive", "/news/workshop-artificial-intelligence-force-multiplier-mr-suchitran-padikkal-head-tcs-cognitive", "/news", "/news", "/news", "/", "http://iitpkd.ac.in", "/page/all-iits%E2%80%99-placement-committee-aipc", "/page/cdc-brochure-0", "/page/iac-reports", "/user/login", "/page/internship-policy", "/page/internship-report-2017-2018", "/page/internship-report-2018-2019", "/page/internship-report-2019-2020", "/page/internship-report-2020-2021", "/page/internship-report-2021-2022", "/page/placement-policy", "/page/placement-and-internship-procedure", "/page/placement-report-2018-2019", "/page/placement-report-2019-2020", "/page/placement-report-2020-2021", "/page/placement-report-2021-2022", "/news", "https://iitpkd.ac.in/how-reach"], "image_link": "cdc.iitpkd.ac.in/sites/all/themes/internship/images/body-bg-left.png", "image_desc": "https://cdc.iitpkd.ac.in/news?page=1"}