{"page_link": "https://icsr.iitpkd.ac.in/node/864", "title": "https:--icsr.iitpkd.ac.in-node-864", "hyperlinks": ["#main-content", "/", "/user/login", "/node/2", "/node/52", "/national-research-collaborations", "/grant-calls", "/research-facility", "/node/869", "/project-positions", "/sponsored-projects", "/news", "/node/703", "#", "http://iitpkd.ac.in", "http://cdc.iitpkd.ac.in", "http://iitpkd.irins.org/"], "image_link": "https://icsr.iitpkd.ac.in/sites/default/files/MoA%20with%20KHRI.jpg", "image_desc": "MoA with Kerala Highway Research InstituteIIT Palakkad entered into MoA with Kerala Highway Research Institute (KHRI), the research institute under the Public Works Department, Government of Kerala. The primary purpose of this MoA is to facilitate knowledge dissemination to the PWD engineers and train them to enhance their skillsets and thus contribute to the infrastructure development of the state. MoA also aims at jointly organizing events such as conferences and seminars, and providing technical support on solving various complex civil engineering field-related issues.                 Centre for Industry Collaboration and Sponsored Research Indian Institute of Technology Palakkad Pudussery West, Kanjikode  Palakkad, Kerala - 678 623  04923 226 593 "}