{"page_link": "https://icsr.iitpkd.ac.in/node/863", "title": "https:--icsr.iitpkd.ac.in-node-863", "hyperlinks": ["#main-content", "/", "/user/login", "/node/2", "/node/52", "/national-research-collaborations", "/grant-calls", "/research-facility", "/node/869", "/project-positions", "/sponsored-projects", "/news", "/node/703", "#", "http://iitpkd.ac.in", "http://cdc.iitpkd.ac.in", "http://iitpkd.irins.org/"], "image_link": "https://icsr.iitpkd.ac.in/sites/default/files/iitpkd-oximeter.jpg", "image_desc": "Pulse Oximeters for ICUs Developed by IIT Palakkad Researchers Deployed for Clinical Trials                Centre for Industry Collaboration and Sponsored Research Indian Institute of Technology Palakkad Pudussery West, Kanjikode  Palakkad, Kerala - 678 623  04923 226 593 "}