{"page_link": "https://icsr.iitpkd.ac.in/node/643", "title": "https:--icsr.iitpkd.ac.in-node-643", "hyperlinks": ["#main-content", "/", "/user/login", "/node/2", "/node/52", "/national-research-collaborations", "/grant-calls", "/research-facility", "/node/869", "/project-positions", "/sponsored-projects", "/news", "/node/703", "https://www.thehindu.com/news/national/kerala/coronavirus-iit-palakkad-develops-ultrasound-for-covid-19-screening/article31878985.ece", "https://www.youtube.com/watch?v=_dagrRKNT9g&feature=youtu.be", "#", "http://iitpkd.ac.in", "http://cdc.iitpkd.ac.in", "http://iitpkd.irins.org/"], "image_link": "icsr.iitpkd.ac.in/sites/default/files/email-icsr.png", "image_desc": "IIT Palakkad develops Ultrasound for COVID-19 screening More details are available on THE HINDU, 21 June 2020:\u00a0https://www.thehindu.com/news/national/kerala/coronavirus-iit-palakkad-d... Doordarshan News:\u00a0https://www.youtube.com/watch?v=_dagrRKNT9g&feature=youtu.be                 Centre for Industry Collaboration and Sponsored Research Indian Institute of Technology Palakkad Pudussery West, Kanjikode  Palakkad, Kerala - 678 623  04923 226 593        IIT Palakkad website IIT CDC Portal IIT Palakkad Faculty Academic Research Profiles   \u00a9 2019 Indian Institute of Technology Palakkad"}