{"page_link": "https://icsr.iitpkd.ac.in/node/643", "title": "https:--icsr.iitpkd.ac.in-node-643", "hyperlinks": ["#main-content", "/", "/user/login", "/node/2", "/node/52", "/national-research-collaborations", "/grant-calls", "/research-facility", "/node/869", "/project-positions", "/sponsored-projects", "/news", "/node/703", "https://www.thehindu.com/news/national/kerala/coronavirus-iit-palakkad-develops-ultrasound-for-covid-19-screening/article31878985.ece", "https://www.youtube.com/watch?v=_dagrRKNT9g&feature=youtu.be", "#", "http://iitpkd.ac.in", "http://cdc.iitpkd.ac.in", "http://iitpkd.irins.org/"], "image_link": "https://icsr.iitpkd.ac.in/sites/default/files/Ultrasound%20News.jpg", "image_desc": "IIT Palakkad develops Ultrasound for COVID-19 screeningThe Institute\u00a0has developed an Automated Lung Ultrasound (LUS) for COVID-19 screening and monitoring through cloud-based image analysis and scoring system using image processing and machine learning techniques. The technology and the App, the first of its kind in India (did not see any LUS work reported globally as well), is now available for clinicians to perform automated analysis by just uploading the ultrasound video. The Project Principal Investigator is Dr. Mahesh R Panicker, Assistant Professor, Electrical Engineering and clinical partners are La Paz Hospital, Madrid, Spain, Sree Chitra Tirunal Institute of Medical Sciences and Technology, Thiruvananthapuram and Government Medical College, Kottayam, Kerala.\u00a0The project is supported by the CSR fund of Federal bank.  More details are available on"}