{"page_link": "https://icsr.iitpkd.ac.in/node/473", "title": "https:--icsr.iitpkd.ac.in-node-473", "hyperlinks": ["#main-content", "/", "/user/login", "/node/2", "/node/52", "/national-research-collaborations", "/grant-calls", "/research-facility", "/node/869", "/project-positions", "/sponsored-projects", "/news", "/node/703", "https://www.thehindu.com/sci-tech/science/brain-computer-interface-enhanced-for-active-rehabilitation-of-stroke-patients/article29120081.ece?homepage=true", "#", "http://iitpkd.ac.in", "http://cdc.iitpkd.ac.in", "http://iitpkd.irins.org/"], "image_link": "icsr.iitpkd.ac.in/sites/default/files/email-icsr.png", "image_desc": "IIT Palakkad Research featured in Print MediaUses in therapy At present, stroke patients undergo a passive rehabilitation therapy \u2014 the patient plays a passive role while the physiotherapist actively helps by moving the patient\u2019s paralysed limb. Development of the motor imagery brain-computer interface can help develop an active rehabilitation therapy where the patient can move his limb according to his own movement intention (motor imagery). \u201cStroke recovery significantly enhances with such an active rehabilitation based on motor imagery because it assists in building new neuronal interconnections that take over the functionality of affected brain regions [brain plasticity],\u201d says Prof. Vinod Prasad. The news appeared in The Hindu on 18 August 2019.https://www.thehindu.com/sci-tech/science/brain-computer-interface-enhanced-for-active-rehabilitation-of-stroke-patients/article29120081.ece?homepage=true                Centre for Industry Collaboration and Sponsored Research Indian Institute of Technology Palakkad Pudussery West, Kanjikode  Palakkad, Kerala - 678 623  04923 226 593        IIT Palakkad website IIT CDC Portal IIT Palakkad Faculty Academic Research Profiles   \u00a9 2019 Indian Institute of Technology Palakkad"}