{"page_link": "https://icsr.iitpkd.ac.in/consultancy-projects?page=2", "title": "https:--icsr.iitpkd.ac.in-consultancy-projects?page=2", "hyperlinks": ["#main-content", "/", "/user/login", "/node/2", "/node/52", "/national-research-collaborations", "/grant-calls", "/research-facility", "/node/869", "/project-positions", "/sponsored-projects", "/news", "/node/703", "/sponsored-projects", "/consultancy-projects", "/node/698", "/node/692", "/node/672", "/node/250", "/node/1043", "/node/1042", "/node/1040", "/node/1039", "/node/1037", "/node/1036", "/consultancy-projects", "/consultancy-projects?page=1", "/consultancy-projects", "/consultancy-projects?page=1", "/consultancy-projects?page=3", "/consultancy-projects?page=4", "/consultancy-projects?page=5", "/consultancy-projects?page=6", "/consultancy-projects?page=3", "/consultancy-projects?page=6", "#", "http://iitpkd.ac.in", "http://cdc.iitpkd.ac.in", "http://iitpkd.irins.org/"], "image_link": "icsr.iitpkd.ac.in/sites/default/files/email-icsr.png", "image_desc": "Funded Projects04923 226 593        IIT Palakkad website IIT CDC Portal IIT Palakkad Faculty Academic Research Profiles   \u00a9 2019 Indian Institute of Technology Palakkad"}