{"page_link": "https://icsr.iitpkd.ac.in/consultancy-projects?page=5", "title": "https:--icsr.iitpkd.ac.in-consultancy-projects?page=5", "hyperlinks": ["#main-content", "/", "/user/login", "/node/2", "/node/52", "/national-research-collaborations", "/grant-calls", "/research-facility", "/node/869", "/project-positions", "/sponsored-projects", "/news", "/node/703", "/sponsored-projects", "/consultancy-projects", "/node/582", "/node/581", "/node/529", "/node/528", "/node/320", "/node/319", "/node/318", "/node/317", "/node/314", "/node/313", "/consultancy-projects", "/consultancy-projects?page=4", "/consultancy-projects", "/consultancy-projects?page=1", "/consultancy-projects?page=2", "/consultancy-projects?page=3", "/consultancy-projects?page=4", "/consultancy-projects?page=6", "/consultancy-projects?page=6", "/consultancy-projects?page=6", "#", "http://iitpkd.ac.in", "http://cdc.iitpkd.ac.in", "http://iitpkd.irins.org/"], "image_link": "icsr.iitpkd.ac.in/sites/default/files/email-icsr.png", "image_desc": "Funded Projects04923 226 593        IIT Palakkad website IIT CDC Portal IIT Palakkad Faculty Academic Research Profiles   \u00a9 2019 Indian Institute of Technology Palakkad"}