{"page_link": "https://icsr.iitpkd.ac.in/node/582", "title": "https:--icsr.iitpkd.ac.in-node-582", "hyperlinks": ["#main-content", "/", "/user/login", "/node/2", "/node/52", "/national-research-collaborations", "/grant-calls", "/research-facility", "/node/869", "/project-positions", "/sponsored-projects", "/news", "/node/703", "#", "http://iitpkd.ac.in", "http://cdc.iitpkd.ac.in", "http://iitpkd.irins.org/"], "image_link": "icsr.iitpkd.ac.in/sites/default/files/email-icsr.png", "image_desc": "Optimization of Production &amp; Transmission - WSS to Pavaratty &amp; Mullassery Panchayaths in Chavakad Thaluk - Supplying, Laying &amp; Commissioning of 300/250/200 mm DI K9 gravity main - Railway crossing at Brahmakulam- Soil exploration by taking 2 nos. trial bo04923 226 593        IIT Palakkad website IIT CDC Portal IIT Palakkad Faculty Academic Research Profiles   \u00a9 2019 Indian Institute of Technology Palakkad"}