{"page_link": "https://icsr.iitpkd.ac.in/node/970", "title": "https:--icsr.iitpkd.ac.in-node-970", "hyperlinks": ["#main-content", "/", "/user/login", "/node/2", "/node/52", "/national-research-collaborations", "/grant-calls", "/research-facility", "/node/869", "/project-positions", "/sponsored-projects", "/news", "/node/703", "#", "http://iitpkd.ac.in", "http://cdc.iitpkd.ac.in", "http://iitpkd.irins.org/"], "image_link": "icsr.iitpkd.ac.in/sites/default/files/email-icsr.png", "image_desc": "A novel chemical proteomics approach to elucidate the mechanism of action of (-Epigallocatechin-3- Gallate (EGCG)), the major green tea polyphenol using Strategic Bioorthogonal Probe, and improving the bioavailability of EGCG04923 226 593        IIT Palakkad website IIT CDC Portal IIT Palakkad Faculty Academic Research Profiles   \u00a9 2019 Indian Institute of Technology Palakkad"}