{"page_link": "https://icsr.iitpkd.ac.in/sponsored-projects?page=8", "title": "https:--icsr.iitpkd.ac.in-sponsored-projects?page=8", "hyperlinks": ["#main-content", "/", "/user/login", "/node/2", "/node/52", "/national-research-collaborations", "/grant-calls", "/research-facility", "/node/869", "/project-positions", "/sponsored-projects", "/news", "/node/703", "/sponsored-projects", "/consultancy-projects", "/node/673", "/node/671", "/node/670", "/node/669", "/node/667", "/node/615", "/node/614", "/node/613", "/node/612", "/node/611", "/sponsored-projects", "/sponsored-projects?page=7", "/sponsored-projects?page=4", "/sponsored-projects?page=5", "/sponsored-projects?page=6", "/sponsored-projects?page=7", "/sponsored-projects?page=9", "/sponsored-projects?page=10", "/sponsored-projects?page=11", "/sponsored-projects?page=12", "/sponsored-projects?page=9", "/sponsored-projects?page=14", "#", "http://iitpkd.ac.in", "http://cdc.iitpkd.ac.in", "http://iitpkd.irins.org/"], "image_link": "icsr.iitpkd.ac.in/sites/default/files/email-icsr.png", "image_desc": "Funded Projects04923 226 593        IIT Palakkad website IIT CDC Portal IIT Palakkad Faculty Academic Research Profiles   \u00a9 2019 Indian Institute of Technology Palakkad"}