{"page_link": "https://icsr.iitpkd.ac.in/node/1061", "title": "https:--icsr.iitpkd.ac.in-node-1061", "hyperlinks": ["#main-content", "/", "/user/login", "/node/2", "/node/52", "/national-research-collaborations", "/grant-calls", "/research-facility", "/node/869", "/project-positions", "/sponsored-projects", "/news", "/node/703", "/taxonomy/term/1606", "https://icsr.iitpkd.ac.in/sites/default/files/JRF%20-%20IITPKD-2023-007-EE-JOF.pdf", "#", "http://iitpkd.ac.in", "http://cdc.iitpkd.ac.in", "http://iitpkd.irins.org/"], "image_link": "icsr.iitpkd.ac.in/sites/default/files/email-icsr.png", "image_desc": "Junior Research Fellow - IITPKD/2023/007/EE/JOF04923 226 593        IIT Palakkad website IIT CDC Portal IIT Palakkad Faculty Academic Research Profiles   \u00a9 2019 Indian Institute of Technology Palakkad"}