{"page_link": "https://icsr.iitpkd.ac.in/project-positions-archive?page=2", "title": "https:--icsr.iitpkd.ac.in-project-positions-archive?page=2", "hyperlinks": ["#main-content", "/", "/user/login", "/node/2", "/node/52", "/national-research-collaborations", "/grant-calls", "/research-facility", "/node/869", "/project-positions", "/sponsored-projects", "/news", "/node/703", "/project-positions", "/project-positions-archive", "/node/924", "/node/923", "/node/922", "/node/921", "/node/920", "/node/919", "/node/918", "/node/917", "/node/914", "/node/913", "/node/907", "/node/906", "/node/902", "/node/901", "/node/900", "/node/891", "/node/890", "/node/889", "/node/888", "/node/887", "/project-positions-archive", "/project-positions-archive?page=1", "/project-positions-archive", "/project-positions-archive?page=1", "/project-positions-archive?page=3", "/project-positions-archive?page=4", "/project-positions-archive?page=5", "/project-positions-archive?page=6", "/project-positions-archive?page=3", "/project-positions-archive?page=6", "#", "http://iitpkd.ac.in", "http://cdc.iitpkd.ac.in", "http://iitpkd.irins.org/"], "image_link": "icsr.iitpkd.ac.in/sites/default/files/email-icsr.png", "image_desc": "Project positions archive04923 226 593        IIT Palakkad website IIT CDC Portal IIT Palakkad Faculty Academic Research Profiles   \u00a9 2019 Indian Institute of Technology Palakkad"}