{"page_link": "https://icsr.iitpkd.ac.in/node/924", "title": "https:--icsr.iitpkd.ac.in-node-924", "hyperlinks": ["#main-content", "/", "/user/login", "/node/2", "/node/52", "/national-research-collaborations", "/grant-calls", "/research-facility", "/node/869", "/project-positions", "/sponsored-projects", "/news", "/node/703", "/taxonomy/term/1600", "https://icsr.iitpkd.ac.in/sites/default/files/Project%20Scientist%20-%20IITPKD-2022-014-CE-SKN.pdf", "#", "http://iitpkd.ac.in", "http://cdc.iitpkd.ac.in", "http://iitpkd.irins.org/"], "image_link": "icsr.iitpkd.ac.in/sites/default/files/email-icsr.png", "image_desc": "Project Scientist - IITPKD/2022/014/CE/SKN04923 226 593        IIT Palakkad website IIT CDC Portal IIT Palakkad Faculty Academic Research Profiles   \u00a9 2019 Indian Institute of Technology Palakkad"}