{"page_link": "https://icsr.iitpkd.ac.in/node/887", "title": "https:--icsr.iitpkd.ac.in-node-887", "hyperlinks": ["#main-content", "/", "/user/login", "/node/2", "/node/52", "/national-research-collaborations", "/grant-calls", "/research-facility", "/node/869", "/project-positions", "/sponsored-projects", "/news", "/node/703", "/taxonomy/term/1606", "https://icsr.iitpkd.ac.in/sites/default/files/Junior%20Research%20Fellow%20-%20IITPKD-2021-031-EE-SRV.pdf", "#", "http://iitpkd.ac.in", "http://cdc.iitpkd.ac.in", "http://iitpkd.irins.org/"], "image_link": "icsr.iitpkd.ac.in/modules/file/icons/application-pdf.png", "image_desc": "Junior Research Fellow - IITPKD/2021/031/EE/SRV Junior Research Fellow - IITPKD-2021-031-EE-SRV.pdf                Centre for Industry Collaboration and Sponsored Research Indian Institute of Technology Palakkad Pudussery West, Kanjikode  Palakkad, Kerala - 678 623  04923 226 593 "}