{"page_link": "https://icsr.iitpkd.ac.in/node/855", "title": "https:--icsr.iitpkd.ac.in-node-855", "hyperlinks": ["#main-content", "/", "/user/login", "/node/2", "/node/52", "/national-research-collaborations", "/grant-calls", "/research-facility", "/node/869", "/project-positions", "/sponsored-projects", "/news", "/node/703", "/taxonomy/term/1600", "https://icsr.iitpkd.ac.in/sites/default/files/Project%20Associate%20%28II%29%20-%20IITPKD-2021-026-CE-GOC.pdf", "#", "http://iitpkd.ac.in", "http://cdc.iitpkd.ac.in", "http://iitpkd.irins.org/"], "image_link": "icsr.iitpkd.ac.in/sites/default/files/email-icsr.png", "image_desc": "Project Associate (II) - IITPKD/2021/026/CE/GOC04923 226 593        IIT Palakkad website IIT CDC Portal IIT Palakkad Faculty Academic Research Profiles   \u00a9 2019 Indian Institute of Technology Palakkad"}