{"page_link": "https://iitpkd.ac.in/people/sanjukta", "title": "https:--iitpkd.ac.in-people-sanjukta", "hyperlinks": ["#", "#", "#", "#", "https://doi.org/10.1016/j.jsv.2022.117501", "https://avestia.com/ICCSTE2022_Proceedings/files/paper/ICCSTE_213.pdf", "https://link.springer.com/article/10.1007/s11803-022-2087-2", "https://scholar.google.co.in/scholar?q=A novel servomechanism based proportional\u2013integral controller with Kalman filter estimator for seismic response control of structures using magneto-rheological dampers,Jagajyoti Panda, Sanjukta Chakraborty, Samit Ray-Chaudhury", "https://www.sciencedirect.com/science/article/pii/S0141029621004570?dgcid=coauthor", "https://journals.sagepub.com/doi/abs/10.1177/10775463211000497?journalCode=jvcb", "https://scholar.google.co.in/scholar?q=Traffic Rerouting to Maximize Structural Reliability,Vivek T. V., Apoorva Chiluveru., Bhavathrathan B. K., and Sanjukta Chakraborty", "https://scholar.google.co.in/scholar?q=Study of spill over phenomena for frequency dependent feedback control algorithm,Chakraborty, S., and Ray Chaudhuri, S.", "https://scholar.google.co.in/scholar?q=Comparative Assessment of Linear Quadratic Algorithm between Real and Independent Modal Space,Chakraborty, S., Ji, X", "https://doi.org/10.1016/j.engstruct.2017.12.033", "https://doi.org/10.1061/(ASCE)EM.1943-7889.0001218", "https://doi.org/10.1061/(ASCE)EM.1943-7889.0001262", "https://scholar.google.co.in/scholar?q=Control of blast induced vibration of building by pole placement and LQG control algorithm,Chakraborty, S., and Ray Chaudhuri, S.", "https://scholar.google.co.in/scholar?q=Development of a New Algorithm to Control Excitation of Particular Mode of a Building,Chakraborty, S., and Ray Chaudhuri, S.", "https://doi.org/10.1016/j.engstruct.2016.07.049", "https://doi.org/10.1177%2F1077546314561035"], "image_link": "iitpkd.ac.in/sites/default/files/styles/with_scale_/public/pictures/2023-02/Sanjukta.jpg?itok=Ka3edI1Q", "image_desc": "https://iitpkd.ac.in/people/sanjukta                   Dr. Sanjukta Chakraborty      Assistant Professor           Civil Engineering           sanjukta@iitpkd.ac.in           Research Area:  Vibration control of structures using passive and feedback control mechanisms, Research Area:  Optimal control, Research Area:  Base isolation, Research Area:  Substructure shaking table test                                        Biosketch   Work Experience Assistant Professor\u00a0 \u00a0 \u00a0 \u00a0 \u00a0 \u00a0 \u00a0 \u00a0 \u00a0 \u00a0 \u00a0 \u00a0 \u00a0 \u00a0 \u00a0Indian Institute of Technology Palakkad\u00a0 \u00a0 \u00a0 \u00a0\u00a0\u00a0 December 2018- Present"}