{"page_link": "https://iitpkd.ac.in/people/gokul", "title": "https:--iitpkd.ac.in-people-gokul", "hyperlinks": ["#", "#", "#", "#"], "image_link": "iitpkd.ac.in/sites/default/files/styles/with_scale_/public/pictures/2023-02/Gokulnath%20C.jpg?itok=3TMUgZhr", "image_desc": "https://iitpkd.ac.in/people/gokul                   Dr. Gokulnath C      Assistant Professor           Civil Engineering           gokul@iitpkd.ac.in           Research Area:  Constitutive modelling, Research Area:  Continuum Mechanics, Research Area:  Finite element modelling, Research Area:  Experimental mechanics                                        Biosketch   Education"}