{"page_link": "https://icsr.iitpkd.ac.in/node/708", "title": "https:--icsr.iitpkd.ac.in-node-708", "hyperlinks": ["#main-content", "/", "/user/login", "/node/2", "/node/52", "/national-research-collaborations", "/grant-calls", "/research-facility", "/node/869", "/project-positions", "/sponsored-projects", "/news", "/node/703", "/taxonomy/term/1605", "https://icsr.iitpkd.ac.in/sites/default/files/Junior%20Research%20Fellow%20-%20IITPKD-2020-033-PHY-AKP.pdf", "#", "http://iitpkd.ac.in", "http://cdc.iitpkd.ac.in", "http://iitpkd.irins.org/"], "image_link": "icsr.iitpkd.ac.in/sites/default/files/email-icsr.png", "image_desc": "Junior Research Fellow - IITPKD/2020/033/PHY/AKP04923 226 593        IIT Palakkad website IIT CDC Portal IIT Palakkad Faculty Academic Research Profiles   \u00a9 2019 Indian Institute of Technology Palakkad"}