{"page_link": "https://icsr.iitpkd.ac.in/node/642", "title": "https:--icsr.iitpkd.ac.in-node-642", "hyperlinks": ["#main-content", "/", "/user/login", "/node/2", "/node/52", "/national-research-collaborations", "/grant-calls", "/research-facility", "/node/869", "/project-positions", "/sponsored-projects", "/news", "/node/703", "/taxonomy/term/1606", "https://icsr.iitpkd.ac.in/sites/default/files/Research%20Assistant%20-%20IITPKD-2020-023-EE-SWS.pdf", "#", "http://iitpkd.ac.in", "http://cdc.iitpkd.ac.in", "http://iitpkd.irins.org/"], "image_link": "icsr.iitpkd.ac.in/modules/file/icons/application-pdf.png", "image_desc": "Research Assistant - IITPKD/2020/023/EE/SWS Research Assistant - IITPKD-2020-023-EE-SWS.pdf                Centre for Industry Collaboration and Sponsored Research Indian Institute of Technology Palakkad Pudussery West, Kanjikode  Palakkad, Kerala - 678 623  04923 226 593 "}