{"page_link": "https://iitpkd.ac.in/people/bhavathrathan", "title": "https:--iitpkd.ac.in-people-bhavathrathan", "hyperlinks": ["#", "https://www.sciencedirect.com/science/article/pii/S1366554520306682", "#", "#", "#", "http://natpac.kerala.gov.in/index.php/component/content/article/82-technical-staff/170-anish-kini", "http://natpac.kerala.gov.in/index.php/component/content/article/82-technical-staff/165-s-ebin-sam", "https://www.nitt.edu/home/academics/departments/civil/faculty/darshana/", "#", "#", "https://doi.org/10.1016/j.rtbm.2021.100768", "https://www.sciencedirect.com/science/article/pii/S0925753521003581", "https://www.sciencedirect.com/science/article/abs/pii/S1366554520306682", "https://www.tandfonline.com/doi/abs/10.1080/23249935.2020.1737270", "https://www.currentscience.ac.in/Volumes/118/03/0428.pdf", "https://trid.trb.org/view/1572583", "https://link.springer.com/article/10.1007/s11116-018-9932-1", "https://scholar.google.co.in/scholar?q=An algorithm to compute urban road network resilience,Bhavathrathan, B.K.; Patil, G.R.", "https://www.sciencedirect.com/science/article/pii/S2352146517310359", "https://doi.org/10.3141/2619-08", "https://www.worldscientific.com/doi/abs/10.1142/S021952591650003X", "https://www.sciencedirect.com/science/article/pii/S0198971515300053", "https://www.tandfonline.com/doi/abs/10.1080/23249935.2015.1087230", "https://www.tandfonline.com/doi/abs/10.3846/16484142.2014.928788", "https://www.sciencedirect.com/science/article/pii/S1877042813045357", "https://www.tandfonline.com/doi/abs/10.3328/TL.2012.04.01.29-39?journalCode=ytrl20"], "image_link": "iitpkd.ac.in/sites/default/files/inline-images/70643.jpg", "image_desc": "<em><img alt=\"Group Photo May 22\" data-entity-type=\"file\" data-entity-uuid=\"657321f6-fb63-4f51-a1b2-c8335efd73a7\" height=\"650\" loading=\"lazy\" src=\"/sites/default/files/inline-images/GroupPhotoMay22.jpg\" width=\"1139\"/></em>\u00a0 \u00a0  \u00a0 Salma Shepheek Civil Engg. B. Tech. Project\u00a02021-'22 Working on\u00a0effect of road network inconsistencies on crashes. \u00a0 Past Affiliates Darshana Othayoth Postdoctoral Fellow 2019-'20 Worked\u00a0on user perceptions of traffic's levels of service and safety. Current Position:\u00a0Assistant Professor,\u00a0National Institute of Technology Tiruchirappalli Previous Degree: Ph. D., IIT Bombay"}