{"page_link": "https://icsr.iitpkd.ac.in/node/460", "title": "https:--icsr.iitpkd.ac.in-node-460", "hyperlinks": ["#main-content", "/", "/user/login", "/node/2", "/node/52", "/national-research-collaborations", "/grant-calls", "/research-facility", "/node/869", "/project-positions", "/sponsored-projects", "/news", "/node/703", "https://cif.iitpkd.ac.in/", "#", "http://iitpkd.ac.in", "http://cdc.iitpkd.ac.in", "http://iitpkd.irins.org/"], "image_link": "https://icsr.iitpkd.ac.in/sites/default/files/CIF_0.jpeg", "image_desc": "Central Intrumentation Facility &amp; Central Micro-Nano Fabrication FacilityIIT Palakkad has set up the Central Instrumentation Facility and Central Micro-Nano Fabrication Facility with the primary objective of supporting the research activities of its faculty, Ph.D scholars and Postdoctoral researchers. The facilities will house a wide range of sophisticated analytical and fabrication equipment, maintain them and ensure a fair utilization among the research community. The facilities are envisaged to nourish collaborative research between IIT Palakkad and other academic and Industrial organizations. Some of the equipment that are installed and operational."}