{"page_link": "https://iitpkd.ac.in/people/athira", "title": "https:--iitpkd.ac.in-people-athira", "hyperlinks": ["#", "#", "#", "#", "#", "https://scholar.google.co.in/scholar?q=Process informed selection of climate models for climate change impact assessment in the Western Coast of India,Jose George and Athira P.", "http://doi.org/10.1002/essoar.10509683.1", "https://scholar.google.co.in/scholar?q=Effect of Root Zone Soil Moisture on the SWAT Model Simulation of Surface and Subsurface Hydrological Fluxes,Rajat and Athira P.", "https://doi.org/10.1016/j.envsoft.2021.105131", "https://scholar.google.co.in/scholar?q=Calibration of distributed hydrological models considering the heterogeneity of the parameters across the basin: a case study of SWAT model,Athira P. and Sudheer K. P. ", "https://doi.org/10.1002/essoar.10505380.1", "https://scholar.google.co.in/scholar?q=A Comparative Study on Different Calibration Approaches for Streamflow Prediction in Swat Model,Rajat and Athira P.", "https://doi.org/10.1007/s00704-020-03255-8", "https://scholar.google.co.in/scholar?q=Long Term Trend in Climate Variables over Bharathapuzha Catchment, Kerala, India,Jose George and Athira P.", "https://scholar.google.co.in/scholar?q=Impact of calibration objective function on the performance of the hydrological model,Vamsi Krishna Vema, Cicily Kurian, Athira P, K P Sudheer, and I. Chaubey", "https://scholar.google.co.in/scholar?q=Uncertainty in the SWAT model simulations due to different spatial resolution of gridded precipitation data,Vamsi Krishna Vema, Jobin Thomas, Jayaprathika M., Cicily Kurian, Athira P, K P Sudheer", "https://link.springer.com/article/10.1007/s00477-018-1538-9", "https://scholar.google.co.in/scholar?q=Landuse/Land cover change detection and Modelling in Bharathapuzha River Basin,Epapra, P., Athira P., and Sathish K. D.", "https://scholar.google.co.in/scholar?q=Regionalization of Distributed hydrological Models: A method to predict the streamflow and to quantify the predictive uncertainty,Athira, P. Sudheer, K.P., Cibin, R., and Chaubey, I., ", "https://scholar.google.co.in/scholar?q=A method to reduce the computational requirement while assessing uncertainty of complex hydrological models,Athira, P., and Sudheer, K., P.", "https://scholar.google.co.in/scholar?q=Application of distributed hydrological models for predictions in ungauged basins: a method to quantify predictive uncertainty,Cibin, R., Athira P., Sudheer K. P., and Chaubey I.,", "https://scholar.google.co.in/scholar?q=A Multi-criterion Based Approach to Quantify Predictive Uncertainty of Distributed Hydrologic Models When Applied to Ungauged Basins,Athira, P., Sudheer, K. P, Cibin, R., and Chaubey, I. "], "image_link": "iitpkd.ac.in/sites/default/files/styles/with_scale_/public/pictures/2023-02/Athira%20P.jpg?itok=VnGcXAXz", "image_desc": "https://iitpkd.ac.in/people/athira                   Dr. Athira P.      Assistant Professor      , Environmental Sciences and Sustainable Engineering Centre      Civil Engineering           athira@iitpkd.ac.in           Research Area:  Predictions in Ungauged Basins, Research Area:  Hydrological Modelling and Uncertainty Analysis, Research Area:  Watershed Management, Research Area:  Landuse/Landcover change modelling, Research Area:  Climate change impact analysis, Research Area:  Water Security, Research Area:  Forest Hydrology                                        Biosketch      Teaching  Water Resources Engineering"}