{"page_link": "https://icsr.iitpkd.ac.in/node/410", "title": "https:--icsr.iitpkd.ac.in-node-410", "hyperlinks": ["#main-content", "/", "/user/login", "/node/2", "/node/52", "/national-research-collaborations", "/grant-calls", "/research-facility", "/node/869", "/project-positions", "/sponsored-projects", "/news", "/node/703", "#", "http://iitpkd.ac.in", "http://cdc.iitpkd.ac.in", "http://iitpkd.irins.org/"], "image_link": "https://icsr.iitpkd.ac.in/sites/default/files/default_images/default-news-image_0.png", "image_desc": "Environmental Engineering LaboratoryEnvironmental Engineering lab supports both teaching and research in the field of water quality assessment, water and wastewater treatment, analytical chemistry, and microbiology. The laboratory is well furnished with incubators, fume hood, balances, centrifuge, shaker, pH meter, COD digester, drying oven, and muffle furnace. A dedicated air conditioned workspace equipped with UV Spectrophotometer, TOC Analyser and multi-channel Potentiostat has been established for cutting edge research and innovations."}