{"page_link": "https://icsr.iitpkd.ac.in/node/156", "title": "https:--icsr.iitpkd.ac.in-node-156", "hyperlinks": ["#main-content", "/", "/user/login", "/node/2", "/node/52", "/national-research-collaborations", "/grant-calls", "/research-facility", "/node/869", "/project-positions", "/sponsored-projects", "/news", "/node/703", "#", "http://iitpkd.ac.in", "http://cdc.iitpkd.ac.in", "http://iitpkd.irins.org/"], "image_link": "https://icsr.iitpkd.ac.in/sites/default/files/Selection_009.png", "image_desc": "High Performance ComputingThe Chandra High performance computing cluster (HPC)\u00a0 provides a powerful computing platform for research in engineering and physical sciences. This system has been operational since June 2017. The HPC consists of 64 compute nodes, each with a dual 12-core Intel processor. Each core runs at 2.2 GHz and has 4 GB of RAM per core. The HPC is one of the first systems in India to use a 100 Gbps high-speed OmniPath interconnect from Intel. The system provides about 50 TFlops of computing power. Chandra also accesses 100 TB of disk space setup as a parallel file system running Lustre from Intel. The HPC will be used by faculty, research staff and students at IIT Palakkad to investigate \u00a0complex research problems in science and engineering. The HPC will enable researchers at IIT Palakkad to undertake computer simulation based consultancy projects for various industries in the aero-space, semiconductor, bio-technology, civil, mechanical and other sectors."}