{"page_link": "https://iitpkd.ac.in/people/krithika", "title": "https:--iitpkd.ac.in-people-krithika", "hyperlinks": ["#", "https://www.imsc.res.in/saket_saurabh", "https://www.imsc.res.in/~vraman/", "http://www.cse.iitm.ac.in/~swamy/doku.php", "http://www.cse.iitm.ac.in/~swamy/doku.php", "#", "#", "https://iitpkd.ac.in/people/deepak", "https://iitpkd.ac.in/people/cnarayanan", "https://iitpkd.ac.in/people/sahely", "https://iitpkd.ac.in/people/deepak", "https://iitpkd.ac.in/people/jasine", "https://iitpkd.ac.in/people/albert", "#", "https://iitpkd.ac.in/people/jasine", "https://iitpkd.ac.in/people/krithika", "https://iitpkd.ac.in/people/deepak", "https://iitpkd.ac.in/people/111914001", "https://iitpkd.ac.in/people/deepu", "https://iitpkd.ac.in/people/112104002", "#", "https://scholar.google.co.in/scholar?q=Balanced Substructures in Bicolored Graphs,P. S. Ardra, R. Krithika, Saket Saurabh and Roohani Sharma", "https://scholar.google.co.in/scholar?q=Packing Arc-Disjoint 4-Cycles in Oriented Graphs,Jasine Babu, R. Krithika and Deepak Rajendraprasad", "https://scholar.google.co.in/scholar?q=The Complexity of Contracting Bipartite Graphs into Small Cycles,R. Krithika, Roohani Sharma and Prafullkumar Tale", "https://doi.org/10.1007/s00453-020-00788-2", "https://doi.org/10.1016/j.dam.2020.12.015", "https://doi.org/10.1016/j.tcs.2020.08.028", "https://doi.org/10.1016/j.tcs.2020.06.001", "https://doi.org/10.1007/978-3-030-61792-9_9", "https://doi.org/10.1007/978-3-030-39881-1_21", "https://scholar.google.co.in/scholar?q=The Parameterized Complexity of Cycle Packing: Indifference is Not an Issue,R. Krithika, A. Sahu, S. Saurabh and M. Zehavi", "https://doi.org/10.4230/LIPIcs.MFCS.2019.27", "http://easyconferences.eu/ciac2019/accepted.html", "http://easyconferences.eu/ciac2019/accepted.html", "https://doi.org/10.1007/978-3-319-77404-6_52", "https://doi.org/10.1007/978-3-319-94776-1_29", "https://doi.org/10.1007/s00453-017-0315-3", "https://doi.org/10.1007/s00453-017-0349-6", "https://doi.org/10.1007/s00224-017-9837-y", "https://doi.org/10.1007/978-3-319-51963-0_26", "https://doi.org/10.4230/LIPIcs.FSTTCS.2017.9", "https://doi.org/10.4230/LIPIcs.FSTTCS.2016.23", "https://doi.org/10.4230/LIPIcs.IPEC.2016.19", "https://doi.org/10.1007/978-3-662-44777-2_36", "https://doi.org/10.1016/j.disc.2013.08.032", "https://doi.org/10.1016/j.ipl.2013.08.007", "https://doi.org/10.7155/jgaa.00288", "https://doi.org/10.1007/978-3-642-28076-4_5"], "image_link": "iitpkd.ac.in/sites/default/files/styles/with_scale_/public/pictures/2023-02/Kritika%20Ramswamy.jpg?itok=KuVvQjze", "image_desc": "https://iitpkd.ac.in/people/krithika                   Dr. Krithika Ramaswamy      Assistant Professor           Computer Science And Engineering           krithika@iitpkd.ac.in           Research Area:  Graph Theory and Algorithms, Research Area:  Parameterized Algorithms, Research Area:  Approximation Algorithms                                        Biosketch   2018-present: Assistant Professor \u00a0\u00a0\u00a0\u00a0Computer Science and Engineering, IIT Palakkad"}