{"page_link": "https://icsr.iitpkd.ac.in/node/782", "title": "https:--icsr.iitpkd.ac.in-node-782", "hyperlinks": ["#main-content", "/", "/user/login", "/node/2", "/node/52", "/national-research-collaborations", "/grant-calls", "/research-facility", "/node/869", "/project-positions", "/sponsored-projects", "/news", "/node/703", "https://onlinedst.gov.in/Projectproposalformat.aspx?Id=JOINT%20CALL%202020%20ON%20DIGITAL%20TRANSFORMATON%20FOR%20GREEN%20ENERGY%20TRANSITION%20%28MICALL20%29#", "#", "http://iitpkd.ac.in", "http://cdc.iitpkd.ac.in", "http://iitpkd.irins.org/"], "image_link": "icsr.iitpkd.ac.in/sites/default/files/email-icsr.png", "image_desc": "Digital Transformation for Green Energy Transition (MI Call 2020)04923 226 593        IIT Palakkad website IIT CDC Portal IIT Palakkad Faculty Academic Research Profiles   \u00a9 2019 Indian Institute of Technology Palakkad"}