{"page_link": "https://iitpkd.ac.in/people/112104001", "title": "https:--iitpkd.ac.in-people-112104001", "hyperlinks": ["#", "#", "/people/jasine", "#", "#", "/taxonomy/term/230"], "image_link": "iitpkd.ac.in/sites/default/files/styles/with_scale_/public/pictures/2022-05/Ganesh_0.jpg?itok=nSuJKeNu", "image_desc": "https://iitpkd.ac.in/people/112104001                   Mr. Ganesh.P      Research Scholar           Computer Science And Engineering      Computer Science and Engineering      112104001@smail.iitpkd.ac.in           Research Area:  Graph Theory and Algorithms                                        Biosketch      Phd Supervisor  Jasine    Additional Information            Title Teaching Assistance        Description CS2040 Design and Analysis of Algorithms (January - April 2022 )"}