{"page_link": "https://icsr.iitpkd.ac.in/node/656", "title": "https:--icsr.iitpkd.ac.in-node-656", "hyperlinks": ["#main-content", "/", "/user/login", "/node/2", "/node/52", "/national-research-collaborations", "/grant-calls", "/research-facility", "/node/869", "/project-positions", "/sponsored-projects", "/news", "/node/703", "https://gita.org.in/OnlineRfp/ProgramInfo.aspx?ProgramId=42", "#", "http://iitpkd.ac.in", "http://cdc.iitpkd.ac.in", "http://iitpkd.irins.org/"], "image_link": "icsr.iitpkd.ac.in/sites/default/files/email-icsr.png", "image_desc": "India- Israel Industrial R&amp;D &amp; Technological Innovation Hub (I4F)04923 226 593        IIT Palakkad website IIT CDC Portal IIT Palakkad Faculty Academic Research Profiles   \u00a9 2019 Indian Institute of Technology Palakkad"}