{"page_link": "https://icsr.iitpkd.ac.in/node/632", "title": "https:--icsr.iitpkd.ac.in-node-632", "hyperlinks": ["#main-content", "/", "/user/login", "/node/2", "/node/52", "/national-research-collaborations", "/grant-calls", "/research-facility", "/node/869", "/project-positions", "/sponsored-projects", "/news", "/node/703", "https://dst.gov.in/callforproposals/national-innovation-challenge-awards-designing-and-developing-energy-storage", "#", "http://iitpkd.ac.in", "http://cdc.iitpkd.ac.in", "http://iitpkd.irins.org/"], "image_link": "icsr.iitpkd.ac.in/sites/default/files/email-icsr.png", "image_desc": "National Innovation Challenge Awards for Designing &amp; Developing Energy Storage Devices for Rural Household/ Enterprise Applications04923 226 593        IIT Palakkad website IIT CDC Portal IIT Palakkad Faculty Academic Research Profiles   \u00a9 2019 Indian Institute of Technology Palakkad"}