{"page_link": "https://icsr.iitpkd.ac.in/node/658", "title": "https:--icsr.iitpkd.ac.in-node-658", "hyperlinks": ["#main-content", "/", "/user/login", "/node/2", "/node/52", "/national-research-collaborations", "/grant-calls", "/research-facility", "/node/869", "/project-positions", "/sponsored-projects", "/news", "/node/703", "http://www.serb.gov.in/pdfs/what-new/CryoEM_Draft%20Call%20_%20final-%20updated%20(1).pdf", "#", "http://iitpkd.ac.in", "http://cdc.iitpkd.ac.in", "http://iitpkd.irins.org/"], "image_link": "icsr.iitpkd.ac.in/sites/default/files/email-icsr.png", "image_desc": "IRHPA Call on Cryo- Electron Microscopy for Macromolecular Structures and Complexes04923 226 593        IIT Palakkad website IIT CDC Portal IIT Palakkad Faculty Academic Research Profiles   \u00a9 2019 Indian Institute of Technology Palakkad"}