{"page_link": "https://iitpkd.ac.in/people/kpal", "title": "https:--iitpkd.ac.in-people-kpal", "hyperlinks": ["#", "https://people.mpi-inf.mpg.de/~weikum/", "https://dbis.informatik.uni-kl.de/index.php/en/people/michel", "#", "#", "#", "#"], "image_link": "iitpkd.ac.in/sites/default/files/styles/with_scale_/public/pictures/2023-02/Koninika%20Pal.jpg?itok=cWDdDWmM", "image_desc": "https://iitpkd.ac.in/people/kpal                   Dr. Koninika Pal      Assistant Professor      , Computer Science And Engineering      Data Science           kpal@iitpkd.ac.in           Research Area:  Knowledge Base Curation , Research Area:  Indexing and Similarity Search, Research Area:  Question Answering Systems                                        Biosketch   I am\u00a0an assistant professor\u00a0in the Department of Data Science and Computer Science & Engineering at IIT Palakkad. Before joining here, I was a postdoctoral fellow in Prof. Gerhard Weikum's group\u00a0at Max Planck Institute for Informatics, Saarbruecken Germany. I\u00a0received my Ph.D. degree from Technical University Kaiserslautern under the supervision of\u00a0Prof. Sebastian Michel\u00a0in\u00a02018.\u00a0"}