{"page_link": "https://icsr.iitpkd.ac.in/node/606", "title": "https:--icsr.iitpkd.ac.in-node-606", "hyperlinks": ["#main-content", "/", "/user/login", "/node/2", "/node/52", "/national-research-collaborations", "/grant-calls", "/research-facility", "/node/869", "/project-positions", "/sponsored-projects", "/news", "/node/703", "http://www.cefipra.org/Document/web-site-04.pdf", "#", "http://iitpkd.ac.in", "http://cdc.iitpkd.ac.in", "http://iitpkd.irins.org/"], "image_link": "icsr.iitpkd.ac.in/sites/default/files/email-icsr.png", "image_desc": "Technology Development Board, Bpifrance financement and Indo-French Centre for Promotion of Advanced Research\u00a0(IFCPAR/CEFIPRA)\u00a0joint call04923 226 593        IIT Palakkad website IIT CDC Portal IIT Palakkad Faculty Academic Research Profiles   \u00a9 2019 Indian Institute of Technology Palakkad"}