{"page_link": "https://icsr.iitpkd.ac.in/node/625", "title": "https:--icsr.iitpkd.ac.in-node-625", "hyperlinks": ["#main-content", "/", "/user/login", "/node/2", "/node/52", "/national-research-collaborations", "/grant-calls", "/research-facility", "/node/869", "/project-positions", "/sponsored-projects", "/news", "/node/703", "http://dbtindia.gov.in/latest-announcement/india-eu-co-funding-announcement-rapid-solutions-and-higher-preparedness-covid", "#", "http://iitpkd.ac.in", "http://cdc.iitpkd.ac.in", "http://iitpkd.irins.org/"], "image_link": "icsr.iitpkd.ac.in/sites/default/files/email-icsr.png", "image_desc": "India-EU Co-funding on Rapid Solutions and Higher Preparedness to COVID-1904923 226 593        IIT Palakkad website IIT CDC Portal IIT Palakkad Faculty Academic Research Profiles   \u00a9 2019 Indian Institute of Technology Palakkad"}