{"page_link": "https://icsr.iitpkd.ac.in/node/534", "title": "https:--icsr.iitpkd.ac.in-node-534", "hyperlinks": ["#main-content", "/", "/user/login", "/node/2", "/node/52", "/national-research-collaborations", "/grant-calls", "/research-facility", "/node/869", "/project-positions", "/sponsored-projects", "/news", "/node/703", "http://dbtindia.gov.in/sites/default/files/HFSP_Call%20for%20Research%20Grant%20applications_0.pdf", "#", "http://iitpkd.ac.in", "http://cdc.iitpkd.ac.in", "http://iitpkd.irins.org/"], "image_link": "icsr.iitpkd.ac.in/sites/default/files/email-icsr.png", "image_desc": " Letter of Intent for Research Grants for Human Frontier Science Program (HFSP)04923 226 593        IIT Palakkad website IIT CDC Portal IIT Palakkad Faculty Academic Research Profiles   \u00a9 2019 Indian Institute of Technology Palakkad"}