{"page_link": "https://iitpkd.github.io/mcam/faculty", "title": "https:--iitpkd.github.io-mcam-faculty", "hyperlinks": ["https://iitpkd.ac.in", "/mcam/", "/mcam/highlights", "/mcam/about", "/mcam/curriculum", "/mcam/syllabi", "/mcam/faculty", "/mcam/apply", "https://iitpkd.ac.in/people/albert", "https://iitpkd.ac.in/people/deepak", "https://iitpkd.ac.in/people/jasine", "https://iitpkd.ac.in/people/krithika", "https://iitpkd.ac.in/people/ppk", "https://getbootstrap.com/", "https://bootswatch.com/", "https://pages.github.com/"], "image_link": "iitpkd.github.io/mcam/assets/images/jasine.jpg", "image_desc": "<span class=\"ion ion-ios-snow-outline\"></span>  Assistant Professor"}