{"page_link": "https://icsr.iitpkd.ac.in/node/246", "title": "https:--icsr.iitpkd.ac.in-node-246", "hyperlinks": ["#main-content", "/", "/user/login", "/node/2", "/node/52", "/national-research-collaborations", "/grant-calls", "/research-facility", "/node/869", "/project-positions", "/sponsored-projects", "/news", "/node/703", "http://icssr.org/sites/default/files/tender/IMPRESS-2ndCall-advt.pdf", "https://icsr.iitpkd.ac.in/sites/default/files/Guidelines-Project.pdf", "#", "http://iitpkd.ac.in", "http://cdc.iitpkd.ac.in", "http://iitpkd.irins.org/"], "image_link": "icsr.iitpkd.ac.in/sites/default/files/email-icsr.png", "image_desc": "Call for Research Proposals under 2nd Call of Impactful Policy Research in Social Science (IMPRESS)04923 226 593        IIT Palakkad website IIT CDC Portal IIT Palakkad Faculty Academic Research Profiles   \u00a9 2019 Indian Institute of Technology Palakkad"}