{"page_link": "https://icsr.iitpkd.ac.in/international-research-collaborations", "title": "https:--icsr.iitpkd.ac.in-international-research-collaborations", "hyperlinks": ["#main-content", "/", "/user/login", "/node/2", "/node/52", "/national-research-collaborations", "/grant-calls", "/research-facility", "/node/869", "/project-positions", "/sponsored-projects", "/news", "/node/703", "/national-research-collaborations", "/international-research-collaborations", "/node/1055", "/node/1055", "/node/1049", "/node/1049", "/node/790", "/node/790", "/node/695", "/node/695", "#", "http://iitpkd.ac.in", "http://cdc.iitpkd.ac.in", "http://iitpkd.irins.org/"], "image_link": "icsr.iitpkd.ac.in/sites/default/files/email-icsr.png", "image_desc": "International Research Collaborations 04923 226 593        IIT Palakkad website IIT CDC Portal IIT Palakkad Faculty Academic Research Profiles   \u00a9 2019 Indian Institute of Technology Palakkad"}