{"page_link": "https://pgadmit.iitpkd.ac.in/forms-by-program/mtech", "title": "https:--pgadmit.iitpkd.ac.in-forms-by-program-mtech", "hyperlinks": ["#main-content", "/", "/", "/user/login", "#", "/", "", "/forms-by-program/mtech", "/msc-programs", "https://jam.iitg.ac.in/", "/important-dates", "/how-to-apply", "https://coap.iitkgp.ac.in/", "https://drive.google.com/file/d/14FPuuj28JhiE_4TxvywbFWBAQO2KEM6s/view?usp=share_link", "https://drive.google.com/file/d/1XgPNIg1ki4mU0E3xvtjZE8_feHuCTS2t/view?usp=share_link", "https://drive.google.com/file/d/1svKv4YTYPr6kjmJfpo4O3Qive5isIje9/view?usp=share_link", "/financial-assistance", "/contact/contact_us", "/faq-0", "/form-action/8084", "/form-action/8083", "/form-action/8082", "/form-action/8081", "/form-action/8080", "/form-action/8078", "/forms/latest-application", "/form-action/8078", "/user/login?destination=forms-by-program/mtech", "/form-action/8080", "/user/login?destination=forms-by-program/mtech", "/form-action/8081", "/user/login?destination=forms-by-program/mtech", "/form-action/8082", "/user/login?destination=forms-by-program/mtech", "/form-action/8083", "/user/login?destination=forms-by-program/mtech", "/form-action/8084", "/user/login?destination=forms-by-program/mtech", "/", "https://mail.google.com/a/iitpkd.ac.in", "https://iitpkd.ac.in/events", "https://iitpkd.ac.in/newsletter", "https://iitpkd.ac.in/purchase-procedure-and-annexures", "https://iitpkd.ac.in/downloadable-forms-only-employess", "https://iitpkd.ac.in/circular", "https://iitpkd.ac.in/anti-ragging", "https://iitpkd.ac.in/tadp1", "https://iitpkd.ac.in/internal-cconcbd", "https://iitpkd.ac.in/internal-complaints-committee-sexual-harassment", "https://iitpkd.ac.in/internal-complaints-committee-sexual-harassment", "https://iitpkd.ac.in/join-us", "/user/login", "https://support.iitpkd.ac.in/", "https://sites.google.com/iitpkd.ac.in/iitpalakkad/telephone-directory", "https://mrbs.iitpkd.ac.in/", "https://lms.iitpkd.ac.in/", "http://192.168.1.17/", "https://cdc.iitpkd.ac.in/", "https://icsr.iitpkd.ac.in/", "https://records.iitpkd.ac.in/", "https://records.iitpkd.ac.in/", "https://idp.iitpkd.ac.in/"], "image_link": "pgadmit.iitpkd.ac.in/themes/custom/iitpkd_dxpr_theme/iitplogo.png", "image_desc": "https://pgadmit.iitpkd.ac.in/forms-by-program/mtech    PG Admission Portal           Search Search        Sign In          Toggle menu        Home   Programs   M.Tech.   M. Sc.     JAM 2023   Important Dates   How to Apply   COAP 2023 Portal   Brochure   Poster   Fees and Deposits   Financial Assistance   Contact Us   FAQ             Current admissions        Latest Admissions       M.Tech. in System-on-Chip Design 2023    M.Tech. in Power Electronics & Power Systems 2023    M.Tech. in Manufacturing and Materials Engineering 2023    M.Tech. in Geotechnical Engineering 2023    M.Tech. in Data Science 2023     M.Tech. in Computing and Mathematics 2023         View More                  Title    Search Reset         S.N Title Eligibility (Mandatory degree requirements) Number of Positions Last date to Apply      1          M.Tech. in Computing and Mathematics 2023         View MEQ  13         30/04/2023         Apply    2         M.Tech. in Data Science 2023         View MEQ  21         30/04/2023         Apply    3         M.Tech. in Geotechnical Engineering 2023         View MEQ  16         30/04/2023         Apply    4         M.Tech. in Manufacturing and Materials Engineering 2023         View MEQ  16         30/04/2023         Apply    5         M.Tech. in Power Electronics & Power Systems 2023         View MEQ  16         30/04/2023         Apply    6         M.Tech. in System-on-Chip Design 2023         View MEQ  21         30/04/2023         Apply                           Search Search                Footer Col 1   Home   Mail   Events   TFS-News Letter   Purchase procedure and Annexures   Downloadable Forms (Only For Employees)   Internal Notification & Circular  (Only for Employees)         Footer Col 2   Anti-Ragging   RTI   Internal Complaints Committee on caste based discrimination   Internal Complaints Committee on Sexual   Harassment   Join Us   Login         Footer Col 3   Support   Telephone Directory   Room Booking System   Moodle   Library   Career Development Center   ICSR   Records Portal (Only for Employees)   URKUND (Plagiarism Checker)   E-Resources-Off Campus         Indian Institute of Technology Palakkad, Ahalia Integrated Campus, Kozhippara P.O | Palakkad Kerala | Pin: 678557"}