{"page_link": "https://icsr.iitpkd.ac.in/node/1051", "title": "https:--icsr.iitpkd.ac.in-node-1051", "hyperlinks": ["#main-content", "/", "/user/login", "/node/2", "/node/52", "/national-research-collaborations", "/grant-calls", "/research-facility", "/node/869", "/project-positions", "/sponsored-projects", "/news", "/node/703", "/taxonomy/term/1604", "/taxonomy/term/1607", "#", "http://iitpkd.ac.in", "http://cdc.iitpkd.ac.in", "http://iitpkd.irins.org/"], "image_link": "https://icsr.iitpkd.ac.in/sites/default/files/iaf_iitpkd_mou_1.jpg", "image_desc": "Memorandum of Understanding with the Indian Air Force (IAF)Department:\u00a0Mechanical EngineeringResearch Head:\u00a0Dr. Santhakumar MohanType of collaborations:\u00a0NationalAn MoU between IIT Palakkad and the Indian Air Force (IAF), Air Headquarters, New Delhi was signed on 18 July, 2022 at 9 Base Repair Depot, Air Force Station Pune. The MoU will facilitate\u00a0cooperation and promotion of research and development in the areas of indigenous development of aviation components with specific aim to undertake research in 3D Metal Additive Manufacturing. Besides research in areas of mutual interest, the MoU will\u00a0assist indigenization efforts of the IAF for specific studies in the area of metallurgy related to 3D Metal Additive Manufacturing and in connection to other critical projects of significance. The MoU was signed by the Air Vice Marshal PS Sarin, VSM and the Dean, Industry Collaboration and Sponsored Research, Dr. Santhakumar Mohan in the presence of Air Marshal Vibhas Pandey AVSM VSM."}