{"page_link": "https://icsr.iitpkd.ac.in/node/1048", "title": "https:--icsr.iitpkd.ac.in-node-1048", "hyperlinks": ["#main-content", "/", "/user/login", "/node/2", "/node/52", "/national-research-collaborations", "/grant-calls", "/research-facility", "/node/869", "/project-positions", "/sponsored-projects", "/news", "/node/703", "/taxonomy/term/1599", "/taxonomy/term/1607", "#", "http://iitpkd.ac.in", "http://cdc.iitpkd.ac.in", "http://iitpkd.irins.org/"], "image_link": "icsr.iitpkd.ac.in/sites/default/files/email-icsr.png", "image_desc": "Memorandum of Understanding with IHUB NTIHAC FoundationAn MoU was signed between IIT Palakkad and IHUB NTIHAC Foundation, a company registered under Section 8 of the Companies Act, 2013 with its office IIT Kanpur on 30 December 2021 for a project titled \u201cSecuring Deep Neural Networks against Adversarial Attacks in Medical Imaging\u201d. With this MoU, both the parties wish to develop and foster an environment to deal with the current and future cyber-security challenges in different sectors.                Centre for Industry Collaboration and Sponsored Research Indian Institute of Technology Palakkad Pudussery West, Kanjikode  Palakkad, Kerala - 678 623  04923 226 593        IIT Palakkad website IIT CDC Portal IIT Palakkad Faculty Academic Research Profiles   \u00a9 2019 Indian Institute of Technology Palakkad"}