{"page_link": "https://pgadmit.iitpkd.ac.in/msc-programs", "title": "https:--pgadmit.iitpkd.ac.in-msc-programs", "hyperlinks": ["#main-content", "/", "/", "/user/login", "#", "/", "", "/forms-by-program/mtech", "/msc-programs", "https://jam.iitg.ac.in/", "/important-dates", "/how-to-apply", "https://coap.iitkgp.ac.in/", "https://drive.google.com/file/d/14FPuuj28JhiE_4TxvywbFWBAQO2KEM6s/view?usp=share_link", "https://drive.google.com/file/d/1XgPNIg1ki4mU0E3xvtjZE8_feHuCTS2t/view?usp=share_link", "https://drive.google.com/file/d/1svKv4YTYPr6kjmJfpo4O3Qive5isIje9/view?usp=share_link", "/financial-assistance", "/contact/contact_us", "/faq-0", "/form-action/8084", "/form-action/8083", "/form-action/8082", "/form-action/8081", "/form-action/8080", "/form-action/8078", "/forms/latest-application", "https://jam.iitg.ac.in/", "/", "https://mail.google.com/a/iitpkd.ac.in", "https://iitpkd.ac.in/events", "https://iitpkd.ac.in/newsletter", "https://iitpkd.ac.in/purchase-procedure-and-annexures", "https://iitpkd.ac.in/downloadable-forms-only-employess", "https://iitpkd.ac.in/circular", "https://iitpkd.ac.in/anti-ragging", "https://iitpkd.ac.in/tadp1", "https://iitpkd.ac.in/internal-cconcbd", "https://iitpkd.ac.in/internal-complaints-committee-sexual-harassment", "https://iitpkd.ac.in/internal-complaints-committee-sexual-harassment", "https://iitpkd.ac.in/join-us", "/user/login", "https://support.iitpkd.ac.in/", "https://sites.google.com/iitpkd.ac.in/iitpalakkad/telephone-directory", "https://mrbs.iitpkd.ac.in/", "https://lms.iitpkd.ac.in/", "http://192.168.1.17/", "https://cdc.iitpkd.ac.in/", "https://icsr.iitpkd.ac.in/", "https://records.iitpkd.ac.in/", "https://records.iitpkd.ac.in/", "https://idp.iitpkd.ac.in/"], "image_link": "pgadmit.iitpkd.ac.in/themes/custom/iitpkd_dxpr_theme/iitplogo.png", "image_desc": "https://pgadmit.iitpkd.ac.in/msc-programs    PG Admission Portal           Search Search        Sign In          Toggle menu        Home   Programs   M.Tech.   M. Sc.     JAM 2023   Important Dates   How to Apply   COAP 2023 Portal   Brochure   Poster   Fees and Deposits   Financial Assistance   Contact Us   FAQ             M.Sc. Programs         Latest Admissions       M.Tech. in System-on-Chip Design 2023    M.Tech. in Power Electronics & Power Systems 2023    M.Tech. in Manufacturing and Materials Engineering 2023    M.Tech. in Geotechnical Engineering 2023    M.Tech. in Data Science 2023     M.Tech. in Computing and Mathematics 2023         View More                The post graduate program of M. Sc. in the disciplines of Chemistry, Physics and Mathematics is intended to take the students to a higher and specialized realm in the respective disciplines. M. Sc. at IIT Palakkad is a 4-semesters long program. The entry qualifications to the M.Sc. programs of IIT Palakkad are given in Table. The carefully chosen curriculum drafted by a team of experts from academia and industries provides for sound theoretical base and ample practical exposure. The curriculum provides for choice of Elective courses and aims at equipping the students to take up careers in industry, in R&D and in academia. In the case of the curriculum of M. Sc. (Chemistry) a paradigm shift in treating Chemistry as Structure, Dynamics and Synthesis perceptibly deviating from conventional practices. In the curriculum of M. Sc. (Physics) theoretical coverage is included along with considerable scope for hands on training. M. Sc. program in Mathematics provides students with a strong mathematical foundation and gives them opportunities to specialize in such diverse areas as pure mathematics, applied mathematics, data sciences and theoretical computer science."}