{"page_link": "https://icsr.iitpkd.ac.in/node/879", "title": "https:--icsr.iitpkd.ac.in-node-879", "hyperlinks": ["#main-content", "/", "/user/login", "/node/2", "/node/52", "/national-research-collaborations", "/grant-calls", "/research-facility", "/node/869", "/project-positions", "/sponsored-projects", "/news", "/node/703", "/taxonomy/term/1607", "#", "http://iitpkd.ac.in", "http://cdc.iitpkd.ac.in", "http://iitpkd.irins.org/"], "image_link": "https://icsr.iitpkd.ac.in/sites/default/files/KSSIA%20MoU.jpg", "image_desc": "Memorandum of Understanding with Kerala State Small\u00a0Industries AssociationType of collaborations:\u00a0NationalAn MoU was signed between IIT Palakkad and the Ernakulam district unit of the Kerala State Small\u00a0Industries Association (KSSIA) on 12 October 2021. The MoU will facilitate collaboration for\u00a0innovation in products and processes within the companies under the former. The MoU was signed\u00a0by the district president of the KSSIA, Mr. P. J. Jose and the Dean of Industry Collaboration and\u00a0Sponsored Research, Dr. Santhakumar Mohan. The MoU will encourage visits by faculty and\u00a0students of IIT Palakkad to the companies at KSSIA, in order to identify scope for technical\u00a0innovations. KSSIA members shall also visit IIT Palakkad to interact with experts and use the\u00a0facilities available there. This is a significant opportunity for IIT Palakkad to promote innovation in\u00a0the MSME sector."}