{"page_link": "https://icsr.iitpkd.ac.in/node/841", "title": "https:--icsr.iitpkd.ac.in-node-841", "hyperlinks": ["#main-content", "/", "/user/login", "/node/2", "/node/52", "/national-research-collaborations", "/grant-calls", "/research-facility", "/node/869", "/project-positions", "/sponsored-projects", "/news", "/node/703", "/taxonomy/term/1607", "#", "http://iitpkd.ac.in", "http://cdc.iitpkd.ac.in", "http://iitpkd.irins.org/"], "image_link": "https://icsr.iitpkd.ac.in/sites/default/files/Bexel%201.png", "image_desc": "Memorandum of Understanding with Bexel India Consulting LLPResearch Head:\u00a0Dr. V. SenthilkumarType of collaborations:\u00a0NationalIIT Palakkad has signed an MoU with Bexel India Consulting LLP on 24 June 2021 to carry out collaborative projects in the field of 5D BIM Management and Digital Twin technologies, by utilizing its capabilities, technologies and pool of knowledge to come up with solutions relevant to Digital Transformation in the Indian Construction Industry.\u00a0 The primary objective of this MoU is to facilitate knowledge development and dissemination through research and training to the AEC stakeholders. Further, the MoU extends the scope to providing technical support on solving various project delivery problems using digital technologies."}