{"page_link": "https://icsr.iitpkd.ac.in/node/789", "title": "https:--icsr.iitpkd.ac.in-node-789", "hyperlinks": ["#main-content", "/", "/user/login", "/node/2", "/node/52", "/national-research-collaborations", "/grant-calls", "/research-facility", "/node/869", "/project-positions", "/sponsored-projects", "/news", "/node/703", "/taxonomy/term/1606", "/taxonomy/term/1607", "#", "http://iitpkd.ac.in", "http://cdc.iitpkd.ac.in", "http://iitpkd.irins.org/"], "image_link": "https://icsr.iitpkd.ac.in/sites/default/files/3.jpg", "image_desc": "Memorandum of Understanding with Centre for Development of Advanced Computing (CDAC)Department:\u00a0Electrical EngineeringResearch Head:\u00a0Dr. Anirudh GuhaType of collaborations:\u00a0NationalIIT Palakkad has signed an MoU with the Centre for Development of Advanced Computing (CDAC), Thiruvananthapuram on 11 February 2021 to carry out collaborative R&D projects in the field of Power Electronics and Power Systems, Robotics, Control and Instrumentation, Embedded Systems and Internet of Things or any other technology research areas."}