{"page_link": "https://icsr.iitpkd.ac.in/node/724", "title": "https:--icsr.iitpkd.ac.in-node-724", "hyperlinks": ["#main-content", "/", "/user/login", "/node/2", "/node/52", "/national-research-collaborations", "/grant-calls", "/research-facility", "/node/869", "/project-positions", "/sponsored-projects", "/news", "/node/703", "/taxonomy/term/1600", "/taxonomy/term/1607", "#", "http://iitpkd.ac.in", "http://cdc.iitpkd.ac.in", "http://iitpkd.irins.org/"], "image_link": "https://icsr.iitpkd.ac.in/sites/default/files/1200px-National_Highways_Authority_of_India_logo.svg__0.png", "image_desc": "Memorandum of Understanding with National Highway Authority of IndiaDepartment:\u00a0Civil EngineeringResearch Head:\u00a0Prof. Tom V. MathewType of collaborations:\u00a0NationalIIT Palakkad has signed an MoU with the National Highway Authority of India (NHAI) on 06 November 2020 for Institutional Social Responsibility (ISR) and Adopting of National Highway Stretches under Regional Offices of NHAI. The institute shall adopt the Palakkad - Kozhikode and Walayar - Vadakkenchery stretches of National Highways as a voluntary initiative under the ambit of Institutional Social Responsibility. NHAI shall\u00a0facilitate the faculty, researchers and students of IIT Palakkad to familiarize with the latest trends in the highway/ transportation sector with a common objective of sharing the knowledge in their respective domains. NHAI shall also offer internship to undergraduate and post graduate students of IIT Palakkad and use the adopted stretch of NHs as a field of study.                 Centre for Industry Collaboration and Sponsored Research Indian Institute of Technology Palakkad Pudussery West, Kanjikode  Palakkad, Kerala - 678 623  04923 226 593 "}