{"page_link": "https://icsr.iitpkd.ac.in/node/697", "title": "https:--icsr.iitpkd.ac.in-node-697", "hyperlinks": ["#main-content", "/", "/user/login", "/node/2", "/node/52", "/national-research-collaborations", "/grant-calls", "/research-facility", "/node/869", "/project-positions", "/sponsored-projects", "/news", "/node/703", "/taxonomy/term/1600", "/taxonomy/term/1607", "#", "http://iitpkd.ac.in", "http://cdc.iitpkd.ac.in", "http://iitpkd.irins.org/"], "image_link": "https://icsr.iitpkd.ac.in/sites/default/files/IITKanpur.jpeg", "image_desc": "Memorandum of Agreement with IIT Kanpur on cGangaDepartment:\u00a0Civil EngineeringResearch Head:\u00a0Dr. Athira P.Type of collaborations:\u00a0NationalA Memorandum of Agreement has been signed\u00a0on 07 November 2020 with the Indian Institute of Technology Kanpur which is acting as the Lead Institute for the establishment of Centre for Ganga River Basin Management and Studies (cGanga) under the Ministry of Jal Shakti, Government of India. IIT Palakkad will be acting as a Member Institute of the consortium to develop the subject of River Science and Management, and participate in River Restoration and Conservation Programme of the Government of India as a Knowledge Partner. IIT Palakkad will also be participating in implementing various high impact projects, gathering, analytics and dissemination of various kinds of data and information relevant to restoration and conservation of rivers. Additionally it will also be engaging in\u00a0brainstorming sessions and events organized under the relevant themes of cGanga.                 Centre for Industry Collaboration and Sponsored Research Indian Institute of Technology Palakkad Pudussery West, Kanjikode  Palakkad, Kerala - 678 623  04923 226 593 "}