{"page_link": "https://icsr.iitpkd.ac.in/national-research-collaborations?page=1", "title": "https:--icsr.iitpkd.ac.in-national-research-collaborations?page=1", "hyperlinks": ["#main-content", "/", "/user/login", "/node/2", "/node/52", "/national-research-collaborations", "/grant-calls", "/research-facility", "/node/869", "/project-positions", "/sponsored-projects", "/news", "/node/703", "/national-research-collaborations", "/international-research-collaborations", "/node/652", "/node/652", "/node/603", "/node/603", "/node/602", "/node/602", "/node/601", "/node/601", "/node/426", "/node/426", "/node/384", "/node/384", "/node/383", "/node/383", "/node/382", "/node/382", "/node/381", "/node/381", "/node/380", "/node/380", "/node/379", "/node/379", "/national-research-collaborations", "/national-research-collaborations", "/national-research-collaborations", "#", "http://iitpkd.ac.in", "http://cdc.iitpkd.ac.in", "http://iitpkd.irins.org/"], "image_link": "https://icsr.iitpkd.ac.in/sites/default/files/Gadgeon_0.png", "image_desc": "National Research Collaborations   Memorandum of Understanding with Gadgeon Smart Systems Pvt. Ltd., Kochi An MoU was signed on September 19, 2019 with Gadgeon Smart Systems Pvt. Ltd. (GadgEon), Kakkanad, Kochi to conduct joint Research & Development in the areas of Healthcare and Biomedical technology, Wireless technology, Embedded systems, Home automation and Network systems."}