{"page_link": "https://icsr.iitpkd.ac.in/icsr-guidelines-and-forms?page=2", "title": "https:--icsr.iitpkd.ac.in-icsr-guidelines-and-forms?page=2", "hyperlinks": ["#main-content", "/", "/user/login", "/node/2", "/node/52", "/national-research-collaborations", "/grant-calls", "/research-facility", "/node/869", "/project-positions", "/sponsored-projects", "/news", "/node/703", "https://icsr.iitpkd.ac.in/sites/default/files/Project%20Staff%20Recruitment%20Form.pdf", "/icsr-guidelines-and-forms", "/icsr-guidelines-and-forms?page=1", "/icsr-guidelines-and-forms", "/icsr-guidelines-and-forms?page=1", "#", "http://iitpkd.ac.in", "http://cdc.iitpkd.ac.in", "http://iitpkd.irins.org/"], "image_link": "icsr.iitpkd.ac.in/modules/file/icons/application-pdf.png", "image_desc": "ICSR Guidelines and Forms Project Staff Recruitment Form.pdf   \u00ab first \u2039 previous 1 2 3                 Centre for Industry Collaboration and Sponsored Research Indian Institute of Technology Palakkad Pudussery West, Kanjikode  Palakkad, Kerala - 678 623  04923 226 593 "}