{"page_link": "https://icsr.iitpkd.ac.in/node/234", "title": "https:--icsr.iitpkd.ac.in-node-234", "hyperlinks": ["#main-content", "/", "/user/login", "/node/2", "/node/52", "/national-research-collaborations", "/grant-calls", "/research-facility", "/node/869", "/project-positions", "/sponsored-projects", "/news", "/node/703", "https://cif.iitpkd.ac.in/", "http://icsr.inadea.com/sites/default/files/Nuclear%20Magnetic%20Resonance%20Spectrometer_0.pdf", "http://icsr.inadea.com/sites/default/files/High%20Performance%20Preparative%20Liquid%20Chromatography_0.pdf", "http://icsr.inadea.com/sites/default/files/Liquid%20Chromatography%20Mass%20Spectroscopy%20System_0.pdf", "http://icsr.inadea.com/sites/default/files/Thermogravimetric%20Analyzer%20-%20Differential%20Thermal%20Analyzer%20coupled%20to%20Mass%20spectrometer_0.pdf", "http://icsr.inadea.com/sites/default/files/Thermogravimetric%20Analyzer%20-%20Differential%20Thermal%20Analyzer%20coupled%20to%20Mass%20spectrometer_0.pdf", "http://icsr.inadea.com/sites/default/files/Fourier%20Transformed%20IR%20Spectrophotometer_0.pdf", "#", "/node/1062", "/node/1016", "/node/1013", "/node/1008", "/node/1006", "/node/1003", "/node/999", "/node/995", "/node/994", "/node/987", "/node/970", "/node/797", "/node/749", "/node/746", "/node/669", "/node/614", "/node/551", "/node/452", "/node/293", "/node/292", "/node/291", "/node/290", "/node/289", "https://icsr.iitpkd.ac.in/sites/default/files/WEB%20CV%20%28Debarati%29.pdf", "mailto:debarati@iitpkd.ac.in", "https://iitpkd.ac.in/people/debarati", "https://icsr.iitpkd.ac.in/sites/default/files/WEB%20CV%20%28Dinesh%29.pdf", "mailto:d.jagadeesan@iitpkd.ac.in", "https://iitpkd.ac.in/people/djagadeesan", "https://icsr.iitpkd.ac.in/sites/default/files/WEB%20CV%20%28Mintu%20Porel%29.pdf", "mailto:mintu@iitpkd.ac.in", "https://iitpkd.ac.in/people/mintu", "https://icsr.iitpkd.ac.in/sites/default/files/WEB%20CV%20%28Padmesh%29.pdf", "mailto:padmesh@iitpkd.ac.in", "https://iitpkd.ac.in/people/padmesh", "mailto:cppriya@iitpkd.ac.in", "https://iitpkd.ac.in/people/cppriya", "mailto:rosithak@iitpkd.ac.in", "https://iitpkd.ac.in/people/rosithak", "https://icsr.iitpkd.ac.in/sites/default/files/WEB%20CV%20%28Shanmugham%29.pdf", "mailto:shanmugam@iitpkd.ac.in", "https://iitpkd.ac.in/people/shanmugam", "https://icsr.iitpkd.ac.in/sites/default/files/WEB%20CV_Supratik.pdf", "mailto:supratik@iitpkd.ac.in", "https://iitpkd.ac.in/people/supratik", "https://icsr.iitpkd.ac.in/sites/default/files/WEB%20CV_Sushabhan.pdf", "mailto:sushabhan@iitpkd.ac.in", "https://iitpkd.ac.in/people/sushabhan", "http://iitpkd.ac.in", "http://cdc.iitpkd.ac.in", "http://iitpkd.irins.org/"], "image_link": "https://icsr.iitpkd.ac.in/sites/default/files/pic.jpg", "image_desc": "Dr. Priyakumari C. P.DST INSPIRE Faculty Email ID:\u00a0cppriya@iitpkd.ac.inhttps://iitpkd.ac.in/people/cppriya  Research Interests Computational/Theoretical chemistry     "}