{"page_link": "https://pgadmit.iitpkd.ac.in/form-action/8082", "title": "https:--pgadmit.iitpkd.ac.in-form-action-8082", "hyperlinks": ["#main-content", "/", "/", "/user/login", "#", "/", "/form-action/8084", "/form-action/8083", "/form-action/8082", "/form-action/8081", "/form-action/8080", "/form-action/8078", "/forms/latest-application", "/user/login?destination=forms-by-program/mtech", "/", "https://mail.google.com/a/iitpkd.ac.in", "https://iitpkd.ac.in/events", "https://iitpkd.ac.in/newsletter", "https://iitpkd.ac.in/purchase-procedure-and-annexures", "https://iitpkd.ac.in/downloadable-forms-only-employess", "https://iitpkd.ac.in/circular", "https://iitpkd.ac.in/anti-ragging", "https://iitpkd.ac.in/tadp1", "https://iitpkd.ac.in/internal-cconcbd", "https://iitpkd.ac.in/internal-complaints-committee-sexual-harassment", "https://iitpkd.ac.in/internal-complaints-committee-sexual-harassment", "https://iitpkd.ac.in/join-us", "/user/login", "https://support.iitpkd.ac.in/", "https://sites.google.com/iitpkd.ac.in/iitpalakkad/telephone-directory", "https://mrbs.iitpkd.ac.in/", "https://lms.iitpkd.ac.in/", "http://192.168.1.17/", "https://cdc.iitpkd.ac.in/", "https://icsr.iitpkd.ac.in/", "https://records.iitpkd.ac.in/", "https://records.iitpkd.ac.in/", "https://idp.iitpkd.ac.in/"], "image_link": "pgadmit.iitpkd.ac.in/themes/custom/iitpkd_dxpr_theme/iitplogo.png", "image_desc": "https://pgadmit.iitpkd.ac.in/form-action/8082    PG Admission Portal           Search Search        Sign In          Toggle menu          Home                              Latest Admissions       M.Tech. in System-on-Chip Design 2023    M.Tech. in Power Electronics & Power Systems 2023    M.Tech. in Manufacturing and Materials Engineering 2023    M.Tech. in Geotechnical Engineering 2023    M.Tech. in Data Science 2023     M.Tech. in Computing and Mathematics 2023         View More               M.Tech. in Manufacturing and Materials Engineering 2023     UG degree in Mechanical/Production Engineering/Manufacturing Engineering GATE qualification in ME/ PI for HTTA    The candidate needs to check and satisfy himself/herself with the prescribed guidelines before choosing the option and he / she shall be solely responsible for any wrong submission, which will not be considered for correction at a later stage after the application has been submitted. The candidature will be rejected outright if the submission / claim is found to be incorrect or false."}