{"page_link": "https://icsr.iitpkd.ac.in/node/231", "title": "https:--icsr.iitpkd.ac.in-node-231", "hyperlinks": ["#main-content", "/", "/user/login", "/node/2", "/node/52", "/national-research-collaborations", "/grant-calls", "/research-facility", "/node/869", "/project-positions", "/sponsored-projects", "/news", "/node/703", "http://icsr.inadea.com/sites/default/files/Large%20Infrastructure%20Testing%20Laboratory_0.pdf", "http://icsr.inadea.com/sites/default/files/Construction%20Material%20Testing%20Laboratory_0.pdf", "http://icsr.inadea.com/sites/default/files/Advanced%20Geotechnical%20Engineering%20Laboratory_0.pdf", "http://icsr.inadea.com/sites/default/files/Environmental%20Engineering%20Laboratory%20_0.pdf", "http://icsr.inadea.com/sites/default/files/Water%20Resources%20Engineering%20Laboratory_0.pdf", "#", "/node/1070", "/node/1068", "/node/1045", "/node/1042", "/node/1040", "/node/1039", "/node/1037", "/node/1036", "/node/1032", "/node/1031", "/node/1029", "/node/1028", "/node/1027", "/node/1025", "/node/1023", "/node/1022", "/node/1012", "/node/1005", "/node/998", "/node/986", "/node/975", "/node/974", "/node/973", "/node/972", "/node/971", "/node/969", "/node/968", "/node/844", "/node/843", "/node/831", "/node/830", "/node/829", "/node/828", "/node/802", "/node/801", "/node/799", "/node/798", "/node/794", "/node/793", "/node/791", "/node/752", "/node/729", "/node/727", "/node/726", "/node/700", "/node/699", "/node/698", "/node/692", "/node/672", "/node/668", "/node/667", "/node/585", "/node/584", "/node/582", "/node/581", "/node/549", "/node/529", "/node/528", "/node/498", "/node/497", "/node/493", "/node/492", "/node/320", "/node/319", "/node/318", "/node/317", "/node/316", "/node/315", "/node/314", "/node/313", "/node/312", "/node/311", "/node/310", "/node/309", "/node/308", "/node/307", "/node/306", "/node/305", "https://icsr.iitpkd.ac.in/sites/default/files/WEB%20CV%20Format_Athira.pdf", "mailto:athira@iitpkd.ac.in", "https://iitpkd.ac.in/people/athira", "https://icsr.iitpkd.ac.in/sites/default/files/WEB%20CV%20Bhavath.pdf", "mailto:bhavathrathan@iitpkd.ac.in", "https://iitpkd.ac.in/people/bhavathrathan", "https://icsr.iitpkd.ac.in/sites/default/files/WebCV_Veena.pdf", "mailto:veena@iitpkd.ac.in", "https://iitpkd.ac.in/people/veenav", "https://icsr.iitpkd.ac.in/sites/default/files/WEB%20CV%20%28Divya%29.pdf", "mailto:divyapv@iitpkd.ac.in", "https://iitpkd.ac.in/people/divyapv", "mailto:gokul@iitpkd.ac.in", "https://iitpkd.ac.in/people/gokul", "https://icsr.iitpkd.ac.in/sites/default/files/WEB%20CV%20Format_Anil_Kumar_MV.pdf", "mailto:anil@iitpkd.ac.in", "https://iitpkd.ac.in/people/anil", "https://icsr.iitpkd.ac.in/sites/default/files/WEB%20CV%20Format_Madhu%20Karthik.pdf", "mailto:madhu@iitpkd.ac.in", "https://iitpkd.ac.in/people/madhu", "https://icsr.iitpkd.ac.in/sites/default/files/WEB%20CV%20Format_Praveena.pdf", "mailto:praveenag@iitpkd.ac.in", "https://iitpkd.ac.in/people/praveena", "https://icsr.iitpkd.ac.in/sites/default/files/Rakesh_CV.pdf", "mailto:rakeshpilla@iitpkd.ac.in", "https://iitpkd.ac.in/people/rakeshpilla", "https://icsr.iitpkd.ac.in/sites/default/files/WEB%20CV%20Format_Sanjukta_Chakraborty.pdf", "mailto:sanjukta@iitpkd.ac.in", "https://iitpkd.ac.in/people/sanjukta", "https://icsr.iitpkd.ac.in/sites/default/files/WEB%20CV%20Format_Sarmistha.pdf", "mailto:sarmistha@iitpkd.ac.in", "https://iitpkd.ac.in/people/sarmistha", "https://icsr.iitpkd.ac.in/sites/default/files/Mitra_%20CV_Format.pdf", "mailto:smitra@iitpkd.ac.in", "https://iitpkd.ac.in/people/smitra", "https://icsr.iitpkd.ac.in/sites/default/files/WEB%20CV%20Format_Sudheesh.pdf", "mailto:sudheesh@iitpkd.ac.in", "https://iitpkd.ac.in/people/sudheesh", "https://icsr.iitpkd.ac.in/sites/default/files/WEB%20CV%20Format%20SKN.pdf", "mailto:sknayar@iitpkd.ac.in", "https://iitpkd.ac.in/people/sknayar", "https://icsr.iitpkd.ac.in/sites/default/files/WEB%20CV%20Senthil.pdf", "mailto:senthil@iitpkd.ac.in", "https://iitpkd.ac.in/people/senthil", "http://iitpkd.ac.in", "http://cdc.iitpkd.ac.in", "http://iitpkd.irins.org/"], "image_link": "https://icsr.iitpkd.ac.in/sites/default/files/GOKULNATH.jpg", "image_desc": "<a href=\"https://icsr.iitpkd.ac.in/sites/default/files/WEB%20CV%20%28Divya%29.pdf\" target=\"_blank\">Dr. Divya P. V.</a>Assistant Professor Email ID: divyapv@iitpkd.ac.in Contact Number: 04923 226 467https://iitpkd.ac.in/people/divyapv \u00a0  Research Interests Reinforced Soil & Ground Improvement Techniques Geosynthetics: Geotechnical and Geoenvironmental applications Rainfall triggered slope failures Bulk utilization of potential waste materials in geotechnical applications Green Geotechnics     "}