{"page_link": "https://icsr.iitpkd.ac.in/node/492", "title": "https:--icsr.iitpkd.ac.in-node-492", "hyperlinks": ["#main-content", "/", "/user/login", "/node/2", "/node/52", "/national-research-collaborations", "/grant-calls", "/research-facility", "/node/869", "/project-positions", "/sponsored-projects", "/news", "/node/703", "#", "http://iitpkd.ac.in", "http://cdc.iitpkd.ac.in", "http://iitpkd.irins.org/"], "image_link": "icsr.iitpkd.ac.in/sites/default/files/email-icsr.png", "image_desc": "Sustainable and resilient environment friendly solutions for hill road design through a pilot study on Mannarkkad - Chinnathadagam RoadThe Kerala Public Works Department, and especially their Roads Division, would be one of the primary stakeholders who are battling this mismatch. Road projects span across incomparable lengths than other infrastructural projects. Rainfall triggered landslides, debris flow and slope failures, especially along roadways, are very frequent in this region, which are always life threatening and cause traffic interruption and property damage. Road projects, thus have to be planned at a systematic level, considering proper combinations of solutions that would make the project sustainable, resilient and environmentally friendly. This project intends to kick-start a discourse under such broad a context, through a pilot study that focuses on certain immediate site-specific solutions, prolonged monitoring of existing slopes, and corridor-level analysis of vulnerability and resilience.                Centre for Industry Collaboration and Sponsored Research Indian Institute of Technology Palakkad Pudussery West, Kanjikode  Palakkad, Kerala - 678 623  04923 226 593        IIT Palakkad website IIT CDC Portal IIT Palakkad Faculty Academic Research Profiles   \u00a9 2019 Indian Institute of Technology Palakkad"}