{"page_link": "https://icsr.iitpkd.ac.in/node/235", "title": "https:--icsr.iitpkd.ac.in-node-235", "hyperlinks": ["#main-content", "/", "/user/login", "/node/2", "/node/52", "/national-research-collaborations", "/grant-calls", "/research-facility", "/node/869", "/project-positions", "/sponsored-projects", "/news", "/node/703", "http://icsr.inadea.com/sites/default/files/High%20Performance%20Computing%20Cluster%20%28HPC%29.pdf", "#", "/node/1067", "/node/1038", "/node/1033", "/node/1020", "/node/1019", "/node/1011", "/node/1010", "/node/1002", "/node/980", "/node/977", "/node/805", "/node/803", "/node/751", "/node/730", "/node/673", "/node/670", "/node/586", "/node/550", "/node/527", "/node/361", "https://icsr.iitpkd.ac.in/sites/default/files/Albert_CSE_ICSR_CV.pdf", "mailto:albert@iitpkd.ac.in", "https://iitpkd.ac.in/people/albert", "https://icsr.iitpkd.ac.in/sites/default/files/Dr.%20Deepak%20Rajendraprasad%20Web%20CV.pdf", "mailto:deepak@iitpkd.ac.in", "https://iitpkd.ac.in/people/deepak", "mailto:jasine@iitpkd.ac.in", "https://iitpkd.ac.in/people/jasine", "mailto:kpal@iitpkd.ac.in", "https://iitpkd.ac.in/people/arpaninto", "https://icsr.iitpkd.ac.in/sites/default/files/Krithika_CSE_ICSR_CV.pdf", "mailto:krithika@iitpkd.ac.in", "https://iitpkd.ac.in/people/krithika", "https://icsr.iitpkd.ac.in/sites/default/files/Mrinal_CSE_ICSR_CV.pdf", "mailto:mrinal@iitpkd.ac.in", "https://iitpkd.ac.in/people/mrinal", "mailto:ppk@iitpkd.ac.in", "https://iitpkd.ac.in/people/ppk", "https://icsr.iitpkd.ac.in/sites/default/files/Sahely_CSE_ICSR_CV.pdf", "mailto:sahely@iitpkd.ac.in", "https://iitpkd.ac.in/people/sahely", "https://icsr.iitpkd.ac.in/sites/default/files/Sandeep_CSE_ICSR_CV.pdf", "mailto:sandeepchandran@iitpkd.ac.in", "https://iitpkd.ac.in/people/sandeepchandran", "https://icsr.iitpkd.ac.in/sites/default/files/Satyajit_CSE_ICSR_CV.pdf", "mailto:satyajitdas@iitpkd.ac.in", "https://iitpkd.ac.in/people/satyajitdas", "https://icsr.iitpkd.ac.in/sites/default/files/Unnikrishnan_CSE_ICSR_CV_0.pdf", "mailto:unnikrishnan@iitpkd.ac.in", "https://iitpkd.ac.in/people/unnikrishnan", "https://icsr.iitpkd.ac.in/sites/default/files/Vivek_CSE_ICSR_CV.pdf", "mailto:vivek@iitpkd.ac.in", "https://iitpkd.ac.in/people/vivek", "http://iitpkd.ac.in", "http://cdc.iitpkd.ac.in", "http://iitpkd.irins.org/"], "image_link": "https://icsr.iitpkd.ac.in/sites/default/files/albert.jpg", "image_desc": "Computer Science &amp; Engineering1. Theoretical Computer Science Theoretical Computer Science (TCS) focuses on studying and understanding the nature of computation and, as a consequence of this understanding, aims to provide more better and efficient methodologies. Our TCS group mainly work on combinatorics, graphs, parameterized algorithms, computational algebra and type theory.\u00a0 Faculty Members Dr. Piyush P. Kurur Dr. Deepak Rajendraprasad Dr. Jasine Babu Dr. Krithika Ramaswamy 2.\u00a0Machine Learning and Applications Our group has adopted a two-prong approach. On one hand, we are interested in\u00a0 building mathematical models and developing efficient ML techniques to solve real-world problems. On the other hand, we are interested in resolving open questions related to learning and generalisation in deep learning and reinforcement learning. Our current focus areas are developing efficient models and scalable optimization algorithms to progress for analysing both time series and whole-genome molecular biology data with structural constraints, developing new deep learning and reinforcement learning algorithms with improved interpretability, scalability, reliability and efficiency, and in combining Bayesian methodologies with deep learning. Faculty Members Dr. Chandra Shekar Lakshminarayanan Dr. Mrinal Kanti Das Dr. Sahely Bhadra 3. Systems Engineering Our group consists of researchers working on various aspects of computer systems engineering, right from post-silicon validation all the way up to distributed and interconnected systems. A few of our focus areas are detecting anomalies in execution traces of many-core SoCs, energy-efficient high-performance computing, secure validation, energy efficient reconfigurable accelerator for post-quantum crypto in a multi-core system on chip, architecture for reliable and secure automotive, compilers and domain specific language (DSL), energy efficiency in IoT Infrastructure, and resource allocation in distributed and interconnected systems.\u00a0Our proposed Advanced Architecture Lab (AAL) aims to facilitate research on novel micro-architectural features and system design taking into account the needs of a wide variety of applications, and leveraging the state-of-the-art manufacturing technologies to meet its objectives of: (i) performance, (ii) energy efficiency, and (iii) security. Faculty\u00a0Members Dr. Albert Sunny Dr. Sandeep Chandran Dr. Satyajit Das Dr. Unnikrishnan C Dr. Vivek Chaturvedi \u00a0 Research Facilities Laboratories / Research Centres High Performance Computing Cluster (HPC)      Projects                    No.                        Project Name                        Amount (in INR)                        Duration                        Funding Agency                            1            Balance in Chaos - Searching for Equitable Patterns in Edge- Colored Graphs               Rs.1919082                        23 January 2023 - 22 January 2026                        SERB CRG                          2            Research Cluster for AI Acceleration               Rs.5485920                        01 April 2022 - 31 March 2025                        Multicoreware Inc., CA                          3            Crack Detection using Automated Magnetic Particle Inspection               Rs.2565497                        05 July 2022 - 04 July 2024                        Sansera Engineering Ltd.                          4            Complexity of Graph Contraction Problems               Rs.660000                        12 January 2023 - 11 January 2026                        SERB MATRICS                          5            Fix Point Computation of Herbrand Equivalence of Expressions in Data Flow Frameworks using Abstract Interpretation               Rs.660000                        10 January 2023 - 09 January 2026                        SERB MATRICS                          6            SERB International Travel Support (ITS) - IEEE World Congress on Computational Intelligence (IEEE WCCI 2022), Italy               Rs.113673                        18 July 2022 - 30 November 2022                        SERB ITS                          7            Towards Building Quantity-Rich Knowledge Bases               Rs.2071870                        09 November 2022 - 08 November 2024                        SERB SRG                          8            Eternal Vertex CoverProblem of Bipartite Graphs, Constant Treewidth Graphs and Planar graphs               Rs.1745832                        18 July 2022 - 17 July 2025                        SERB POWER                          9            Securing Deep Neural Networks against Adversarial Attacks in Medical Imaging               Rs.1303520                        07 December 2021 - 06 December 2024                        IHUB NTIHAC Foundation, IIT Kanpur                          10            Ocean Acoustic Data Archival and Analytics Framework               Rs.2899657                        27 October 2021 - 26 October 2022                        Naval Research Board                          11            Robust Multi-view Learning for Extreme Events Detection and Prediction in Time Series Data               Rs.3917337                        2021 - 2024                        SERB - Core Research Grant (CRG)                          12            Framework and Compiler for Social Network Analysis               Rs.2334000                        2021 - 2023                        DST National Supercomputing Mission (NSM)                          13            Energy-Efficient Multicore Programmable Accelerator for ULP massive edge computing                Rs.1624980                        2020 - 2022                        SERB - Start-up Research Grant (SRG)                          14            High- Speed Online Monitoring of Software Applications               Rs.2259790                        2020 - 2022                        SERB - Start-Up Research Grant (SRG)                          15            Towards Automating Deterministic Bug-reproduction during Post-silicon Validation               Rs.2194880                        2020 - 2023                        Semiconductor Research Corporation                          16            Raaz: A cryptographic library with formal guarantees               Rs.2268000                        2019 - 2022                        Department of Science & Technology - ICPS                          17            Oriented Diameter of Graphs               Rs.660000                        2020-2023                        SERB - MATRICS                          18            Bayesian Deep Models for Efficient Privacy - Aware Learning in the Era of Big Data and Personalization               Rs.1780900                        2020 - 2022                        SERB - Start-up Research Grant (SRG)                          19            Deep learning and Reinforcement learning: New algorithms with improved interpretability, scalability, reliability and efficiency               Rs.1566200                        2019 - 2021                        SERB - Start-up Research Grant (SRG)                          20            ZIGBEE based wireless sensor network for landslide               Rs.1552000                        2019 - 2021                        Indian Space Research Organisation                   Faculty        "}