{"page_link": "https://icsr.iitpkd.ac.in/node/235", "title": "https:--icsr.iitpkd.ac.in-node-235", "hyperlinks": ["#main-content", "/", "/user/login", "/node/2", "/node/52", "/national-research-collaborations", "/grant-calls", "/research-facility", "/node/869", "/project-positions", "/sponsored-projects", "/news", "/node/703", "http://icsr.inadea.com/sites/default/files/High%20Performance%20Computing%20Cluster%20%28HPC%29.pdf", "#", "/node/1067", "/node/1038", "/node/1033", "/node/1020", "/node/1019", "/node/1011", "/node/1010", "/node/1002", "/node/980", "/node/977", "/node/805", "/node/803", "/node/751", "/node/730", "/node/673", "/node/670", "/node/586", "/node/550", "/node/527", "/node/361", "https://icsr.iitpkd.ac.in/sites/default/files/Albert_CSE_ICSR_CV.pdf", "mailto:albert@iitpkd.ac.in", "https://iitpkd.ac.in/people/albert", "https://icsr.iitpkd.ac.in/sites/default/files/Dr.%20Deepak%20Rajendraprasad%20Web%20CV.pdf", "mailto:deepak@iitpkd.ac.in", "https://iitpkd.ac.in/people/deepak", "mailto:jasine@iitpkd.ac.in", "https://iitpkd.ac.in/people/jasine", "mailto:kpal@iitpkd.ac.in", "https://iitpkd.ac.in/people/arpaninto", "https://icsr.iitpkd.ac.in/sites/default/files/Krithika_CSE_ICSR_CV.pdf", "mailto:krithika@iitpkd.ac.in", "https://iitpkd.ac.in/people/krithika", "https://icsr.iitpkd.ac.in/sites/default/files/Mrinal_CSE_ICSR_CV.pdf", "mailto:mrinal@iitpkd.ac.in", "https://iitpkd.ac.in/people/mrinal", "mailto:ppk@iitpkd.ac.in", "https://iitpkd.ac.in/people/ppk", "https://icsr.iitpkd.ac.in/sites/default/files/Sahely_CSE_ICSR_CV.pdf", "mailto:sahely@iitpkd.ac.in", "https://iitpkd.ac.in/people/sahely", "https://icsr.iitpkd.ac.in/sites/default/files/Sandeep_CSE_ICSR_CV.pdf", "mailto:sandeepchandran@iitpkd.ac.in", "https://iitpkd.ac.in/people/sandeepchandran", "https://icsr.iitpkd.ac.in/sites/default/files/Satyajit_CSE_ICSR_CV.pdf", "mailto:satyajitdas@iitpkd.ac.in", "https://iitpkd.ac.in/people/satyajitdas", "https://icsr.iitpkd.ac.in/sites/default/files/Unnikrishnan_CSE_ICSR_CV_0.pdf", "mailto:unnikrishnan@iitpkd.ac.in", "https://iitpkd.ac.in/people/unnikrishnan", "https://icsr.iitpkd.ac.in/sites/default/files/Vivek_CSE_ICSR_CV.pdf", "mailto:vivek@iitpkd.ac.in", "https://iitpkd.ac.in/people/vivek", "http://iitpkd.ac.in", "http://cdc.iitpkd.ac.in", "http://iitpkd.irins.org/"], "image_link": "https://icsr.iitpkd.ac.in/sites/default/files/Satyajit.jpg", "image_desc": "<a href=\"https://icsr.iitpkd.ac.in/sites/default/files/Sandeep_CSE_ICSR_CV.pdf\" target=\"_blank\">Dr. Sandeep Chandran</a>Assistant Professor Email ID:\u00a0sandeepchandran@iitpkd.ac.in Contact Number: 04923 226 388https://iitpkd.ac.in/people/sandeepchandran  Research Interests Computer Architecture and High-performance computing Post-silicon Validation and Runtime Verification     "}