{"page_link": "https://icsr.iitpkd.ac.in/node/236", "title": "https:--icsr.iitpkd.ac.in-node-236", "hyperlinks": ["#main-content", "/", "/user/login", "/node/2", "/node/52", "/national-research-collaborations", "/grant-calls", "/research-facility", "/node/869", "/project-positions", "/sponsored-projects", "/news", "/node/703", "https://cif.iitpkd.ac.in/", "http://icsr.inadea.com/sites/default/files/Central%20Micro-Nano%20Fabrication%20Facility%20%28CMFF%29_0.pdf", "https://icsr.iitpkd.ac.in/sites/default/files/BMI%20Lab.pdf", "http://icsr.inadea.com/sites/default/files/64-channel%20Electroencephalograph%20%28EEG%29%20Data%20Acquisition%20System_0.pdf", "#", "/node/1065", "/node/1064", "/node/1063", "/node/1034", "/node/1030", "/node/1026", "/node/1015", "/node/1014", "/node/1009", "/node/1004", "/node/1000", "/node/997", "/node/996", "/node/992", "/node/991", "/node/989", "/node/988", "/node/983", "/node/979", "/node/978", "/node/808", "/node/807", "/node/750", "/node/747", "/node/731", "/node/671", "/node/615", "/node/613", "/node/612", "/node/611", "/node/526", "/node/525", "/node/499", "/node/451", "/node/450", "/node/250", "/node/179", "/node/170", "https://icsr.iitpkd.ac.in/sites/default/files/WEB%20CV_Anirudh_Guha.pdf", "mailto:aguha@iitpkd.ac.in", "https://iitpkd.ac.in/people/aguha", "https://icsr.iitpkd.ac.in/sites/default/files/ICSR_CV_EE_Arun.pdf", "mailto:earunrahul@iitpkd.ac.in", "https://iitpkd.ac.in/people/earunrahul", "https://icsr.iitpkd.ac.in/sites/default/files/ICSR_CV_EE_Arvind.pdf", "mailto:arvindajoy@iitpkd.ac.in", "https://iitpkd.ac.in/people/arvindajoy", "https://icsr.iitpkd.ac.in/sites/default/files/ICSR_CV_EE_Jobin.pdf", "mailto:jobinfrancis@iitpkd.ac.in", "https://iitpkd.ac.in/people/jobinfrancis", "https://icsr.iitpkd.ac.in/sites/default/files/ICSR_CV_EE_LNT.pdf", "mailto:lnt@iitpkd.ac.in", "https://iitpkd.ac.in/people/lakshminarasimhan", "https://icsr.iitpkd.ac.in/sites/default/files/ICSR_CV_EE_Mahesh.pdf", "mailto:mahesh@iitpkd.ac.in", "https://iitpkd.ac.in/people/mahesh", "https://icsr.iitpkd.ac.in/sites/default/files/ICSR_CV_EE_MANAS.pdf", "mailto:mkj@iitpkd.ac.in", "https://iitpkd.ac.in/people/mkj", "https://icsr.iitpkd.ac.in/sites/default/files/ICSR_CV_EE_Revathy.pdf", "mailto:revathyp@iitpkd.ac.in", "https://iitpkd.ac.in/people/revathyp", "https://icsr.iitpkd.ac.in/sites/default/files/WEB%20CV-Shaik.pdf", "mailto:shaik@iitpkd.ac.in", "https://iitpkd.ac.in/people/shaik", "https://icsr.iitpkd.ac.in/sites/default/files/WEB%20CV_Sneha_Gajbhiye.pdf", "mailto:snehagajbhiye@iitpkd.ac.in", "https://iitpkd.ac.in/people/snehagajbhiye", "https://icsr.iitpkd.ac.in/sites/default/files/ICSR_CV_EE_Sreenath.pdf", "mailto:sreenath@iitpkd.ac.in", "https://iitpkd.ac.in/people/sreenath", "https://icsr.iitpkd.ac.in/sites/default/files/ICSR_CV_EE_Subrahmanyam.pdf", "mailto:svmula@iitpkd.ac.in", "https://iitpkd.ac.in/people/svmula", "https://icsr.iitpkd.ac.in/sites/default/files/ICSR_CV_EE_Sukomal.pdf", "mailto:sdey28@iitpkd.ac.in", "https://iitpkd.ac.in/people/sdey28", "https://icsr.iitpkd.ac.in/sites/default/files/ICSR_CV_EE_Swaroop.pdf", "mailto:swaroop@iitpkd.ac.in", "https://iitpkd.ac.in/people/swaroop", "https://icsr.iitpkd.ac.in/sites/default/files/WEB%20CV%20-%20Vijay%20Muralidharan.pdf", "mailto:vijay@iitpkd.ac.in", "https://iitpkd.ac.in/people/vijay", "http://iitpkd.ac.in", "http://cdc.iitpkd.ac.in", "http://iitpkd.irins.org/"], "image_link": "https://icsr.iitpkd.ac.in/sites/default/files/Sreenath.jpeg", "image_desc": "<a href=\"https://icsr.iitpkd.ac.in/sites/default/files/WEB%20CV_Sneha_Gajbhiye.pdf\" target=\"_blank\">Dr. Sneha Gajbhiye</a>Assistant Professor Email ID:\u00a0snehagajbhiye@iitpkd.ac.in Contact Number: 04923 226 405https://iitpkd.ac.in/people/snehagajbhiye  Research Interests Stability and stabilization of nonlinear systems Cooperative control of multi-agents systems Analytical aspects of autonomous systems and their control (application towards robotics)     "}