{"page_link": "https://icsr.iitpkd.ac.in/node/170", "title": "https:--icsr.iitpkd.ac.in-node-170", "hyperlinks": ["#main-content", "/", "/user/login", "/node/2", "/node/52", "/national-research-collaborations", "/grant-calls", "/research-facility", "/node/869", "/project-positions", "/sponsored-projects", "/news", "/node/703", "#", "http://iitpkd.ac.in", "http://cdc.iitpkd.ac.in", "http://iitpkd.irins.org/"], "image_link": "https://icsr.iitpkd.ac.in/sites/default/files/images%20%281%29_0.jpg", "image_desc": "Investigation of a portable, affordable and self-guided bedside ultrasound system for tissue and blood velocity imagingStatus:\u00a0ActiveDepartment:\u00a0Electrical EngineeringProject type:\u00a0Sponsored ProjectsDuration:\u00a02019 - 2022Principal Investigator:\u00a0Dr. Mahesh Raveendranatha PanickerCo- Investigators:\u00a0NilProject Number:\u00a02019-009-EE-MRP-SERBECRA-SPSponsoring Agency:\u00a0SERB - Early Career Research Award (ECRA)Total Budget:\u00a0Rs.4910830                Centre for Industry Collaboration and Sponsored Research Indian Institute of Technology Palakkad Pudussery West, Kanjikode  Palakkad, Kerala - 678 623  04923 226 593 "}