{"page_link": "https://icsr.iitpkd.ac.in/node/237", "title": "https:--icsr.iitpkd.ac.in-node-237", "hyperlinks": ["#main-content", "/", "/user/login", "/node/2", "/node/52", "/national-research-collaborations", "/grant-calls", "/research-facility", "/node/869", "/project-positions", "/sponsored-projects", "/news", "/node/703", "#", "/node/1001", "https://icsr.iitpkd.ac.in/sites/default/files/WEBCVamrita_new.pdf", "mailto:amritaroy@iitpkd.ac.in", "https://iitpkd.ac.in/people/amritaroy", "https://icsr.iitpkd.ac.in/sites/default/files/WEB%20CV%20%28anoop%20%29.pdf", "mailto:anoop@iitpkd.ac.in", "https://iitpkd.ac.in/people/anoop", "https://icsr.iitpkd.ac.in/sites/default/files/WEB%20CV%20%28G%20Sujatha%29.pdf", "mailto:sujatha@iitpkd.ac.in", "https://iitpkd.ac.in/people/sujatha", "https://icsr.iitpkd.ac.in/sites/default/files/WEB%20CV%20Reenu.pdf", "mailto:reenu@iitpkd.ac.in", "https://iitpkd.ac.in/people/reenu", "http://iitpkd.ac.in", "http://cdc.iitpkd.ac.in", "http://iitpkd.irins.org/"], "image_link": "icsr.iitpkd.ac.in/sites/default/files/email-icsr.png", "image_desc": "<a href=\"https://icsr.iitpkd.ac.in/sites/default/files/WEB%20CV%20Reenu.pdf\" target=\"_blank\">Dr. Reenu Punnoose</a>Assistant Professor Email ID:\u00a0reenu@iitpkd.ac.in Contact Number: 04923 226 485https://iitpkd.ac.in/people/reenu  Research Interests Phonetics Sociolinguistics Bilingualism               Centre for Industry Collaboration and Sponsored Research Indian Institute of Technology Palakkad Pudussery West, Kanjikode  Palakkad, Kerala - 678 623  04923 226 593        IIT Palakkad website IIT CDC Portal IIT Palakkad Faculty Academic Research Profiles   \u00a9 2019 Indian Institute of Technology Palakkad"}