{"page_link": "https://icsr.iitpkd.ac.in/node/238", "title": "https:--icsr.iitpkd.ac.in-node-238", "hyperlinks": ["#main-content", "/", "/user/login", "/node/2", "/node/52", "/national-research-collaborations", "/grant-calls", "/research-facility", "/node/869", "/project-positions", "/sponsored-projects", "/news", "/node/703", "#", "/node/1069", "/node/1021", "/node/1018", "/node/1017", "/node/1007", "/node/725", "/node/335", "/node/334", "https://icsr.iitpkd.ac.in/sites/default/files/WEB%20CV%20%28Arpan%20Kabiraj%29.pdf", "mailto:arpaninto@iitpkd.ac.in", "https://iitpkd.ac.in/people/arpaninto", "https://icsr.iitpkd.ac.in/sites/default/files/CV_ICSR_Ashok.pdf", "mailto:ashokm@iitpkd.ac.in", "https://iitpkd.ac.in/people/ashokm", "https://icsr.iitpkd.ac.in/sites/default/files/WEB%20CV%20%28Jayanarayanan%29%20.pdf", "mailto:crjayan@iitpkd.ac.in", "https://iitpkd.ac.in/people/crjayan", "https://icsr.iitpkd.ac.in/sites/default/files/WEB%20CV%20%28Balakumar%29.pdf", "mailto:gpbalakumar@iitpkd.ac.in", "https://iitpkd.ac.in/people/gpbalakumar", "mailto:jaikrishnan@iitpkd.ac.in", "https://iitpkd.ac.in/people/jaikrishnan", "https://icsr.iitpkd.ac.in/sites/default/files/WEB%20CV%20%28Lakshmi%20Sankar%29.pdf", "mailto:lakshmi@iitpkd.ac.in", "https://iitpkd.ac.in/people/lakshmi", "https://icsr.iitpkd.ac.in/sites/default/files/WEB%20CV%20%28Parangama%20Sarkar%29.pdf", "mailto:parangama@iitpkd.ac.in", "https://iitpkd.ac.in/people/parangama", "https://icsr.iitpkd.ac.in/sites/default/files/WEB%20CV%20%28Rohith%29_0.pdf", "mailto:rvarma@iitpkd.ac.in", "https://iitpkd.ac.in/people/rvarma", "https://icsr.iitpkd.ac.in/sites/default/files/WEB%20CV%20%28Sarath%29.pdf", "mailto:sarath@iitpkd.ac.in", "https://iitpkd.ac.in/people/sarath", "mailto:shk@iitpkd.ac.in", "https://iitpkd.ac.in/people/shk", "mailto:vmuruganandam@iitpkd.ac.in", "https://iitpkd.ac.in/people/vmuruganandam", "http://iitpkd.ac.in", "http://cdc.iitpkd.ac.in", "http://iitpkd.irins.org/"], "image_link": "https://icsr.iitpkd.ac.in/sites/default/files/Rohith_0.jpeg", "image_desc": "<a href=\"https://icsr.iitpkd.ac.in/sites/default/files/WEB%20CV%20%28Parangama%20Sarkar%29.pdf\" target=\"_blank\">Dr. Parangama Sarkar</a>Assistant Professor Email ID:\u00a0parangama@iitpkd.ac.inhttps://iitpkd.ac.in/people/parangama  Research Interests Commutative Algebra     "}