{"page_link": "https://icsr.iitpkd.ac.in/node/239", "title": "https:--icsr.iitpkd.ac.in-node-239", "hyperlinks": ["#main-content", "/", "/user/login", "/node/2", "/node/52", "/national-research-collaborations", "/grant-calls", "/research-facility", "/node/869", "/project-positions", "/sponsored-projects", "/news", "/node/703", "http://icsr.inadea.com/sites/default/files/Combustion%20and%20Laser%20Diagnostics%20Lab.pdf", "http://icsr.inadea.com/sites/default/files/Metal%20Additive%20Manufacturing%20Facility%20-%20Selective%20Laser%20Melting.pdf", "http://icsr.inadea.com/sites/default/files/Materials%20Testing%20Facility%20-%20Rolling%20Contact%20Fatigue.pdf", "http://icsr.inadea.com/sites/default/files/Materials%20Testing%20Facility%20-%20Fatigue%20and%20Contact%20Fatigue_0.pdf", "http://icsr.inadea.com/sites/default/files/CMM.pdf", "http://icsr.inadea.com/sites/default/files/Wire%20Electric%20Discharge%20Machining%20%28WEDM%29.pdf", "#", "/node/1066", "/node/1046", "/node/1044", "/node/1043", "/node/1041", "/node/1035", "/node/1024", "/node/985", "/node/984", "/node/982", "/node/937", "/node/806", "/node/795", "/node/792", "/node/728", "/node/686", "/node/674", "/node/610", "/node/583", "/node/500", "/node/470", "/node/449", "/node/364", "/node/363", "/node/362", "https://icsr.iitpkd.ac.in/sites/default/files/WEB_CV_Afzaal.pdf", "mailto:afzaal@iitpkd.ac.in", "https://iitpkd.ac.in/people/afzaal", "mailto:anand@iitpkd.ac.in", "https://iitpkd.ac.in/people/anand", "mailto:akkoorath@iitpkd.ac.in", "https://iitpkd.ac.in/people/akkoorath", "mailto:buchibabu@iitpkd.ac.in", "https://iitpkd.ac.in/people/buchibabu", "https://icsr.iitpkd.ac.in/sites/default/files/Chakradhar.pdf", "mailto:chakradhar@iitpkd.ac.in", "https://iitpkd.ac.in/people/chakradhar", "https://icsr.iitpkd.ac.in/sites/default/files/Kesavan%20Web%20Cv.pdf", "mailto:kesavan@iitpkd.ac.in", "https://iitpkd.ac.in/people/kesavan", "mailto:dinesh@iitpkd.ac.in", "https://iitpkd.ac.in/people/dsetti", "https://icsr.iitpkd.ac.in/sites/default/files/WEB%20CV%20%28Ganesh%20Natarajan%29%20.pdf", "mailto:n.ganesh@iitpkd.ac.in", "https://iitpkd.ac.in/people/n.ganesh", "https://icsr.iitpkd.ac.in/sites/default/files/KVNsurendra_WebCV2.pdf", "mailto:kvns@iitpkd.ac.in", "https://iitpkd.ac.in/people/kvns", "https://icsr.iitpkd.ac.in/sites/default/files/WEB%20CV%20%28Krishna%29.pdf", "mailto:krishna.s@iitpkd.ac.in", "https://iitpkd.ac.in/people/krishnas", "https://icsr.iitpkd.ac.in/sites/default/files/WEB%20CV%20%28Pramod%29.pdf", "mailto:pramodkuntikana@iitpkd.ac.in", "https://iitpkd.ac.in/people/pramodkuntikana", "https://icsr.iitpkd.ac.in/sites/default/files/WEB%20CV%20%28Kanmani%20Subbu%20%29.pdf", "mailto:sksubbu@iitpkd.ac.in", "https://iitpkd.ac.in/people/sksubbu", "https://icsr.iitpkd.ac.in/sites/default/files/WEB%20CV_samarjeet_R1%20%281%29.pdf", "mailto:samarjeet@iitpkd.ac.in", "https://iitpkd.ac.in/people/samarjeet", "https://icsr.iitpkd.ac.in/sites/default/files/WEB%20CV%20_Santhakumar_.pdf", "mailto:santhakumar@iitpkd.ac.in", "https://iitpkd.ac.in/people/santhakumar", "https://icsr.iitpkd.ac.in/sites/default/files/WEBCVSovan_new.pdf", "mailto:sovan@iitpkd.ac.in", "https://iitpkd.ac.in/people/sovan", "mailto:as_sekhar@iitpkd.ac.in", "https://iitpkd.ac.in/people/assekhar", "http://iitpkd.ac.in", "http://cdc.iitpkd.ac.in", "http://iitpkd.irins.org/"], "image_link": "https://icsr.iitpkd.ac.in/sites/default/files/Surendra.jpg", "image_desc": "<a href=\"https://icsr.iitpkd.ac.in/sites/default/files/WEB%20CV%20%28Ganesh%20Natarajan%29%20.pdf\" target=\"_blank\">Dr. Ganesh Natarajan</a>Associate Professor Email ID:\u00a0n.ganesh@iitpkd.ac.in Contact Number: 04923 226 428https://iitpkd.ac.in/people/n.ganesh  Research Interests Immersed Boundary Methods Novel algorithms for fluid flow and heat transfer on unstructured meshes Compressible flows Sports aerodynamics - Mathematical modelling and experiments     "}