{"page_link": "https://icsr.iitpkd.ac.in/node/240", "title": "https:--icsr.iitpkd.ac.in-node-240", "hyperlinks": ["#main-content", "/", "/user/login", "/node/2", "/node/52", "/national-research-collaborations", "/grant-calls", "/research-facility", "/node/869", "/project-positions", "/sponsored-projects", "/news", "/node/703", "http://icsr.inadea.com/sites/default/files/STM.pdf", "http://icsr.inadea.com/sites/default/files/SEM.pdf", "http://icsr.inadea.com/sites/default/files/XRD.pdf", "http://icsr.inadea.com/sites/default/files/Raman%20Spectrophotometer.pdf", "#", "/node/993", "/node/981", "/node/804", "/node/800", "/node/796", "/node/748", "/node/745", "/node/494", "/node/368", "/node/367", "/node/366", "/node/365", "https://icsr.iitpkd.ac.in/sites/default/files/WEB%20CV_Amit%20Kumar%20Pal_docx.pdf", "mailto:amit@iitpkd.ac.in", "https://iitpkd.ac.in/people/amit", "https://icsr.iitpkd.ac.in/sites/default/files/WebCV_Bibhu.pdf", "mailto:bibhu@iitpkd.ac.in", "https://iitpkd.ac.in/people/bibhu", "https://icsr.iitpkd.ac.in/sites/default/files/WEB%20CV_Jayakumar%20Balakrishnan.pdf", "mailto:jayakumar@iitpkd.ac.in", "https://iitpkd.ac.in/people/jayakumar", "https://icsr.iitpkd.ac.in/sites/default/files/WEB%20CV_kusum.pdf", "mailto:kdhochak@iitpkd.ac.in", "https://iitpkd.ac.in/people/kdhochak", "mailto:moumita@iitpkd.ac.in", "https://iitpkd.ac.in/people/moumita", "https://icsr.iitpkd.ac.in/sites/default/files/WEB%20CV%20%28Prithvi%29.pdf", "mailto:prithvi@iitpkd.ac.in", "https://iitpkd.ac.in/people/prithvi", "https://icsr.iitpkd.ac.in/sites/default/files/WEBCV_Projjwal.pdf", "mailto:projjwal@iitpkd.ac.in", "https://iitpkd.ac.in/people/projjwal", "https://icsr.iitpkd.ac.in/sites/default/files/WEB%20CV_Soham%20Manni.pdf", "mailto:smanni@iitpkd.ac.in", "https://iitpkd.ac.in/people/smanni", "https://icsr.iitpkd.ac.in/sites/default/files/WEBCV_uma.pdf", "mailto:uma@iitpkd.ac.in", "https://iitpkd.ac.in/people/uma", "https://icsr.iitpkd.ac.in/sites/default/files/WEBCV_Vishwas.pdf", "mailto:vishwas@iitpkd.ac.in", "https://iitpkd.ac.in/people/vishwas", "https://icsr.iitpkd.ac.in/sites/default/files/Final_WEB_CV_P.B.Sunil%20Kumar.pdf", "mailto:sunil@iitpkd.ac.in", "https://iitpkd.ac.in/people/sunil", "http://iitpkd.ac.in", "http://cdc.iitpkd.ac.in", "http://iitpkd.irins.org/"], "image_link": "https://icsr.iitpkd.ac.in/sites/default/files/amit.jpg", "image_desc": "Physics1.\u00a0Astrophysics One of the prime goals in astrophysics is to understand the origin and evolution of elements in our Galaxy starting from the Big Bang about 13.7 Gyr ago. The astrophysics research at IIT Palakkad is broadly focussed on theoretical and computational aspects of nuclear and neutrino astrophysics that tries to address this problem. This includes: stellar evolution and nucleosynthesis in massive stars; explosive and neutrino-induced nucleosynthesis during core-collapse supernovae; nucleosynthesis in binary neutron star and neutron star-black hole mergers; rapid (r), intermediate (i) and slow (s) neutron capture processes; early Galactic and chemical evolution and Galactic archaeology using metal-poor stars; Big Bang nucleosynthesis. Faculty Members  Dr. Projjwal Banerjee  2.\u00a0Condensed Matter Theory Research in Theoretical Condensed Matter Physics at IIT Palakkad focuses on strongly correlated quantum spin liquid phases in quantum magnetic systems. These systems have novel topological phases and emergent fractional particle excitations. Understanding the nature of these topological phases, their excitations and phase transitions between them is the focus of our current work. We also study the effects of impurities and disorder in these systems. Moreover, we look into the topological systems that are relevant for quantum error correcting codes, such as Kitaev's surface code and the color code, and study their properties from the perspective of interacting quantum many-body systems, focussing in particular on the characterization of their phases using entanglement and other quantum correlations.\u00a0 We are currently working on understanding magnetic phases and quantum spin liquid phases in rare-earth pyrochlore lattice materials. We are also looking into the robustness of topological phases under external perturbations, such as magnetic field, environmental noise, and loss of spins. Faculty Members Dr. Amit Kumar Pal Dr. Kusum Dhochak 3.\u00a0Experimental Condensed Matter Physics Research in experimental condensed matter physics at IIT Palakkad\u00a0is focused on synthesis, fabrication and investigation of 2D materials and correlated electron materials. Research in 2D materials mainly focuses on studies on magneto transport, thermal conductivity in pristine as well as heterostructure of 2D materials. Moreover, hybrids and nano-composite of 2D materials with perovskites has also many potential applications and hence forms a major part of research work at IIT Palakkad. Correlated electron materials are novel quantum materials where different quantum phases like frustrated magnetism, superconductivity, topologically non-trivial electronic states (e.g. topological insulator, Dirac and Weyl Semimetal) arise from electron-electron correlation. We study temperature (down to mK) and magnetic field dependent magnetic and electronic properties of these quantum materials. Single crystals (few millimeters in dimension) of different quantum materials (oxide, intermetallic etc.) are synthesized using different techniques like flux method, chemical vapor transport method. Structural investigation of synthesized single crystals and thin films are done using temperature dependent Rigaku x- ray diffractometer and Raman Spectrometer. For temperature dependent magneto- transport measurement an Oxford closed cycle cryostat with 12 Tesla superconducting magnet and temperature range of 300 mK \u2013 400K is soon going to be inducted within CIF. Faculty Members Dr. Jayakumar Balakrishnan Dr. Soham Manni 4.\u00a0Quantum Information & Non equilibrium Physics The research in quantum physics division of IIT Palakkad focuses mainly on the\u00a0theoretical aspects of quantum information and computation, and the\u00a0non-equilibrium dynamics of systems undergoing quantum phase transitions.\u00a0In the former, we focus mainly on the detection, quantification, and characterization of quantum correlation measures, such as entanglement, that are used as resources in several quantum information processing tasks. We investigate the bipartite as well as multipartite quantum correlation measures belonging to entanglement-separability and information-theoretic paradigms, and investigate the behaviour\u00a0of\u00a0 these measures in situations where the quantum system, for example, an interacting many-body system which is an ideal candidate for quantum information processing, is open to an environment.\u00a0 These studies are essential for understanding the trends of quantum correlations in the presence of noise -- a situation that is realistic from experimental perspective.\u00a0 We are also interested in the non-equilibrium dynamics of systems, which can be induced by changing a system parameter suddenly, taking the system into some excited state. It can also be done by performing adiabatic dynamics (slow variation) such that the system crosses quantum critical point. This will lead to excitations in the system due to diverging relaxation time at the critical point. Interesting behavior and scaling relations are obtained during such non-equilibrium dynamics. At IIT Palakkad, we look at specific quantum information theoretic measures, for example, entanglement entropy, along with excitation density to quantify such non-equilibrium dynamics. Presently, we are also exploring the field of quantum thermodynamics to understand the\u00a0workings\u00a0of quantum heat engines. Faculty Members Dr. Amit Kumar Pal Dr. Uma Divakaran 5.\u00a0Soft Matter Physics The soft-matter and Biophysics group at IIT-Palakkad is involved in understanding the physics of active systems, membranes and cells. Using Monte Carlo simulation, Prof. Sunil Kumar and his group has recently investigated the lipid-protein interaction leading to conformational changes in the multi-component vesicle. In another simulation study they have shown that the tuning of adhesion strength of nano-particles on lipid membranes can give-rise to various self-assembled structures. His current research interest includes developing multi-scale models to decipher properties both at the molecular and macroscopic level of wide variety of systems. Dr Bibhu Ranjan Sarangi\u2019s research is focused on understanding the process of \u201ccellular-mechanosensing\u201d at various length scales. Combining micro Force sensing arrays(\u03bcFSA) with Foster-resonance energy transfer (FRET) techniques he has investigated the correlation of external forces with internal tension developed at the scale of a protein. In addition with the help of high resolution light-microscopy he has also studied the morphology of the Focal-adhesions, which could explain the inhomogeneous tension distribution inside the focal adhesion. His current research aims to understand the mechanical aspects of cells and tissues in relation to the progression of cancer. Using simulation\u00a0methods, Dr. Vishwas study the evolution of metastable\u00a0materials (eg., supercooled liquid) and out-of-equilibrium systems (eg., amorphous solid) under thermal fluctuations and/or mechanical perturbations. The focus of the work pivot around a) Understanding the relaxation and fluidisation mechanism to explore the analogy between the thermal noise and the mechanical noise\u00a0and b) Apply\u00a0these\u00a0understandings to\u00a0design and control material properties. Faculty Members Prof. P. B. Sunil Kumar Dr. Bibhu Ranjan Sarangi Dr. Vishwas V. 6.\u00a0Theoretical High Energy Physics The research in Theoretical High Energy Physics at Palakkad focusses on Quantum Field Theory and AdS/CFT correspondence. In particular the focus is on strongly coupled field theories and the various approaches to understand it. Recently we are working on Sachdev Ye Kitaev models which is a 1d quantum mechanical model which is exactly solvable in certain limits and show interesting connections to gravity and hence to string theory. The hope is that these studies will lead to a deeper understanding of the AdS/CFT duality. Faculty Members Dr. Prithvi Narayan P. Research Facilities Laboratories / Research Centers Physics Lab Research Equipments Scanning Tunneling Microscope (STM) Scanning Electron Microscope (SEM) X Ray Diffraction (XRD) Raman Spectrometer      Projects                    No.                        Project Name                        Amount (in INR)                        Duration                        Funding Agency                            1            On exact results in generalized Sachedv-Ye-Kitaev models               Rs.660000                        23 February 2022 - 22 February 2025                        SERB MATRICS                          2            Finding the Progenitors of Carbon Enhanced Metal-Poor Stars               Rs.1994335                        13 December 2021 - 12 December 2023                        SERB SRG                          3            Mesoscale modeling of amorphous solids for large scale simulations               Rs.4581000                        2021 - 2023                        DST National Supercomputing Mission (NSM)                          4            Multiscale modelling of chromatin assembly and dynamics               Rs.1926520                        2021 - 2023                        DST National Supercomputing Mission (NSM)                          5            Single crystal growth and investigation of topological materials.               Rs.3500000                        2020 - 2025                        DST INSPIRE                          6            Characterizing quantum computers: Entanglement in noisy quantum error correcting codes               Rs.2266771                        2020 - 2022                        SERB - Start-up Research Grant (SRG)                          7            Magneto transport studies in 2D materials               Rs.4528383                        2020 - 2023                        SERB - Core Research Grant (CRG)                          8            Mechanistic correlation between homeostatic pressure and metastatic competence in cancer cells               Rs.537147                        2017 - 2020                        SERB - Early Career Research Award (ECRA)                          9            Discovery, single crystal synthesis and investigation of anisotropic physical properties of novel spin-orbit materials               Rs.3500000                        2019 - 2024                        DST INSPIRE Grant                          10            Spin transport in 2D material(graphene)/ perovskites(LSMO) heterostructures               Rs.540361                        2016 - 2019                        DST Nanomission                          11            Graphene and other 2D materials base spintronics and topological insulators               Rs.1031488                        2014 - 2019                        DST INSPIRE Grant                          12            Non-equilibrium quantum dynamics and decoherence               Rs.1505208                        2013 - 2019                        DST INSPIRE Grant                   Faculty        "}