{"page_link": "https://icsr.iitpkd.ac.in/node/240", "title": "https:--icsr.iitpkd.ac.in-node-240", "hyperlinks": ["#main-content", "/", "/user/login", "/node/2", "/node/52", "/national-research-collaborations", "/grant-calls", "/research-facility", "/node/869", "/project-positions", "/sponsored-projects", "/news", "/node/703", "http://icsr.inadea.com/sites/default/files/STM.pdf", "http://icsr.inadea.com/sites/default/files/SEM.pdf", "http://icsr.inadea.com/sites/default/files/XRD.pdf", "http://icsr.inadea.com/sites/default/files/Raman%20Spectrophotometer.pdf", "#", "/node/993", "/node/981", "/node/804", "/node/800", "/node/796", "/node/748", "/node/745", "/node/494", "/node/368", "/node/367", "/node/366", "/node/365", "https://icsr.iitpkd.ac.in/sites/default/files/WEB%20CV_Amit%20Kumar%20Pal_docx.pdf", "mailto:amit@iitpkd.ac.in", "https://iitpkd.ac.in/people/amit", "https://icsr.iitpkd.ac.in/sites/default/files/WebCV_Bibhu.pdf", "mailto:bibhu@iitpkd.ac.in", "https://iitpkd.ac.in/people/bibhu", "https://icsr.iitpkd.ac.in/sites/default/files/WEB%20CV_Jayakumar%20Balakrishnan.pdf", "mailto:jayakumar@iitpkd.ac.in", "https://iitpkd.ac.in/people/jayakumar", "https://icsr.iitpkd.ac.in/sites/default/files/WEB%20CV_kusum.pdf", "mailto:kdhochak@iitpkd.ac.in", "https://iitpkd.ac.in/people/kdhochak", "mailto:moumita@iitpkd.ac.in", "https://iitpkd.ac.in/people/moumita", "https://icsr.iitpkd.ac.in/sites/default/files/WEB%20CV%20%28Prithvi%29.pdf", "mailto:prithvi@iitpkd.ac.in", "https://iitpkd.ac.in/people/prithvi", "https://icsr.iitpkd.ac.in/sites/default/files/WEBCV_Projjwal.pdf", "mailto:projjwal@iitpkd.ac.in", "https://iitpkd.ac.in/people/projjwal", "https://icsr.iitpkd.ac.in/sites/default/files/WEB%20CV_Soham%20Manni.pdf", "mailto:smanni@iitpkd.ac.in", "https://iitpkd.ac.in/people/smanni", "https://icsr.iitpkd.ac.in/sites/default/files/WEBCV_uma.pdf", "mailto:uma@iitpkd.ac.in", "https://iitpkd.ac.in/people/uma", "https://icsr.iitpkd.ac.in/sites/default/files/WEBCV_Vishwas.pdf", "mailto:vishwas@iitpkd.ac.in", "https://iitpkd.ac.in/people/vishwas", "https://icsr.iitpkd.ac.in/sites/default/files/Final_WEB_CV_P.B.Sunil%20Kumar.pdf", "mailto:sunil@iitpkd.ac.in", "https://iitpkd.ac.in/people/sunil", "http://iitpkd.ac.in", "http://cdc.iitpkd.ac.in", "http://iitpkd.irins.org/"], "image_link": "https://icsr.iitpkd.ac.in/sites/default/files/prudvi_0.jpg", "image_desc": "Dr. Moumita NandiDST INSPIRE Faculty Email ID:\u00a0moumita@iitpkd.ac.inhttps://iitpkd.ac.in/people/moumita  Research Interests Experimental Condensed Matter Physics     "}