{"page_link": "https://icsr.iitpkd.ac.in/", "title": "https:--icsr.iitpkd.ac.in-", "hyperlinks": ["#main-content", "/", "/user/login", "/node/2", "/node/52", "/national-research-collaborations", "/grant-calls", "/research-facility", "/node/869", "/project-positions", "/sponsored-projects", "/news", "/node/703", "https://icsr.iitpkd.ac.in/node/384", "https://icsr.iitpkd.ac.in/node/381", "#", "/icsr-guidelines-and-forms", "/national-research-collaborations", "/node/877", "/node/234", "/node/231", "/node/235", "/node/236", "/node/237", "/node/238", "/node/239", "/node/240", "/node/876", "/grant-calls", "/funding-agencies", "/node/100", "/research-facility", "/research-facility", "/project-positions", "/project-positions", "/sponsored-projects", "/news", "http://iitpkd.ac.in", "http://cdc.iitpkd.ac.in", "http://iitpkd.irins.org/"], "image_link": "icsr.iitpkd.ac.in/sites/all/themes/icsr/images/research-faciliites-icon.png", "image_desc": "Dean's Message Research Facilities    Project Positions        Funded Projects           Latest News              Centre for Industry Collaboration and Sponsored Research Indian Institute of Technology Palakkad Pudussery West, Kanjikode  Palakkad, Kerala - 678 623  04923 226 593 "}