{"page_link": "https://pgadmit.iitpkd.ac.in/user/password", "title": "https:--pgadmit.iitpkd.ac.in-user-password", "hyperlinks": ["#main-content", "/", "/", "/user/login", "#", "/", "", "/forms-by-program/mtech", "/msc-programs", "https://jam.iitg.ac.in/", "/important-dates", "/how-to-apply", "https://coap.iitkgp.ac.in/", "https://drive.google.com/file/d/14FPuuj28JhiE_4TxvywbFWBAQO2KEM6s/view?usp=share_link", "https://drive.google.com/file/d/1XgPNIg1ki4mU0E3xvtjZE8_feHuCTS2t/view?usp=share_link", "https://drive.google.com/file/d/1svKv4YTYPr6kjmJfpo4O3Qive5isIje9/view?usp=share_link", "/financial-assistance", "/contact/contact_us", "/faq-0", "/user/login", "/user/register", "/user/password", "/", "https://mail.google.com/a/iitpkd.ac.in", "https://iitpkd.ac.in/events", "https://iitpkd.ac.in/newsletter", "https://iitpkd.ac.in/purchase-procedure-and-annexures", "https://iitpkd.ac.in/downloadable-forms-only-employess", "https://iitpkd.ac.in/circular", "https://iitpkd.ac.in/anti-ragging", "https://iitpkd.ac.in/tadp1", "https://iitpkd.ac.in/internal-cconcbd", "https://iitpkd.ac.in/internal-complaints-committee-sexual-harassment", "https://iitpkd.ac.in/internal-complaints-committee-sexual-harassment", "https://iitpkd.ac.in/join-us", "/user/login", "https://support.iitpkd.ac.in/", "https://sites.google.com/iitpkd.ac.in/iitpalakkad/telephone-directory", "https://mrbs.iitpkd.ac.in/", "https://lms.iitpkd.ac.in/", "http://192.168.1.17/", "https://cdc.iitpkd.ac.in/", "https://icsr.iitpkd.ac.in/", "https://records.iitpkd.ac.in/", "https://records.iitpkd.ac.in/", "https://idp.iitpkd.ac.in/"], "image_link": "pgadmit.iitpkd.ac.in/themes/custom/iitpkd_dxpr_theme/iitplogo.png", "image_desc": "https://pgadmit.iitpkd.ac.in/user/password    PG Admission Portal           Search Search        Sign In          Toggle menu        Home   Programs   M.Tech.   M. Sc.     JAM 2023   Important Dates   How to Apply   COAP 2023 Portal   Brochure   Poster   Fees and Deposits   Financial Assistance   Contact Us   FAQ             Request New Password           Primary tabs Log in Create new account Reset your password(active tab)       Email   Password reset instructions will be sent to your registered email address."}