{"page_link": "https://iitpkd.github.io/msocd/faculty", "title": "https:--iitpkd.github.io-msocd-faculty", "hyperlinks": ["https://iitpkd.ac.in", "/msocd/", "/msocd/about", "/msocd/brochure", "/msocd/curriculum", "/msocd/faculty", "/msocd/apply", "https://iitpkd.ac.in/people/arvindajoy", "https://iitpkd.ac.in/people/mahesh", "https://iitpkd.ac.in/people/revathyp", "https://iitpkd.ac.in/people/msm", "https://iitpkd.ac.in/people/sandeepchandran", "https://iitpkd.ac.in/people/satyajitdas", "https://iitpkd.ac.in/people/svmula", "https://iitpkd.ac.in/people/sdey28", "https://iitpkd.ac.in/people/unnikrishnan", "https://iitpkd.ac.in/people/vivek", "https://getbootstrap.com/", "https://bootswatch.com/", "https://pages.github.com/"], "image_link": "iitpkd.github.io/msocd/assets/images/Revathi.jpg", "image_desc": "<span class=\"ion ion-ios-snow-outline\"></span>  Assistant Professor"}