{"page_link": "https://iitpkd.ac.in/people/arvindajoy", "title": "https:--iitpkd.ac.in-people-arvindajoy", "hyperlinks": ["#", "https://djena.engineering.cornell.edu/", "http://gracexing.research.engineering.cornell.edu/", "https://engineering.purdue.edu/gekcogrp/", "http://www.purdue.edu/", "http://www.ee.iitm.ac.in/", "http://www.iitm.ac.in/", "http://www.ee.iitm.ac.in/~karmal", "https://www.linkedin.com/in/kota-murali-39290b4", "#", "#", "#", "#", "#", "https://doi.org/10.36227/techrxiv.19426082.v1", "https://scholar.google.co.in/scholar?q=Airy function based model for 2-DEG charge and surface potential in N-polar Gallium Nitride heterostructures,Anuja Menokey, Arvind Ajoy", "https://scholar.google.co.in/scholar?q=Analysis of Ferroelectric Negative Capacitance-Hybrid MEMS Actuator Using Energy-Displacement Landscape,Raghuram Tattamangalam Raman, Jeffin Shibu, Revathy Padmanabhan and Arvind Ajoy", "https://doi.org/10.1109/TNANO.2021.3133356", "/sites/default/files/2022-04/Modeling_of_electrochemical_metallization-based_two-dimensional_material_memristors_for_neuromorphic_applications.pdf", "https://scholar.google.co.in/scholar?q=Modeling of electrochemical metallization-based transport in vertical transition metal dichalcogenide (TMD) memristors,Renjith Sasikumar, Arvind Ajoy, and Revathy Padmanabhan", "http://doi.org/10.1109/TED.2020.3018700", "/sites/default/files/2020-09/Raghu_TED_2020_Analysis%20of%20Electrostatic%20MEMS%20using%20Energy%20Charge%20Landscape.pdf", "http://doi.org/10.1109/TED.2020.3019991", "https://ieeexplore.ieee.org/document/9165785/", "/sites/default/files/2020-09/Rekha_TIM_2020_Synchronous%20detection%20to%20reduce%20offsets%20in%20focus%20error.pdf", "https://scholar.google.co.in/scholar?q=Modeling electrochemical metallization-based transport in MoS 2 memristors,Renjith Sasikumar, Arvind Ajoy, and Revathy Padmanabhan", "https://scholar.google.co.in/scholar?q=A Surface-Potential Model for n-Polar GaN/AlN/AlGaN MIS-HEMTs,Anuja Menokey, Arvind Ajoy", "https://doi.org/10.1016/j.physb.2017.11.041", "http://dx.doi.org/10.1016/j.physb.2016.03.011", "http://dx.doi.org/10.1109/JXCDC.2015.2448412", "http://dx.doi.org/10.1063/1.4906066", "http://dx.doi.org/10.1109/IEDM.2014.7047047", "http://dx.doi.org/10.1103/PhysRevB.90.205214", "http://link.springer.com/article/10.1007/s10825-013-0509-0", "http://link.aip.org/link/?JAP/113/064506", "http://dx.doi.org/10.1088/0953-8984/24/5/055504", "http://dx.doi.org/10.1088/0953-8984/22/43/435502"], "image_link": "iitpkd.ac.in/sites/default/files/styles/with_scale_/public/pictures/2023-02/Arvind%20Ajoy.jpg?itok=Vi4Wjcl8", "image_desc": "https://iitpkd.ac.in/people/arvindajoy                   Dr. Arvind Ajoy      Associate Professor           Electrical Engineering           arvindajoy@iitpkd.ac.in           Research Area:  Micro/Nanoelectronics and Instrumentation                                        Biosketch   Post-doctoral researcher in the group of\u00a0Prof. Debdeep Jena\u00a0and\u00a0Prof. Grace Xing, first at University of Notre Dame (2013-2014) and then at Cornell University (2015).\u00a0 \u00a0 Post-doctoral researcher with\u00a0Prof. Gerhard Klimeck in the\u00a0Nanoelectronic Modeling Group\u00a0at\u00a0Purdue University\u00a0from \u00a02012 to 2013. \u00a0 PhD in\u00a0Electrical Engineering\u00a0from the\u00a0Indian Institute of Technology Madras. (thesis submitted in\u00a0August 2012, defended in June 2013). My PhD advisor was\u00a0Prof. Shreepad Karmalkar. \u00a0 Co-op at the\u00a0IBM Semiconductor Research and Development Center, Bangalore, India in the group of\u00a0Dr. Kota Murali\u00a0from May 2010 -- May 2012. \u00a0 BTech degree with a major in Electrical Engineering, and a minor in Physics from IIT Madras in July 2006.     Research  Current Interests\u00a0"}