{"page_link": "https://iitpkd.ac.in/people/vijay", "title": "https:--iitpkd.ac.in-people-vijay", "hyperlinks": ["#", "#", "#", "#", "#", "#", "https://scholar.google.co.in/scholar?q=Concurrent Rendezvous Control of Underactuated Space Manipulators,Lijun Zong, MR Emami, and Vijay Muralidharan", "https://scholar.google.co.in/scholar?q=Rendezvous and Attitude Synchronization of a Space Manipulator,Vijay Muralidharan, and MR Emami", "https://scholar.google.co.in/scholar?q=Control of a Driftless Bilinear Vector Field on n-Sphere,Vijay Muralidharan, AD Mahindrakar, A Saradagi", "https://scholar.google.co.in/scholar?q=Concurrent rendezvous control of underactuated spacecraft,Vijay Muralidharan, MR Emami", "https://scholar.google.co.in/scholar?q=Formation control and trajectory tracking of nonholonomic mobile robots,A Saradagi, Vijay Muralidharan, V Krishnan, S Menta, AD Mahindrakar", "https://scholar.google.co.in/scholar?q=Position and line-of-sight stabilization of spherical robot using feedforward proportional-derivative geometric controller,Krishna Chaitanya Kosaraju, Arun D. Mahindrakar, Vijay Muralidharan, et. al.", "https://scholar.google.co.in/scholar?q=Geometric controllability and stabilization of spherical robot dynamics,Vijay Muralidharan, and Arun D. Mahindrakar", "https://scholar.google.co.in/scholar?q=A deterministic attitude estimation using a single vector information and rate gyros,AP Vinod, AD Mahindrakar, S Bandyopadhyay, Vijay Muralidharan", "https://scholar.google.co.in/scholar?q=Finite-Time Control of a Quadrotor System,Vijay Muralidharan, Anup K. Ekbote, and Arun D. Mahindrakar,", "https://scholar.google.co.in/scholar?q=Exponential attitude stabilization and synchronization of rigid bodies,Anup K. Ekbote, Vijay Muralidharan, and Arun D. Mahindrakar", "https://scholar.google.co.in/scholar?q=Position stabilization and waypoint tracking control of mobile inverted pendulum robot,Vijay Muralidharan, and Arun D. Mahindrakar", "https://scholar.google.co.in/scholar?q=Modeling and control of a quad-rotor multiple-input multiple-output system,Laxman Mawani, Anup K. Ekbote, Vijay Muralidharan, and Arun D. Mahindrakar", "https://scholar.google.co.in/scholar?q=A constructive method for designing higher order sliding surfaces for single-input nonlinear system,Vijay Muralidharan, Arun D. Mahindrakar, and V. Sankaranarayanan", "https://scholar.google.co.in/scholar?q=Asymptotic stabilization of the ball and beam system: design of energy-based control law and experimental results,Vijay Muralidharan, S. Anantharaman, and Arun D. Mahindrakar", "https://scholar.google.co.in/scholar?q=Extending interconnection and damping assignment passivity-based control (IDAPBC) to underactuated mechanical systems with nonholonomic Pfaffian constraints: The mobile inverted pendulum robot,Vijay Muralidharan, Maruthi T. Ravichandran, and Arun D. Mahindrakar"], "image_link": "iitpkd.ac.in/sites/default/files/inline-images/DSC02101_0.JPG", "image_desc": "https://iitpkd.ac.in/people/vijayAssistant Professor, IIT Palakkad, Sept 2019 to present. Manager Robotics, SigTuple Technologies, Bangalore, Sept 2016 - Sept 2019 Postdoc, Onboard Space Systems, LTU, Sweden, Aug 2015 - Aug 2016 Project Officer, IIT Madras, Aug 2014 - June 2015 PhD in Robotic Control, Electrical Engineering, IIT Madras, 2008-2014 Publications: https://orcid.org/0000-0003-2484-5502  Research  I'm interested in design, analysis and implementation of many aspects of robotics systems - electronics, mechanical, optics, imaging, mathematical modeling and control, and shape them towards products or open-source knowledge sharing. Systems that I've built: Wheeled, spherical and self-balancing robots "}