{"page_link": "https://iitpkd.ac.in/people/121804103", "title": "https:--iitpkd.ac.in-people-121804103", "hyperlinks": ["#", "#"], "image_link": "iitpkd.ac.in/sites/default/files/styles/with_scale_/public/default_images/default.jpg?itok=Ulsbed6V", "image_desc": "https://iitpkd.ac.in/people/121804103                   Mr. RENJITH S      Research Scholar           Electrical Engineering           121804103@smail.iitpkd.ac.in           Research Area:  Nanoelectronics/ Resistive Switching Devices                                        Biosketch                       Mr. RENJITH S      Research Scholar           Electrical Engineering           121804103@smail.iitpkd.ac.in           Research Area:  Nanoelectronics/ Resistive Switching Devices                                        Biosketch      Additional Information                              Mr. RENJITH S      Research Scholar           Electrical Engineering           121804103@smail.iitpkd.ac.in           Research Area:  Nanoelectronics/ Resistive Switching Devices                                        Biosketch"}