{"page_link": "https://iitpkd.ac.in/people/mejoaj", "title": "https:--iitpkd.ac.in-people-mejoaj", "hyperlinks": ["#", "#", "#", "/taxonomy/term/488"], "image_link": "iitpkd.ac.in/sites/default/files/styles/with_scale_/public/pictures/2023-02/Mejo.jpg?itok=AUc2PMxr", "image_desc": "https://iitpkd.ac.in/people/mejoaj                   Mr. Mejo AJ      Junior Technician                CIF & CMFF      mejoaj@iitpkd.ac.in                                                  Biosketch                       Mr. Mejo AJ      Junior Technician                CIF & CMFF      mejoaj@iitpkd.ac.in                                                  Biosketch      Additional Information            Sections  CIF & CMFF                      Mr. Mejo AJ      Junior Technician                CIF & CMFF      mejoaj@iitpkd.ac.in                                                  Biosketch"}