{"page_link": "https://iitpkd.ac.in/people/svmula", "title": "https:--iitpkd.ac.in-people-svmula", "hyperlinks": ["#", "#", "#", "#", "#", "#", "https://ieeexplore.ieee.org/document/9937921", "/sites/default/files/2022-12/High_performance_VLSI_architecture_for_the_modified_SORT-N_algorithm.pdf", "https://ieeexplore.ieee.org/abstract/document/9768193", "/sites/default/files/2022-05/Novel_VLSI_Architecture_for_Fractional-Order_Correntropy_Adaptive_Filtering_Algorithm.pdf", "https://ieeexplore.ieee.org/document/8989952", "https://ieeexplore.ieee.org/document/8627952"], "image_link": "iitpkd.ac.in/sites/default/files/styles/with_scale_/public/pictures/2023-02/Subramaniam%20Mula.jpg?itok=mwMfeU2k", "image_desc": "https://iitpkd.ac.in/people/svmula                   Dr. Subrahmanyam Mula      Assistant Professor           Electrical Engineering           svmula@iitpkd.ac.in           Research Area:  VLSI Signal Processing, Research Area:  Digital VLSI Circuits and Systems, Research Area:  Adaptive Signal Processing                                        Biosketch   Subrahmanyam Mula received the B.E. degree\u00a0in electronics and communication engineering from\u00a0Andhra University, Visakhapatnam in 2001,\u00a0and the M.Tech. degree in microelectronics and\u00a0VLSI design from IIT Kharagpur in 2003, and Ph.D. degree from Department of\u00a0Electronics and Electrical Communication Engineering,\u00a0IIT Kharagpur in 2018. From 2003 to\u00a02014, he was with Intel, Bengaluru where\u00a0he was involved in front-end design verification of\u00a0gigabit Ethernet switches, processors, chip-sets, and\u00a0GPUs.\u00a0He supported six generations of Intel GPUs from Eaglelake (Gen4) on 65nm\u00a0to Skylake (Gen9) on 14nm at various levels such as architecture, RTL,\u00a0Verification, GLS, STA, DFT and Post Si Debug. His current research interests include\u00a0VLSI architectures for real time signal\u00a0processing applications and\u00a0adaptive learning systems. ."}