{"page_link": "https://ds.iitpkd.ac.in/", "title": "https:--ds.iitpkd.ac.in-", "hyperlinks": ["#main-content", "/", "/", "/", "/faculty", "/faculty", "/researchscholars", "/node/12", "/node/12", "/node/13", "/node/14", "/research", "/research", "https://creds.iitpkd.ac.in/", "/publications", "/courses", "/projects", "/talkseries", "/node/1", "/node/1", "https://ds.iitpkd.ac.in/rss.xml", "https://iitpkd.ac.in", "https://lms.iitpkd.ac.in/", "https://library.iitpkd.ac.in/", "https://pgadmit.iitpkd.ac.in/", "https://resap.iitpkd.ac.in/", "https://ds.iitpkd.ac.in/node/15/", "https://sites.google.com/iitpkd.ac.in/iitpalakkad/telephone-directory", "https://iitpkd.ac.in/join-us", "https://facap.iitpkd.ac.in/", "https://hpc.iitpkd.ac.in/", "https://iitpkd.ac.in/how-reach"], "image_link": "https://ds.iitpkd.ac.in/sites/default/files/2.jpg", "image_desc": "Main navigation  "}