{"page_link": "https://ds.iitpkd.ac.in/researchscholars", "title": "https:--ds.iitpkd.ac.in-researchscholars", "hyperlinks": ["#main-content", "/", "/", "/", "/faculty", "/faculty", "/researchscholars", "/node/12", "/node/12", "/node/13", "/node/14", "/research", "/research", "https://creds.iitpkd.ac.in/", "/publications", "/courses", "/projects", "/talkseries", "/", "https://iitpkd.ac.in/people/111814001", "https://iitpkd.ac.in/people/142214001", "https://iitpkd.ac.in/people/142204002", "https://iitpkd.ac.in/people/142214002", "https://iitpkd.ac.in/people/142214003", "https://iitpkd.ac.in/people/142213001", "https://iitpkd.ac.in/people/142203002", "https://iitpkd.ac.in/people/142204003", "https://iitpkd.ac.in/people/211814001", "https://iitpkd.ac.in/people/211814002", "https://iitpkd.ac.in", "https://lms.iitpkd.ac.in/", "https://library.iitpkd.ac.in/", "https://pgadmit.iitpkd.ac.in/", "https://resap.iitpkd.ac.in/", "https://ds.iitpkd.ac.in/node/15/", "https://sites.google.com/iitpkd.ac.in/iitpalakkad/telephone-directory", "https://iitpkd.ac.in/join-us", "https://facap.iitpkd.ac.in/", "https://hpc.iitpkd.ac.in/", "https://iitpkd.ac.in/how-reach"], "image_link": "ds.iitpkd.ac.in/sites/default/files/logo_0_0.png", "image_desc": "https://ds.iitpkd.ac.in/researchscholars   Data Science       Main navigation    Home   People   Faculty   Research Scholars     Program   B.Tech   MDS   MS & PhD     Research   Research Areas   CREDS   Publications     Courses   Projects   Events                             Research Scholars                   Breadcrumb   Home /                          Research Scholars         \u00a0 \u00a0 \u00a0      Abilasha S Research Scholar (Ph.D.)"}