{"page_link": "https://mlgiitpkd.github.io/", "title": "https:--mlgiitpkd.github.io-", "hyperlinks": ["https://iitpkd.ac.in/", "https://creds.iitpkd.ac.in/", "https://creds.iitpkd.ac.in/", "https://creds.iitpkd.ac.in/", "journal_group/journal_group.html", "dst.html", "mlForYoungerBrains.html", "https://creds.iitpkd.ac.in/covid19", "http://proceedings.mlr.press/v97/uurtio19a/uurtio19a.pdf", "https://aaltodoc.aalto.fi/handle/123456789/37006", "https://nmrinl.github.io/icbk18.pdf", "https://dl.acm.org/doi/10.1145/3132847.3133007", "https://biologydirect.biomedcentral.com/articles/10.1186/s13062-017-0203-4", "https://twitter.com/indoml_sym/status/1604054154380398592?s=20&t=eQrsnmslNDLEoyccFGwOLA", "https://derbifoundation.com/ai-for-healthcare-hackathon/", "https://nmrinl.github.io/", "https://iitpkd.ac.in/people/sahely", "https://abilasha-s.github.io/", "https://iitpkd.ac.in/people/112014003", "https://iitpkd.ac.in/people/111914003", "https://iitpkd.ac.in/people/112114003", "https://iitpkd.ac.in/people/112114001", "https://mshik.github.io/", "https://gauravjain10.github.io/resume/", "https://rimmon63740771.wordpress.com/"], "image_link": "https://iitpkd.ac.in/sites/default/files/styles/profile_page_image/public/pictures/2018-01/mrinals.png?itok=rdq74_0h", "image_desc": "Research Areas17.12.2022Abilasha S won first prize for Poster Presentation at the Indian Symposium on Machine Learning at IIT Gandhinagar 27.08.2021Our Team, Rimmon Bhosale, Shikha Mallick and Gaurav Jain won first prize in the AI for Healthcare Hackathon conducted by SINE IIT Bombay & Derbi Foundation. 22.02.2020Centre for Research and Education Data Science is lauched in IIT Palakkad. Our group is a key contributor in CREDS. 03.01.2020Dr. Mrinal Das has received SERB start-up research grant to work on the project of \"Bayesian Deep Models for Efficient Privacy-Aware Learning in the Era of Big Data and Personalization\".  27.05.2019BTech project of Anish MM with joined supervision of Dr Deepak from Queens University and Dr. Sahely Bhadra from IIT Palakkad has been accepted to be presented in Time series workshop of ICML 2019 21.05.2019Dr. Sahely Bhadra visited Aalto University in summer 2019 on Indo-Finish Mobility Grand from DST and Academy of Finland.   Publications  S Abilasha, Sahely Bhadra, P Deepak, Anish Mathew, \"Warping Resilient Scalable Anomaly Detection in Time Series\", Neurocomputing, 2022, Elsevier Abilasha S, Sahely Bhadra, Ahmed Dadarkar, P Deepak, \"Deep Extreme Mixture Model for Time Series Forecasting\", CIKM, 2022 Large-Scale Sparse Kernel Canonical Correlation Analysis.[Pdf] Viivi Uurtio, Sahely Bhadra, Juho Rousu. Proceedings of the 36th International Conference on Machine Learning(ICML) 6383--6391,2019. Sparse Non-Linear CCA through Hilbert-Schmidt Independence Criterion.[Pdf] Viivi Uurtio, Sahely Bhadra, Juho Rousu. IEEE International Conference on Data Mining(ICDM),2018. Weight-Agnostic Hierarchical Stick-Breaking Process.[Pdf] Mrinal Kanti Das, Chiranjib Bhattacharyya. IEEE International Conference on Big Knowledge, 2018. SOPER: Discovering the influence of fashion and the many faces of User from Session logs using Stick Breaking Process.[Pdf] Lucky Dhakad, Mrinal Kanti Das, Chiranjib Bhattacharyya, Samik Datta, Mihir Kale, Vivek Mehta. International Conference on Information and Knowledge Management (CIKM), 2017.[Link] Efficient differentially private learning improves drug sensitivity prediction. [Pdf]. Antti Honkela*, Mrinal Das*, Arttu Nieminen, Onur Dikmen, Samuel Kaski.Biology Direct, 2018 (* equal contribution)   Achievements Abilasha S brings home the First position for Poster Presentation at the \r                 Indian Symposium on Machine Learning at IIT Gandhinagar.  Rimmon Saloman Bhosale, Shikha Mallick, Gaurav Jain Won first prize in the \r               \r                 AI for Healthcare Hackathon conducted by SINE IIT Bombay & Derbi Foundation.  Faculty members     17.12.2022Abilasha S won first prize for Poster Presentation at the Indian Symposium on Machine Learning at IIT Gandhinagar 27.08.2021Our Team, Rimmon Bhosale, Shikha Mallick and Gaurav Jain won first prize in the AI for Healthcare Hackathon conducted by SINE IIT Bombay & Derbi Foundation. 22.02.2020Centre for Research and Education Data Science is lauched in IIT Palakkad. Our group is a key contributor in CREDS. 03.01.2020Dr. Mrinal Das has received SERB start-up research grant to work on the project of \"Bayesian Deep Models for Efficient Privacy-Aware Learning in the Era of Big Data and Personalization\".  27.05.2019BTech project of Anish MM with joined supervision of Dr Deepak from Queens University and Dr. Sahely Bhadra from IIT Palakkad has been accepted to be presented in Time series workshop of ICML 2019 21.05.2019Dr. Sahely Bhadra visited Aalto University in summer 2019 on Indo-Finish Mobility Grand from DST and Academy of Finland.    Publications  S Abilasha, Sahely Bhadra, P Deepak, Anish Mathew, \"Warping Resilient Scalable Anomaly Detection in Time Series\", Neurocomputing, 2022, Elsevier Abilasha S, Sahely Bhadra, Ahmed Dadarkar, P Deepak, \"Deep Extreme Mixture Model for Time Series Forecasting\", CIKM, 2022 Large-Scale Sparse Kernel Canonical Correlation Analysis.[Pdf] Viivi Uurtio, Sahely Bhadra, Juho Rousu. Proceedings of the 36th International Conference on Machine Learning(ICML) 6383--6391,2019. Sparse Non-Linear CCA through Hilbert-Schmidt Independence Criterion.[Pdf] Viivi Uurtio, Sahely Bhadra, Juho Rousu. IEEE International Conference on Data Mining(ICDM),2018. Weight-Agnostic Hierarchical Stick-Breaking Process.[Pdf] Mrinal Kanti Das, Chiranjib Bhattacharyya. IEEE International Conference on Big Knowledge, 2018. SOPER: Discovering the influence of fashion and the many faces of User from Session logs using Stick Breaking Process.[Pdf] Lucky Dhakad, Mrinal Kanti Das, Chiranjib Bhattacharyya, Samik Datta, Mihir Kale, Vivek Mehta. International Conference on Information and Knowledge Management (CIKM), 2017.[Link] Efficient differentially private learning improves drug sensitivity prediction. [Pdf]. Antti Honkela*, Mrinal Das*, Arttu Nieminen, Onur Dikmen, Samuel Kaski.Biology Direct, 2018 (* equal contribution)   Achievements Abilasha S brings home the First position for Poster Presentation at the \r                 Indian Symposium on Machine Learning at IIT Gandhinagar.  Rimmon Saloman Bhosale, Shikha Mallick, Gaurav Jain Won first prize in the \r               \r                 AI for Healthcare Hackathon conducted by SINE IIT Bombay & Derbi Foundation.  Faculty members    "}