{"page_link": "https://iitpkd.ac.in/people/101914001", "title": "https:--iitpkd.ac.in-people-101914001", "hyperlinks": ["#", "#", "/people/veenav", "#"], "image_link": "iitpkd.ac.in/sites/default/files/styles/with_scale_/public/pictures/2019-08/CYMERA_20150321_120124.jpg?itok=KSgQcCVf", "image_desc": "https://iitpkd.ac.in/people/101914001                   Mr. Ajeesh K      Research Scholar           Civil Engineering           101914001@smail.iitpkd.ac.in      9447346805      Research Area:  Fibre Reinforced Concrete Pavements                                        Biosketch   Education"}