{"page_link": "https://mlgiitpkd.github.io/index.html", "title": "https:--mlgiitpkd.github.io-index.html", "hyperlinks": ["https://iitpkd.ac.in/", "https://creds.iitpkd.ac.in/", "https://creds.iitpkd.ac.in/", "https://creds.iitpkd.ac.in/", "journal_group/journal_group.html", "dst.html", "mlForYoungerBrains.html", "https://creds.iitpkd.ac.in/covid19", "http://proceedings.mlr.press/v97/uurtio19a/uurtio19a.pdf", "https://aaltodoc.aalto.fi/handle/123456789/37006", "https://nmrinl.github.io/icbk18.pdf", "https://dl.acm.org/doi/10.1145/3132847.3133007", "https://biologydirect.biomedcentral.com/articles/10.1186/s13062-017-0203-4", "https://twitter.com/indoml_sym/status/1604054154380398592?s=20&t=eQrsnmslNDLEoyccFGwOLA", "https://derbifoundation.com/ai-for-healthcare-hackathon/", "https://nmrinl.github.io/", "https://iitpkd.ac.in/people/sahely", "https://abilasha-s.github.io/", "https://iitpkd.ac.in/people/112014003", "https://iitpkd.ac.in/people/111914003", "https://iitpkd.ac.in/people/112114003", "https://iitpkd.ac.in/people/112114001", "https://mshik.github.io/", "https://gauravjain10.github.io/resume/", "https://rimmon63740771.wordpress.com/"], "image_link": "assets\\images\\VishnuBRaj.jpg", "image_desc": "<a name=\"Research Scholars\">Research Scholars</a>"}