{"page_link": "https://mlgiitpkd.github.io/dst.html", "title": "https:--mlgiitpkd.github.io-dst.html", "hyperlinks": ["https://iitpkd.ac.in/", "https://creds.iitpkd.ac.in/", "https://asapkerala.gov.in/", "https://creds.iitpkd.ac.in/", "index.html", "dst_past.html", "https://thisisstatistics.org/florence-nightingale-the-lady-with-the-data/#:~:text=Florence%20Ni\\ghtingale%20established%20much%20needed,a%20lot%20of%20new%20data.&text=By%20using%20applie\n    d%20statistical%20methods,work%20in%20statistics%20saved%20lives.", "https://zoom.us/j/92885815960", "https://iitpkd.ac.in/people/ckn", "https://www.linkedin.com/in/debanand-singdeo-34643718", "dst_past.html", "https://creds.iitpkd.ac.in/", "https://asapkerala.gov.in/", "https://www.health.org.uk/news-and-comment/blogs/an-unlikely-data-pioneer-florence-nightingale"], "image_link": "images/CREDS_logo.png", "image_desc": "Florence Nightingale Data Science Talk Series    Supported By     Centre for Research and Education in Data Science (CREDS)"}