{"page_link": "https://mlgiitpkd.github.io/dst_past.html", "title": "https:--mlgiitpkd.github.io-dst_past.html", "hyperlinks": ["https://iitpkd.ac.in/", "https://creds.iitpkd.ac.in/", "https://asapkerala.gov.in/", "https://creds.iitpkd.ac.in/", "index.html", "dst.html", "https://thisisstatistics.org/florence-nightingale-the-lady-with-the-data/#:~:text=Florence%20Ni\\ghtingale%20established%20much%20needed,a%20lot%20of%20new%20data.&text=By%20using%20applie\r\n    d%20statistical%20methods,work%20in%20statistics%20saved%20lives.", "https://iitgoa.ac.in/cs-faculty-profile/?uid=divya&exp=CS", "http://iitkgp.ac.in/department/AI/faculty/ai-adway", "https://iitpkd.ac.in/people/satyajitdas/", "http://www.cse.iitm.ac.in/~ravi/", "https://www.iiit.ac.in/people/faculty/naresh.manwani/", "https://sites.google.com/view/girish-palshikar/Home", "https://eecs.iisc.ac.in/people/chiranjib-bhattacharyya/", "https://analyticsindiamag.com/prashanth-rao/#:~:text=Prashant%20Rao%20heads%20the%20Application,Machine%20Learning%20Platforms%20in%202021", "https://youtu.be/FKj1vOfPVZg", "https://ece.iisc.ac.in/~rajeshs/", "https://www.isical.ac.in/~ash/", "https://www.linkedin.com/in/siddharthamukherjee/", "https://www.iitp.ac.in/~sriparna/index.html", "https://sites.google.com/view/sambaranb/", "https://www.iith.ac.in/~vineethnb/research.html", "https://creds.iitpkd.ac.in/", "https://asapkerala.gov.in/", "https://www.health.org.uk/news-and-comment/blogs/an-unlikely-data-pioneer-florence-nightingale"], "image_link": "images/Prof_AMitra.jpg", "image_desc": "Our Past Talk Sessions!!!Indian Institute Of Technology Goa Research Areas : Distributionally Robust Optimization, Extremal probability bounds Operations Research, Machine Learning, Game Theory  \r                         Read Abstract   \u00d7 Distributionally Robust Optimization in Social Networks \r                                 We propose a distributionally robust model for the influence maximization problem. Unlike the classic independent cascade model, this model\u2019s diffusion process is adversarially adapted to the choice of seed set. Hence, instead of optimizing\r                                 under the assumption that all influence relationships in the network are independent, we seek a seed set whose expected influence under the worst correlation, i.e. the \u201cworst-case, expected influence\", is maximized. We show that this worst-case\r                                 influence can be efficiently computed, and though the optimization is NP-hard, a (1 \u2212 1/e) approximation guarantee holds. We also analyze the structure to the adversary\u2019s choice of diffusion process, and contrast with established models.\r                                 Beyond the key computational advantages, we also highlight the extent to which the independence assumption may cost optimality, and provide insights from numerical experiments comparing the adversarial and independent cascade model.\r                                 Preliminary results of this work were published at NeurIPS 2020 and follow up results are currently under review. In the talk I will first introduce distributionally robust optimization and then discuss its application in social networks.\r                               25 February 2023  Dr. Adway Mitra"}