{"page_link": "https://mlgiitpkd.github.io/dst_past.html", "title": "https:--mlgiitpkd.github.io-dst_past.html", "hyperlinks": ["https://iitpkd.ac.in/", "https://creds.iitpkd.ac.in/", "https://asapkerala.gov.in/", "https://creds.iitpkd.ac.in/", "index.html", "dst.html", "https://thisisstatistics.org/florence-nightingale-the-lady-with-the-data/#:~:text=Florence%20Ni\\ghtingale%20established%20much%20needed,a%20lot%20of%20new%20data.&text=By%20using%20applie\r\n    d%20statistical%20methods,work%20in%20statistics%20saved%20lives.", "https://iitgoa.ac.in/cs-faculty-profile/?uid=divya&exp=CS", "http://iitkgp.ac.in/department/AI/faculty/ai-adway", "https://iitpkd.ac.in/people/satyajitdas/", "http://www.cse.iitm.ac.in/~ravi/", "https://www.iiit.ac.in/people/faculty/naresh.manwani/", "https://sites.google.com/view/girish-palshikar/Home", "https://eecs.iisc.ac.in/people/chiranjib-bhattacharyya/", "https://analyticsindiamag.com/prashanth-rao/#:~:text=Prashant%20Rao%20heads%20the%20Application,Machine%20Learning%20Platforms%20in%202021", "https://youtu.be/FKj1vOfPVZg", "https://ece.iisc.ac.in/~rajeshs/", "https://www.isical.ac.in/~ash/", "https://www.linkedin.com/in/siddharthamukherjee/", "https://www.iitp.ac.in/~sriparna/index.html", "https://sites.google.com/view/sambaranb/", "https://www.iith.ac.in/~vineethnb/research.html", "https://creds.iitpkd.ac.in/", "https://asapkerala.gov.in/", "https://www.health.org.uk/news-and-comment/blogs/an-unlikely-data-pioneer-florence-nightingale"], "image_link": "images/Prof_Naresh-Manwani.jpg", "image_desc": "Our Past Talk Sessions!!!Indian Institute of Technology Madras Research Areas : Machine learning, Reinforcement Learning Social Network Analysis, Data and Text Mining. Title: Reinforcement Learning with Structured Actions and Policies  \r                         Read Abstract   \u00d7 Reinforcement Learning with Structured Actions and Policies \r                                 Deep Reinforcement Learning has been very successful in solving a variety of hard problems. \r                                 But many RL architectures treat the action as coming from an unordered set or from a bounded interval. \r                                 It is often the case that the actions and policies have a non-trivial structure that can be exploited \r                                 for more efficient learning. This ranges from game playing settings where the same action is repeated multiple times, \r                                 to supply-chain problems where the action space has a combinatorial structure, to problems that require a \r                                 hierarchical decomposition to solve effectively. In this talk, I will present several scenarios in which taking advantage \r                                 of the structure leads to more efficient learning. In particular, our talk about some of our recent work on action repetition,\r                                  actions that are related via a graph structure, ensemble policies, \r                                 and policies learnt through a combination of hierarchical planning and learning.\r                              27 August 2022  Dr. Naresh Manwani"}