{"page_link": "https://mlgiitpkd.github.io/dst_past.html", "title": "https:--mlgiitpkd.github.io-dst_past.html", "hyperlinks": ["https://iitpkd.ac.in/", "https://creds.iitpkd.ac.in/", "https://asapkerala.gov.in/", "https://creds.iitpkd.ac.in/", "index.html", "dst.html", "https://thisisstatistics.org/florence-nightingale-the-lady-with-the-data/#:~:text=Florence%20Ni\\ghtingale%20established%20much%20needed,a%20lot%20of%20new%20data.&text=By%20using%20applie\r\n    d%20statistical%20methods,work%20in%20statistics%20saved%20lives.", "https://iitgoa.ac.in/cs-faculty-profile/?uid=divya&exp=CS", "http://iitkgp.ac.in/department/AI/faculty/ai-adway", "https://iitpkd.ac.in/people/satyajitdas/", "http://www.cse.iitm.ac.in/~ravi/", "https://www.iiit.ac.in/people/faculty/naresh.manwani/", "https://sites.google.com/view/girish-palshikar/Home", "https://eecs.iisc.ac.in/people/chiranjib-bhattacharyya/", "https://analyticsindiamag.com/prashanth-rao/#:~:text=Prashant%20Rao%20heads%20the%20Application,Machine%20Learning%20Platforms%20in%202021", "https://youtu.be/FKj1vOfPVZg", "https://ece.iisc.ac.in/~rajeshs/", "https://www.isical.ac.in/~ash/", "https://www.linkedin.com/in/siddharthamukherjee/", "https://www.iitp.ac.in/~sriparna/index.html", "https://sites.google.com/view/sambaranb/", "https://www.iith.ac.in/~vineethnb/research.html", "https://creds.iitpkd.ac.in/", "https://asapkerala.gov.in/", "https://www.health.org.uk/news-and-comment/blogs/an-unlikely-data-pioneer-florence-nightingale"], "image_link": "images/gkp.JPG", "image_desc": "Our Past Talk Sessions!!!International Institute of Information Technology, Hyderabad Research Areas : Learning theory, Deep learning, Online learning, Reinforcement learning Learning with label noise, Learning in high-risk situations, Learning with incomplete supervision Explainable AI, Adversarial machine learning, Fairness, Privacy issues Title: Learning under Uncertain/Incomplete Supervision  \r                         Read Abstract   \u00d7 Learning under Uncertain/Incomplete Supervision \r                                 Many real-life applications of machine learning involve very high volumes of data and annotation of such huge data is practically impossible. Many times, we get partial or weak supervision for such data. Weak supervision can of various types. It becomes very challenging for the traditional algorithms to work with such weakly supervised data. This requires new algorithms to handle such weakly supervised data and produce desirable accuracies. We will discuss new algorithms which can deal with such weak supervision situations. \r                              Jul 30th 2022  Mr. Girish Palshikar"}