{"page_link": "https://mlgiitpkd.github.io/dst_past.html", "title": "https:--mlgiitpkd.github.io-dst_past.html", "hyperlinks": ["https://iitpkd.ac.in/", "https://creds.iitpkd.ac.in/", "https://asapkerala.gov.in/", "https://creds.iitpkd.ac.in/", "index.html", "dst.html", "https://thisisstatistics.org/florence-nightingale-the-lady-with-the-data/#:~:text=Florence%20Ni\\ghtingale%20established%20much%20needed,a%20lot%20of%20new%20data.&text=By%20using%20applie\r\n    d%20statistical%20methods,work%20in%20statistics%20saved%20lives.", "https://iitgoa.ac.in/cs-faculty-profile/?uid=divya&exp=CS", "http://iitkgp.ac.in/department/AI/faculty/ai-adway", "https://iitpkd.ac.in/people/satyajitdas/", "http://www.cse.iitm.ac.in/~ravi/", "https://www.iiit.ac.in/people/faculty/naresh.manwani/", "https://sites.google.com/view/girish-palshikar/Home", "https://eecs.iisc.ac.in/people/chiranjib-bhattacharyya/", "https://analyticsindiamag.com/prashanth-rao/#:~:text=Prashant%20Rao%20heads%20the%20Application,Machine%20Learning%20Platforms%20in%202021", "https://youtu.be/FKj1vOfPVZg", "https://ece.iisc.ac.in/~rajeshs/", "https://www.isical.ac.in/~ash/", "https://www.linkedin.com/in/siddharthamukherjee/", "https://www.iitp.ac.in/~sriparna/index.html", "https://sites.google.com/view/sambaranb/", "https://www.iith.ac.in/~vineethnb/research.html", "https://creds.iitpkd.ac.in/", "https://asapkerala.gov.in/", "https://www.health.org.uk/news-and-comment/blogs/an-unlikely-data-pioneer-florence-nightingale"], "image_link": "images/Prof_Divya_Padmanabhan.jpg", "image_desc": "Our Past Talk Sessions!!! Dr. Divya Padmanabhan  Assistant Professor Indian Institute Of Technology Goa Research Areas : Distributionally Robust Optimization, Extremal probability bounds Operations Research, Machine Learning, Game Theory   \r                         Read Abstract   \u00d7 Distributionally Robust Optimization in Social Networks \r                                 We propose a distributionally robust model for the influence maximization problem. Unlike the classic independent cascade model, this model\u2019s diffusion process is adversarially adapted to the choice of seed set. Hence, instead of optimizing\r                                 under the assumption that all influence relationships in the network are independent, we seek a seed set whose expected influence under the worst correlation, i.e. the \u201cworst-case, expected influence\", is maximized. We show that this worst-case\r                                 influence can be efficiently computed, and though the optimization is NP-hard, a (1 \u2212 1/e) approximation guarantee holds. We also analyze the structure to the adversary\u2019s choice of diffusion process, and contrast with established models.\r                                 Beyond the key computational advantages, we also highlight the extent to which the independence assumption may cost optimality, and provide insights from numerical experiments comparing the adversarial and independent cascade model.\r                                 Preliminary results of this work were published at NeurIPS 2020 and follow up results are currently under review. In the talk I will first introduce distributionally robust optimization and then discuss its application in social networks.\r                               25 February 2023  Dr. Adway Mitra  Assistant Professor Indian Institute Of Technology Kharagpur Research Areas : Machine Learning, Spatial Informatics Climate model evaluations, Multi-agent Systems, Remote Sensing Applications   \r                         Read Abstract   \u00d7 Machine Learning for Climate Science \r                                 Discussion on some of the important questions regarding climate, particularly in Indian context, and how ML may help us to answer them. Also to talk about own research in this field.\r                               29 October 2022  Dr. Satyajit Das  Assistant Professor Indian Institute Of Technology Palakkad Research Areas : Architecture, Methods, and Tools for embedded systems including CGRAs, custom processors, multi-cores, high-level synthesis, and compilers Title: Reinforcement Learning based Efficient Mapping of DNN Models onto Accelerators   \r                         Read Abstract   \u00d7 Reinforcement Learning with Structured Actions and Policies \r                                 The input tensors in each layer of Deep Neural Network (DNN) models are often partitioned/tiled to get accommodated in the limited on-chip memory of accelerators. \r             \t\t\tStudies show that efficient tiling schedules (commonly referred to as mapping) for a given accelerator and DNN model reduce the data movement between the accelerator and different levels of the memory hierarchy improving the performance. \r \t\t\t\tHowever, finding layer-wise optimum mapping for a target architecture with a given energy and latency envelope is an open problem due to the huge search space in the mappings. \r \t\t\t\tIn this paper, we propose a Reinforcement Learning (RL) based automated mapping approach to find optimum schedules of DNN layers for a given architecture model without violating the specified energy and latency constraints. \r \t\t\t\tThe learned policies easily adapt to a wide range of DNN models with different hardware configurations, facilitating transfer learning improving the training time. \r \t\t\t\tExperiments show that the proposed work improves latency and energy consumption by an average of 21.5% and 15.6% respectively compared to the state-of-the-art genetic algorithm-based GAMMA approach for a wide range of DNN models running on NVIDIA Deep Learning Accelerator (NVDLA). \r \t\t\t\tThe training time of RL-based transfer learning is 15\u00d7 faster than that of GAMMA\r                               24 September 2022  Prof. Balaraman Ravindran  Professor in the Department of Computer Science and Engineering Head of Robert Bosch Centre for Data Science and AI, Mindtree Faculty Fellow Indian Institute of Technology Madras Research Areas : Machine learning, Reinforcement Learning Social Network Analysis, Data and Text Mining. Title: Reinforcement Learning with Structured Actions and Policies   \r                         Read Abstract   \u00d7 Reinforcement Learning with Structured Actions and Policies \r                                 Deep Reinforcement Learning has been very successful in solving a variety of hard problems. \r                                 But many RL architectures treat the action as coming from an unordered set or from a bounded interval. \r                                 It is often the case that the actions and policies have a non-trivial structure that can be exploited \r                                 for more efficient learning. This ranges from game playing settings where the same action is repeated multiple times, \r                                 to supply-chain problems where the action space has a combinatorial structure, to problems that require a \r                                 hierarchical decomposition to solve effectively. In this talk, I will present several scenarios in which taking advantage \r                                 of the structure leads to more efficient learning. In particular, our talk about some of our recent work on action repetition,\r                                  actions that are related via a graph structure, ensemble policies, \r                                 and policies learnt through a combination of hierarchical planning and learning.\r                              27 August 2022  Dr. Naresh Manwani  Assistant Professor International Institute of Information Technology, Hyderabad Research Areas : Learning theory, Deep learning, Online learning, Reinforcement learning Learning with label noise, Learning in high-risk situations, Learning with incomplete supervision Explainable AI, Adversarial machine learning, Fairness, Privacy issues Title: Learning under Uncertain/Incomplete Supervision   \r                         Read Abstract   \u00d7 Learning under Uncertain/Incomplete Supervision \r                                 Many real-life applications of machine learning involve very high volumes of data and annotation of such huge data is practically impossible. Many times, we get partial or weak supervision for such data. Weak supervision can of various types. It becomes very challenging for the traditional algorithms to work with such weakly supervised data. This requires new algorithms to handle such weakly supervised data and produce desirable accuracies. We will discuss new algorithms which can deal with such weak supervision situations. \r                              Jul 30th 2022  Mr. Girish Palshikar  Chief Scientist, leads the Machine Learning R&D Group. TCS Research, TRDDC, Pune, India Research Areas : Machine learning, Natural language processing,  Data/Text Mining, computational law, human resources management, narrative text analysis,  Theoretical Computer Science and their applications to various domains including fraud and money laundering detection,   \r                      information and knowledge extraction from documents etc. Title: Fraud detection   \r                         Read Abstract   \u00d7 Frauds and Machine Learning Techniques for Their Detection \r                                 Almost all government functions and companies in all business domains suffer from frauds of various kinds. Organizations collect huge amounts of data covering their transactions, operations, stores, suppliers, employees and financial activities. Instances of frauds tend to leave tell-tale traces in these business databases. Given the size and complexity of these databases, and constant emergence of newer methods for frauds, it has become imperative to design and use machine learning algorithms for detecting characteristic patterns and signs of frauds. Since instances of known frauds are few, we need unsupervised techniques for their detection, which efficiently use unlabelled data for detecting even new and unknown types of frauds. In part (1) of this talk, we cover basics of frauds and explain some anomaly detection techniques that can be used for fraud detection. In part (2), we present ML algorithms to detect (a) collusion in stock market trading, and (b) tax evasion.\r                              Apr 30th 2022  Prof. Chiranjib Bhattacharyya  Professor, Department of Computer Science and Automation Indian Institute of Science, Bangalore Research Areas : Machine Learning, Convex Optimisation, Autonomous Systems Title: Vignettes of AI research: Foundations of Unsupervised Learning and Social Robotics   \r                         Read Abstract   \u00d7 Vignettes of AI research: Foundations of Unsupervised Learning and Social Robotics \r                                 Artificial Intelligence(AI) based systems have made rapid progress in the last decade leading to revolutionary changes in several disciplines such as Medical Imaging, Autonomous Driving etc. However most of today's AI systems are largely based on Supervised learning, wherein the underlying machines are trained by inputs labelled by humans. The ability to learn from the environment without labels, often called Unsupervised Learning, is now considered as the next big challenge in AI. In this talk we will focus on a few foundational questions of Unsupervised Learning where many fundamental challenges remain. Some are statistical in nature, such as Model Complexity and Sample complexity, while some are algorithmic, including the challenge of provably learning the parameters of the model from finite amount of data. I will present several recent results, derived from ideas drawn from the disciplines of Computational Geometry and Statistical Mechanics, which furthers the theory behind several un-supervised learning models. Finally, I will consider  Social Robotics, a sub-field of robotics, as a medium for providing Teaching Assistance to Special Educators in providing therapy to children on the Autism spectrum. Contrary to existing understanding , our results show that robotic toys could provide effective intervention.\r                              Mar 26th 2022   \r         Mr. Prashant Rao  Head of Application Engineering MathWorks, India Research Areas : Artificial Intelligence, Microelectronics Title:  Deployable AI   \r         Session Recording    \r     Read Abstract   \u00d7 \r             Deployable AI \r             AI is everywhere. It's not just powering applications like smart assistants, machine translation, and automated driving, \r             it's also giving engineers and scientists a set of techniques for tackling common tasks in new ways. \r             AI is transforming engineering in nearly every industry and application area. \r             And yet, many organisations and individual engineers and scientists are deterred by what they see as \r             challenges of implementing AI:\r \r              Belief that to do AI, you need to be an expert in data science Dr. Divya Padmanabhan  Assistant Professor Indian Institute Of Technology Goa Research Areas : Distributionally Robust Optimization, Extremal probability bounds Operations Research, Machine Learning, Game Theory   \r                         Read Abstract   \u00d7 Distributionally Robust Optimization in Social Networks \r                                 We propose a distributionally robust model for the influence maximization problem. Unlike the classic independent cascade model, this model\u2019s diffusion process is adversarially adapted to the choice of seed set. Hence, instead of optimizing\r                                 under the assumption that all influence relationships in the network are independent, we seek a seed set whose expected influence under the worst correlation, i.e. the \u201cworst-case, expected influence\", is maximized. We show that this worst-case\r                                 influence can be efficiently computed, and though the optimization is NP-hard, a (1 \u2212 1/e) approximation guarantee holds. We also analyze the structure to the adversary\u2019s choice of diffusion process, and contrast with established models.\r                                 Beyond the key computational advantages, we also highlight the extent to which the independence assumption may cost optimality, and provide insights from numerical experiments comparing the adversarial and independent cascade model.\r                                 Preliminary results of this work were published at NeurIPS 2020 and follow up results are currently under review. In the talk I will first introduce distributionally robust optimization and then discuss its application in social networks.\r                               25 February 2023  Dr. Adway Mitra  Assistant Professor Indian Institute Of Technology Kharagpur Research Areas : Machine Learning, Spatial Informatics Climate model evaluations, Multi-agent Systems, Remote Sensing Applications   \r                         Read Abstract   \u00d7 Machine Learning for Climate Science \r                                 Discussion on some of the important questions regarding climate, particularly in Indian context, and how ML may help us to answer them. Also to talk about own research in this field.\r                               29 October 2022  Dr. Satyajit Das  Assistant Professor Indian Institute Of Technology Palakkad Research Areas : Architecture, Methods, and Tools for embedded systems including CGRAs, custom processors, multi-cores, high-level synthesis, and compilers Title: Reinforcement Learning based Efficient Mapping of DNN Models onto Accelerators   \r                         Read Abstract   \u00d7 Reinforcement Learning with Structured Actions and Policies \r                                 The input tensors in each layer of Deep Neural Network (DNN) models are often partitioned/tiled to get accommodated in the limited on-chip memory of accelerators. \r             \t\t\tStudies show that efficient tiling schedules (commonly referred to as mapping) for a given accelerator and DNN model reduce the data movement between the accelerator and different levels of the memory hierarchy improving the performance. \r \t\t\t\tHowever, finding layer-wise optimum mapping for a target architecture with a given energy and latency envelope is an open problem due to the huge search space in the mappings. \r \t\t\t\tIn this paper, we propose a Reinforcement Learning (RL) based automated mapping approach to find optimum schedules of DNN layers for a given architecture model without violating the specified energy and latency constraints. \r \t\t\t\tThe learned policies easily adapt to a wide range of DNN models with different hardware configurations, facilitating transfer learning improving the training time. \r \t\t\t\tExperiments show that the proposed work improves latency and energy consumption by an average of 21.5% and 15.6% respectively compared to the state-of-the-art genetic algorithm-based GAMMA approach for a wide range of DNN models running on NVIDIA Deep Learning Accelerator (NVDLA). \r \t\t\t\tThe training time of RL-based transfer learning is 15\u00d7 faster than that of GAMMA\r                               24 September 2022  Prof. Balaraman Ravindran  Professor in the Department of Computer Science and Engineering Head of Robert Bosch Centre for Data Science and AI, Mindtree Faculty Fellow Indian Institute of Technology Madras Research Areas : Machine learning, Reinforcement Learning Social Network Analysis, Data and Text Mining. Title: Reinforcement Learning with Structured Actions and Policies   \r                         Read Abstract   \u00d7 Reinforcement Learning with Structured Actions and Policies \r                                 Deep Reinforcement Learning has been very successful in solving a variety of hard problems. \r                                 But many RL architectures treat the action as coming from an unordered set or from a bounded interval. \r                                 It is often the case that the actions and policies have a non-trivial structure that can be exploited \r                                 for more efficient learning. This ranges from game playing settings where the same action is repeated multiple times, \r                                 to supply-chain problems where the action space has a combinatorial structure, to problems that require a \r                                 hierarchical decomposition to solve effectively. In this talk, I will present several scenarios in which taking advantage \r                                 of the structure leads to more efficient learning. In particular, our talk about some of our recent work on action repetition,\r                                  actions that are related via a graph structure, ensemble policies, \r                                 and policies learnt through a combination of hierarchical planning and learning.\r                              27 August 2022  Dr. Naresh Manwani  Assistant Professor International Institute of Information Technology, Hyderabad Research Areas : Learning theory, Deep learning, Online learning, Reinforcement learning Learning with label noise, Learning in high-risk situations, Learning with incomplete supervision Explainable AI, Adversarial machine learning, Fairness, Privacy issues Title: Learning under Uncertain/Incomplete Supervision   \r                         Read Abstract   \u00d7 Learning under Uncertain/Incomplete Supervision \r                                 Many real-life applications of machine learning involve very high volumes of data and annotation of such huge data is practically impossible. Many times, we get partial or weak supervision for such data. Weak supervision can of various types. It becomes very challenging for the traditional algorithms to work with such weakly supervised data. This requires new algorithms to handle such weakly supervised data and produce desirable accuracies. We will discuss new algorithms which can deal with such weak supervision situations. \r                              Jul 30th 2022  Mr. Girish Palshikar  Chief Scientist, leads the Machine Learning R&D Group. TCS Research, TRDDC, Pune, India Research Areas : Machine learning, Natural language processing,  Data/Text Mining, computational law, human resources management, narrative text analysis,  Theoretical Computer Science and their applications to various domains including fraud and money laundering detection,   \r                      information and knowledge extraction from documents etc. Title: Fraud detection   \r                         Read Abstract   \u00d7 Frauds and Machine Learning Techniques for Their Detection \r                                 Almost all government functions and companies in all business domains suffer from frauds of various kinds. Organizations collect huge amounts of data covering their transactions, operations, stores, suppliers, employees and financial activities. Instances of frauds tend to leave tell-tale traces in these business databases. Given the size and complexity of these databases, and constant emergence of newer methods for frauds, it has become imperative to design and use machine learning algorithms for detecting characteristic patterns and signs of frauds. Since instances of known frauds are few, we need unsupervised techniques for their detection, which efficiently use unlabelled data for detecting even new and unknown types of frauds. In part (1) of this talk, we cover basics of frauds and explain some anomaly detection techniques that can be used for fraud detection. In part (2), we present ML algorithms to detect (a) collusion in stock market trading, and (b) tax evasion.\r                              Apr 30th 2022  Prof. Chiranjib Bhattacharyya  Professor, Department of Computer Science and Automation Indian Institute of Science, Bangalore Research Areas : Machine Learning, Convex Optimisation, Autonomous Systems Title: Vignettes of AI research: Foundations of Unsupervised Learning and Social Robotics   \r                         Read Abstract   \u00d7 Vignettes of AI research: Foundations of Unsupervised Learning and Social Robotics \r                                 Artificial Intelligence(AI) based systems have made rapid progress in the last decade leading to revolutionary changes in several disciplines such as Medical Imaging, Autonomous Driving etc. However most of today's AI systems are largely based on Supervised learning, wherein the underlying machines are trained by inputs labelled by humans. The ability to learn from the environment without labels, often called Unsupervised Learning, is now considered as the next big challenge in AI. In this talk we will focus on a few foundational questions of Unsupervised Learning where many fundamental challenges remain. Some are statistical in nature, such as Model Complexity and Sample complexity, while some are algorithmic, including the challenge of provably learning the parameters of the model from finite amount of data. I will present several recent results, derived from ideas drawn from the disciplines of Computational Geometry and Statistical Mechanics, which furthers the theory behind several un-supervised learning models. Finally, I will consider  Social Robotics, a sub-field of robotics, as a medium for providing Teaching Assistance to Special Educators in providing therapy to children on the Autism spectrum. Contrary to existing understanding , our results show that robotic toys could provide effective intervention.\r                              Mar 26th 2022   \r         Mr. Prashant Rao  Head of Application Engineering MathWorks, India Research Areas : Artificial Intelligence, Microelectronics Title:  Deployable AI   \r         Session Recording    \r     Read Abstract   \u00d7 \r             Deployable AI \r             AI is everywhere. It's not just powering applications like smart assistants, machine translation, and automated driving, \r             it's also giving engineers and scientists a set of techniques for tackling common tasks in new ways. \r             AI is transforming engineering in nearly every industry and application area. \r             And yet, many organisations and individual engineers and scientists are deterred by what they see as \r             challenges of implementing AI:\r \r              Belief that to do AI, you need to be an expert in data science Concern that developing an AI system is time-consuming and expensive Lack of access to good quality, labeled data The cost and complexities of integrating AI into existing algorithms and systems  Dr. Divya Padmanabhan"}