{"page_link": "https://iitpkd.ac.in/people/111914003", "title": "https:--iitpkd.ac.in-people-111914003", "hyperlinks": ["#", "#", "/people/sahely", "#", "#"], "image_link": "iitpkd.ac.in/sites/default/files/styles/with_scale_/public/default_images/default.jpg?itok=Ulsbed6V", "image_desc": "https://iitpkd.ac.in/people/111914003                   Ms. Jishy Samuel      Scientist VSSC/ISRO           Computer Science And Engineering           111914003@smail.iitpkd.ac.in           Research Area:  Machine Learning                                        Biosketch      Phd Supervisor  sahely    Research Group  Machine Learning Group"}