{"page_link": "https://creds.iitpkd.ac.in/wspa", "title": "https:--creds.iitpkd.ac.in-wspa", "hyperlinks": ["/wspa", "/wspa/cfp", "/wspa/wspa21", "http://www.pakdd.net", "https://creds.iitpkd.ac.in", "http://www.pakdd.net/", "https://nmrinl.github.io/index.html", "http://cse.iitkgp.ac.in/~ayanc/", "https://iitpkd.ac.in/people/sahely", "https://iitpkd.ac.in/people/satyajitdas", "https://creds.iitpkd.ac.in", "https://unnatbharatabhiyan.gov.in:8443/new-website/", "http://www.pakdd.net/"], "image_link": "creds.iitpkd.ac.in/wspa/static/images/pakdd22.jpg", "image_desc": "2nd International Workshop on Smart &amp; Precise Agriculture<br/><br/>WSPA 2.0"}