{"page_link": "https://ds.iitpkd.ac.in/talkseries", "title": "https:--ds.iitpkd.ac.in-talkseries", "hyperlinks": ["#main-content", "/", "/", "/", "/faculty", "/faculty", "/researchscholars", "/node/12", "/node/12", "/node/13", "/node/14", "/research", "/research", "https://creds.iitpkd.ac.in/", "/publications", "/courses", "/projects", "/talkseries", "/", "https://pure.qub.ac.uk/en/persons/deepak-padmanabhan", "https://sites.google.com/site/shwetajainiisc/home", "https://www.cse.iitb.ac.in/~ganesh/", "https://www.cse.iitb.ac.in/~ganesh/", "http://www.decile.org/", "https://sites.google.com/site/adwayresearch/", "https://scholar.google.co.in/citations?user=nGUcGrYAAAAJ", "https://eecs.iisc.ac.in/people/chiranjib-bhattacharyya/", "https://analyticsindiamag.com/prashanth-rao/#:~:text=Prashant%20Rao%20heads%20the%20Application,Machine%20Learning%20Platforms%20in%202021", "https://ece.iisc.ac.in/~rajeshs/", "https://scholar.google.com/citations?user=cgG32U0AAAAJ&hl=en", "https://iitgoa.ac.in/aishikshaai/index.php", "https://www.isical.ac.in/~ash/", "https://www.isical.ac.in/~scc/", "https://zoom.us/j/91615547268", "https://iitpkd.ac.in", "https://lms.iitpkd.ac.in/", "https://library.iitpkd.ac.in/", "https://pgadmit.iitpkd.ac.in/", "https://resap.iitpkd.ac.in/", "https://ds.iitpkd.ac.in/node/15/", "https://sites.google.com/iitpkd.ac.in/iitpalakkad/telephone-directory", "https://iitpkd.ac.in/join-us", "https://facap.iitpkd.ac.in/", "https://hpc.iitpkd.ac.in/", "https://iitpkd.ac.in/how-reach"], "image_link": "ds.iitpkd.ac.in/sites/default/files/inline-images/Adway%20Mitra_1.jpg", "image_desc": "<a href=\"https://www.cse.iitb.ac.in/~ganesh/\"><span class=\"text-uppercase fw-bold fs-6\">Prof. </span></a><a href=\"https://www.cse.iitb.ac.in/~ganesh/\">Ganesh\u00a0Ramakrishnan</a>\u00a0     "}