{"page_link": "https://resap.iitpkd.ac.in/faq", "title": "https:--resap.iitpkd.ac.in-faq", "hyperlinks": ["#main-content", "/", "/", "/user/login", "#", "/", "", "/forms-by-program/phd", "/forms-by-program/ms", "https://resap.iitpkd.ac.in/sites/research-admission.iitp-portal.local/files/2023-04/ResearchAdmission_InformationBrochure_July_2023.docx%20%282%29_compressed.pdf", "/fees-and-deposits", "/financial-assistance", "/important-dates", "/how-to-apply", "/faq", "/contact/contact_us", "mailto:academics@iitpkd.ac.in", "https://resap.iitpkd.ac.in/eligibility-documents-be-uploaded", "/", "https://mail.google.com/a/iitpkd.ac.in", "https://iitpkd.ac.in/events", "https://iitpkd.ac.in/newsletter", "https://iitpkd.ac.in/purchase-procedure-and-annexures", "https://iitpkd.ac.in/downloadable-forms-only-employess", "https://iitpkd.ac.in/circular", "https://iitpkd.ac.in/anti-ragging", "https://iitpkd.ac.in/tadp1", "https://iitpkd.ac.in/internal-cconcbd", "https://iitpkd.ac.in/internal-complaints-committee-sexual-harassment", "https://iitpkd.ac.in/internal-complaints-committee-sexual-harassment", "https://iitpkd.ac.in/join-us", "/user/login", "https://support.iitpkd.ac.in/", "https://sites.google.com/iitpkd.ac.in/iitpalakkad/telephone-directory", "https://mrbs.iitpkd.ac.in/", "https://lms.iitpkd.ac.in/", "http://192.168.1.17/", "https://cdc.iitpkd.ac.in/", "https://icsr.iitpkd.ac.in/", "https://records.iitpkd.ac.in/", "https://records.iitpkd.ac.in/", "https://idp.iitpkd.ac.in/"], "image_link": "resap.iitpkd.ac.in/themes/custom/iitpkd_dxpr_theme/iitplogo.png", "image_desc": "https://resap.iitpkd.ac.in/faq    Research Portal           Search Search        Sign In          Toggle menu        Home   Programs   PhD   MS     Brochure   Fees and Deposits   Financial Assistance   Important Dates   How to Apply   FAQ   Contact Us             FAQ             When will I get a refund for a failed transaction?Kindly check with your bank for refund status."}