{"page_link": "https://resap.iitpkd.ac.in/form-action/6381", "title": "https:--resap.iitpkd.ac.in-form-action-6381", "hyperlinks": ["#main-content", "/", "/", "/user/login", "#", "/", "/user/login?destination=forms-by-program/phd", "/", "https://mail.google.com/a/iitpkd.ac.in", "https://iitpkd.ac.in/events", "https://iitpkd.ac.in/newsletter", "https://iitpkd.ac.in/purchase-procedure-and-annexures", "https://iitpkd.ac.in/downloadable-forms-only-employess", "https://iitpkd.ac.in/circular", "https://iitpkd.ac.in/anti-ragging", "https://iitpkd.ac.in/tadp1", "https://iitpkd.ac.in/internal-cconcbd", "https://iitpkd.ac.in/internal-complaints-committee-sexual-harassment", "https://iitpkd.ac.in/internal-complaints-committee-sexual-harassment", "https://iitpkd.ac.in/join-us", "/user/login", "https://support.iitpkd.ac.in/", "https://sites.google.com/iitpkd.ac.in/iitpalakkad/telephone-directory", "https://mrbs.iitpkd.ac.in/", "https://lms.iitpkd.ac.in/", "http://192.168.1.17/", "https://cdc.iitpkd.ac.in/", "https://icsr.iitpkd.ac.in/", "https://records.iitpkd.ac.in/", "https://records.iitpkd.ac.in/", "https://idp.iitpkd.ac.in/"], "image_link": "resap.iitpkd.ac.in/themes/custom/iitpkd_dxpr_theme/iitplogo.png", "image_desc": "https://resap.iitpkd.ac.in/form-action/6381    Research Portal           Search Search        Sign In          Toggle menu          Home                                 PhD in Environmental Sciences & Sustainable Engineering Centre (ESSENCE) July 2023    PhD in Environmental Sciences & Sustainable Engineering Centre (ESSENCE) July 2023"}