{"page_link": "https://facap.iitpkd.ac.in/forms-by-program/CurrentOpenings", "title": "https:--facap.iitpkd.ac.in-forms-by-program-CurrentOpenings", "hyperlinks": ["#main-content", "/", "/", "/user/login", "#", "/", "/forms-by-program/CurrentOpenings", "/important-dates", "/how-to-apply", "/notification", "/faq", "/contact/contact_us", "/", "https://mail.google.com/a/iitpkd.ac.in", "https://iitpkd.ac.in/events", "https://iitpkd.ac.in/newsletter", "https://iitpkd.ac.in/purchase-procedure-and-annexures", "https://iitpkd.ac.in/downloadable-forms-only-employess", "https://iitpkd.ac.in/circular", "https://iitpkd.ac.in/anti-ragging", "https://iitpkd.ac.in/tadp1", "https://iitpkd.ac.in/internal-cconcbd", "https://iitpkd.ac.in/internal-complaints-committee-sexual-harassment", "https://iitpkd.ac.in/internal-complaints-committee-sexual-harassment", "https://iitpkd.ac.in/join-us", "/user/login", "https://support.iitpkd.ac.in/", "https://sites.google.com/iitpkd.ac.in/iitpalakkad/telephone-directory", "https://mrbs.iitpkd.ac.in/", "https://lms.iitpkd.ac.in/", "http://192.168.1.17/", "https://cdc.iitpkd.ac.in/", "https://icsr.iitpkd.ac.in/", "https://records.iitpkd.ac.in/", "https://records.iitpkd.ac.in/", "https://idp.iitpkd.ac.in/", "mailto:netadmin@iitpkd.ac.in"], "image_link": "facap.iitpkd.ac.in/themes/custom/iitpkd_dxpr_theme/iitplogo.png", "image_desc": "https://facap.iitpkd.ac.in/forms-by-program/CurrentOpenings    Faculty Recruitment Portal           Search Search        Sign In          Toggle menu        Home   Current Openings   Important Dates   How to Apply   Notification   FAQ   Contact Us             Current Openings               S. No. Designation Discipline Area of specialization      Currently there are no openings!!!                                  Search Search                Footer Col 1   Home   Mail   Events   TFS-News Letter   Purchase procedure and Annexures   Downloadable Forms (Only For Employees)   Internal Notification & Circular  (Only for Employees)         Footer Col 2   Anti-Ragging   RTI   Internal Complaints Committee on caste based discrimination   Internal Complaints Committee on Sexual   Harassment   Join Us   Login         Footer Col 3   Support   Telephone Directory   Room Booking System   Moodle   Library   Career Development Center   ICSR   Records Portal (Only for Employees)   URKUND (Plagiarism Checker)   E-Resources-Off Campus         Indian Institute of Technology Palakkad, Ahalia Integrated Campus, Kozhippara P.O | Palakkad Kerala | Pin: 678557"}