{"page_link": "https://iitpkd.ac.in/people/sknayar", "title": "https:--iitpkd.ac.in-people-sknayar", "hyperlinks": ["#", "#", "#", "#", "#", "#", "https://doi.org/10.3390/en15218011", "http://dx.doi.org/10.1080/14680629.2022.2139285.", "https://scholar.google.co.in/scholar?q=Assessment of a Methodology for Design of SCC Mixes by Robustness Studies,Nayar, S. K., Premavathy, A., Manu Santhanam, Gettu, R., and Boustingorry, P", "https://link.springer.com/epdf/10.1007/s12046-019-1255-1?author_access_token=izNNFnQIElY-8WEEqL8XZve4RwlQNchNByi7wbcMAY5fZhvHcsiNItt1VPdyJ8vw-xEhFyNxvsuQvEexumf4BjmwL5wjUJb8nccOJOF47rpPO5tOPjsGw-0nAyNvT2I4x5Gg1AGFxm8mHID2JGKCAA%3D%3D", "https://scholar.google.co.in/scholar?q=Assessment of a Methodology for Formulation of Robust Self-Compacting Concrete Mixes,Premavathy, A., Nayar, S. K., Jeyanthi. R, Ravindra Gettu, Manu Santhanam, Pascal Boustingorry and Shyam Sundar G", "https://scholar.google.co.in/scholar?q=Design Methodology for Fibre Reinforced Concrete Slabs-on-grade Based on Inelastic Analysis,Nayar, S. K., and Gettu, R., "], "image_link": "iitpkd.ac.in/sites/default/files/styles/with_scale_/public/pictures/2023-02/Sunitha%20K%20Nayar.jpg?itok=VA509Ogk", "image_desc": "https://iitpkd.ac.in/people/sknayar                   Dr. Sunitha K Nayar      Assistant Professor (Visiting)      , Civil Engineering      Environmental Sciences and Sustainable Engineering Centre           sknayar@iitpkd.ac.in           Research Area:  Physical and mechanical characterization of construction materials and systems, Research Area:  Fatigue characteristics of concrete, Research Area:  Textile reinforced concrete, Research Area:  Sustainability assessment using LCA, Research Area:  Develoment of sustainable construction materials, Research Area:  Carbon sequestration and utilisation through construction materials and technology                                        Biosketch   Ph. D. in Civil Engineering \u00a0 \u00a0 \u00a0 \u00a0 \u00a0 \u00a0 \u00a0 \u00a0 \u00a0 \u00a0 \u00a0 \u00a0 \u00a0 \u00a0 \u00a0 \u00a0 \u00a0 \u00a0 \u00a0 \u00a0 \u00a0 \u00a0 \u00a0 \u00a0 \u00a0 \u00a0 \u00a0 \u00a0 \u00a0 \u00a0 \u00a0 \u00a0 \u00a0 \u00a0 \u00a0 \u00a0 \u00a0 \u00a0 \u00a0 \u00a0 \u00a0 \u00a0\u00a0"}