{"page_link": "https://hpc.iitpkd.ac.in/", "title": "https:--hpc.iitpkd.ac.in-", "hyperlinks": ["#main-content", "/", "/", "#show-block-bartik-main-menu", "#hide-block-bartik-main-menu", "/home", "/node/2", "https://gitlab.com/core-admin-at-iitpkd/hpc/-/wikis/home", "/qstat_info", "/helpdesk", "/chandra_ganglia", "/system_news", "/node/13", "#show-block-bartik-footer", "#hide-block-bartik-footer", "/contact", "https://www.drupal.org"], "image_link": "hpc.iitpkd.ac.in/sites/default/files/inline-images/chandra_pic_1.png", "image_desc": "Main navigationChandra 64 Node Computing HPC - Housed in Ahalia Campus\u00a0"}