{"page_link": "https://iitpkd.ac.in/people/aguha", "title": "https:--iitpkd.ac.in-people-aguha", "hyperlinks": ["#", "#", "#", "#"], "image_link": "iitpkd.ac.in/sites/default/files/styles/with_scale_/public/pictures/2023-02/Anirudh%20Guha.jpg?itok=qDHFZo3M", "image_desc": "https://iitpkd.ac.in/people/aguha                   Dr. Anirudh Guha      Assistant Professor           Electrical Engineering           aguha@iitpkd.ac.in           Research Area:  Power Electronics              CV_Anirudh_Guha_Oct2019.pdf (340.92 KB)                               Biosketch   Education"}