{"page_link": "https://iitpkd.ac.in/people/debarati", "title": "https:--iitpkd.ac.in-people-debarati", "hyperlinks": ["#", "#", "#", "#", "#", "#", "https://pubs.acs.org/doi/full/10.1021/acs.jpcb.0c00086", "https://onlinelibrary.wiley.com/doi/abs/10.1002/mats.201600074", "https://www.sciencedirect.com/science/article/abs/pii/S0009261414009361", "https://aip.scitation.org/doi/abs/10.1063/1.3651100", "https://aip.scitation.org/doi/10.1063/1.3582899", "http://iopscience.iop.org/article/10.1088/1742-5468/2011/03/P03010/meta", "https://journals.aps.org/pre/abstract/10.1103/PhysRevE.82.051104", "https://journals.aps.org/pre/abstract/10.1103/PhysRevE.80.011118", "https://pubs.acs.org/doi/abs/10.1021/jp100212r", "https://aip.scitation.org/doi/abs/10.1063/1.3290987?journalCode=jcp", "https://aip.scitation.org/doi/10.1063/1.2969767", "http://iopscience.iop.org/article/10.1088/1742-5468/2008/10/P10006/meta", "https://aip.scitation.org/doi/abs/10.1063/1.2793781"], "image_link": "iitpkd.ac.in/sites/default/files/inline-images/ResearchActivityGroupPage_1.jpeg", "image_desc": "https://iitpkd.ac.in/people/debaratiSep. 2016-\u00a0 \u00a0Current:\u00a0 \u00a0 \u00a0\u00a0 Assistant Professor, Chemistry (Primary) & Physics (Secondary), Indian Institute of Technology, Palakkad Feb. 2016-\u00a0 \u00a0Sep. 2016 :\u00a0 \u00a0Visiting Scientist , Indian Institute of Science Bangalore April, 2014-\u00a0 Dec. 2015:\u00a0 \u00a0 \u00a0Post Doctoral Research Scholar, MaxPlanck Institute for Polymer Research, Mainz, Germany. (Supervisor: Prof. Thomas A. Vilgis) Feb. 2012-\u00a0 \u00a0Dec. 2013:\u00a0 \u00a0\u00a0Post Doctoral Research Scholar,\u00a0 Center for Theoretical Bio Physics (CTBP), Physics, University of California, San Diego Aug., 2006-\u00a0 \u00a0Aug. 2011:\u00a0 \u00a0 Ph. D. , Inorganic and Physical Chemistry Department, Indian Institute of Science Bangalore (Ph. D. Supervisor: Prof. Binny J. Cherayil) 2004 -\u00a0 \u00a02006 :\u00a0 \u00a0 M.Sc. in Chemistry (Special: Physical Chemistry), Rajabazar Science College, Calcutta University, Kolkata. 2001-\u00a0 \u00a02004 :\u00a0 \u00a0 \u00a0B. Sc. in Chemistry ( Hons.) , Scottish Church College, Kolkata  Research  Research Activity \u00a0"}