{"page_link": "https://iitpkd.ac.in/people/padmesh", "title": "https:--iitpkd.ac.in-people-padmesh", "hyperlinks": ["#", "#", "#", "#", "http://beta.iitpkd.ac.in/people/aparna", "https://iitpkd.ac.in/people/201914002", "#", "#", "https://pubs.rsc.org/en/content/articlelanding/2023/cp/d2cp05770k", "https://doi.org/10.1021/acs.jpcc.2c05132", "https://chemistry-europe.onlinelibrary.wiley.com/doi/abs/10.1002/cphc.202200320", "https://doi.org/10.1039/D1CP05819C", "https://doi.org/10.1080/07391102.2021.1977706", "https://chemistry-europe.onlinelibrary.wiley.com/doi/full/10.1002/slct.202000360", "https://www.nature.com/articles/nchem.2632", "http://onlinelibrary.wiley.com/doi/10.1002/anie.201508005/abstract", "http://journals.plos.org/plosone/article?id=10.1371/journal.pone.0108812", "https://www.nature.com/articles/nchem.1676", "http://inside.hlrs.de/_old/htm/Edition_02_12/article_12.html", "http://www.sciencedirect.com/science/article/pii/S0144861711002736", "http://pubs.rsc.org/en/content/articlelanding/2011/jm/c0jm03698f/unauth#!divAbstract", "http://pubs.rsc.org/en/content/articlelanding/2011/jm/c1jm11091h#!divAbstract", "http://www.sciencedirect.com/science/article/pii/S0022519310002407", "https://www.sciencedirect.com/science/article/pii/S0144861709003609", "https://journals.aps.org/pre/abstract/10.1103/PhysRevE.76.021927"], "image_link": "iitpkd.ac.in/sites/default/files/inline-images/Conf.jpg", "image_desc": "https://iitpkd.ac.in/people/padmeshActivation free energies as a function of external force (panel a) for nucleophilic cleavage of diethyl disulfide in bulk water by OH\u2212 nucleophile, using isotensional ab initio metadynamics sampling (red) and thermodynamic integration (black) at T = 300 K. Free energy surfaces in the absence of force (panel b) and at a force of 1.5 nN (panel c). CV1 is the difference between the S\u2013S distance (panel d) and the distance of the attacked sulfur, S\u22c6, with respect to the attacking hydroxyl oxygen, thus (negative and positive) the values corresponding to reactant and product states respectively. CV2 is the S\u22c6-S-C-C dihedral angle on the side of the reaction centre (where the dotted horizontal lines (panel c) mark 180\u25e6 and thus the so-called closed conformation of diethyl disulfide). The arrows and crosses highlight schematically the energetically preferred and restricted pathways, respectively, according to the topology of the underlying free energy landscape. Red circles (in panel a) mark the points for which the free energy surfaces are shown in panels b and c. Reprinted from P. Dopieralski, J Ribas-Arino, P.Anjukandi et al, \u00a0Nat. Chem., 2013. Copyright 2013 NPG. \u00a0 A. G. Nair, D. S. Parumalla,\u00a0P. Anjukandi*, Submitted, 2021.P. Dopieralski, J Ribas-Arino, P. Anjukandi et al, \u00a0Nat. Chem., 2017. P. Dopieralski, J Ribas-Arino, P. Anjukandi et al, \u00a0Angew. Chem. Int. Ed. , 2016. P.Anjukandi*, P. Dopieralski, J Ribas-Arino et al, PLoS One, 2014. P. Dopieralski, J Ribas-Arino, P. Anjukandi et al, \u00a0Nat. Chem., 2013. c)\u00a0Folding Mechanisms in Proteins:\u00a0 It is great to see how nature organises the packaging of its sub units to make meaningful and yet fully functional working units out of them. Proteins, thought to be one of the fundamental building blocks of life is one such example of its kind. One of the interesting aspect of the proteins are the formation of different structural types while packing themselves. Herein, we are interested basically in understanding the folding, unfolding mechanisms and kinetics in the \u03b1-helices and \u03b2-hairpin loops, which forms a part of the secondary motifs in proteins."}