{"page_link": "https://iitpkd.ac.in/people/padmesh", "title": "https:--iitpkd.ac.in-people-padmesh", "hyperlinks": ["#", "#", "#", "#", "http://beta.iitpkd.ac.in/people/aparna", "https://iitpkd.ac.in/people/201914002", "#", "#", "https://pubs.rsc.org/en/content/articlelanding/2023/cp/d2cp05770k", "https://doi.org/10.1021/acs.jpcc.2c05132", "https://chemistry-europe.onlinelibrary.wiley.com/doi/abs/10.1002/cphc.202200320", "https://doi.org/10.1039/D1CP05819C", "https://doi.org/10.1080/07391102.2021.1977706", "https://chemistry-europe.onlinelibrary.wiley.com/doi/full/10.1002/slct.202000360", "https://www.nature.com/articles/nchem.2632", "http://onlinelibrary.wiley.com/doi/10.1002/anie.201508005/abstract", "http://journals.plos.org/plosone/article?id=10.1371/journal.pone.0108812", "https://www.nature.com/articles/nchem.1676", "http://inside.hlrs.de/_old/htm/Edition_02_12/article_12.html", "http://www.sciencedirect.com/science/article/pii/S0144861711002736", "http://pubs.rsc.org/en/content/articlelanding/2011/jm/c0jm03698f/unauth#!divAbstract", "http://pubs.rsc.org/en/content/articlelanding/2011/jm/c1jm11091h#!divAbstract", "http://www.sciencedirect.com/science/article/pii/S0022519310002407", "https://www.sciencedirect.com/science/article/pii/S0144861709003609", "https://journals.aps.org/pre/abstract/10.1103/PhysRevE.76.021927"], "image_link": "iitpkd.ac.in/sites/default/files/inline-images/Hexouse_0.jpeg", "image_desc": "https://iitpkd.ac.in/people/padmeshP. Dopieralski, P. Anjukandi, M. Rauckert et al, \u00a0J. Mat. Chem. , 2011. \u00a0 d) Mechanochemistry of Pectins:\u00a0 Calculating and simulating the mechanical behavior of single biopolymer (Pectin) chains. DFT calculations on monomers, diamers and trimers of pectin to look at their conformations during force induced stretching and characterization of the biopolymer. Brownian Dynamics Simulations on larger chains to look at stretching and the collapse of the chain in different solvent and chain stiffness. Steered Molecular Dynamics (SMD), looking at the stretching of a ten member polymer chain and its force-extension behavior. P.Anjukandi G G Pereira and M A K Williams, \u00a0J. Theo. Biol, 2010. M.A.K. Williams, A.T. Marshall, P. Anjukandi and R. G. Haverkamp, Phys. Rev. E, 2007."}