{"page_link": "https://iitpkd.ac.in/people/mintu", "title": "https:--iitpkd.ac.in-people-mintu", "hyperlinks": ["#", "http://turing.iitpkd.ac.in/web/", "https://www.cornell.edu/", "http://www.columbia.edu/", "http://www.as.miami.edu/chemistry/", "http://chemistry.iitd.ac.in/", "http://www.caluniv.ac.in/", "http://www.columbia.edu/", "https://www.rutgers.edu/", "https://case.edu/", "#", "#", "#", "#", "http://healthmedicinet.com/i/sequence-defined-bioactive-macrocycle-can-be-tailored-for-drug-design/", "http://phys.org/news/2016-05-sequence-defined-bioactive-macrocycle-tailored-drug.html", "http://www.technology.org/2016/05/17/bioactive-macrocycle-shows-promising-antibacterial-activity/?utm_source=feedburner&utm_medium=feed&utm_campaign=Feed%3A+TechnologyOrg+%28Technology+Org+-+All+News%29", "http://www.news.cornell.edu/stories/2016/05/bioactive-macrocycle-shows-promising-antibacterial-activity", "http://www.bioportfolio.com/news/article/2704093/Sequence-defined-bioactive-macrocycles-via-an-acid-catalysed-cascade-reaction.html", "http://www.bioportfolio.com/news/article/2704093/Sequence-defined-bioactive-macrocycles-via-an-acid-catalysed-cascade-reaction.html", "https://www.thieme-connect.com/products/ejournals/abstract/10.1055/s-0034-1380113", "http://www.i-aps.org/awards.asp", "#", "https://www.sciencedirect.com/science/article/abs/pii/S1010603023001053", "https://www.sciencedirect.com/science/article/abs/pii/S0925400523000503", "https://www.mdpi.com/1422-0067/24/2/1466", "https://pubs.rsc.org/en/content/articlehtml/2023/ew/d2ew00727d", "https://www.mdpi.com/1420-3049/27/11/3409", "https://www.nature.com/articles/s41598-022-08775-z", "https://pubs.rsc.org/en/content/articlelanding/2022/py/d1py01586a", "https://pubs.rsc.org/en/content/articlelanding/2021/py/d1py00642h", "https://pubs.acs.org/doi/10.1021/acs.macromol.0c00412", "https://www.sciencedirect.com/science/article/pii/S0009261420311003?via%3Dihub", "https://pubs.rsc.org/en/content/articlelanding/2019/py/c9py00886a", "https://onlinelibrary.wiley.com/doi/abs/10.1002/adma.201803130", "https://pubs.acs.org/doi/abs/10.1021/acs.jpcb.7b11306", "https://pubs.acs.org/doi/abs/10.1021/acs.jpcc.7b05522", "https://pubs.acs.org/doi/10.1021/acs.jpcc.7b07260", "https://pubs.acs.org/doi/abs/10.1021/acschembio.6b00837", "http://www.pnas.org/content/pnas/113/19/5233.full.pdf", "http://www.pnas.org/content/pnas/113/44/E6749", "http://www.nature.com/articles/nchem.2508", "https://pubs.acs.org/doi/10.1021/la504130f", "https://www.thieme-connect.de/products/ejournals/abstract/10.1055/s-0034-1380113", "http://pubs.rsc.org/en/content/articlelanding/2014/pp/c3pp50336d#!divAbstract", "https://pubs.acs.org/doi/abs/10.1021/cb500172u", "https://pubs.acs.org/doi/abs/10.1021/ja507262t?src=recsys", "http://pubs.rsc.org/en/content/articlelanding/2013/ra/c2ra22285j#!divAbstract", "http://pubs.rsc.org/en/content/articlelanding/2013/cc/c3cc38767d#!divAbstract", "https://pubs.acs.org/doi/abs/10.1021/ja3067594", "https://pubs.acs.org/doi/abs/10.1021/la203419y", "https://pubs.acs.org/doi/10.1021/la300053r", "http://pubs.rsc.org/en/content/articlelanding/2012/cc/c2cc17938e#!divAbstract", "http://turroserver.chem.columbia.edu/PDF_db/publications_951_1000/NJT953.pdf", "http://turroserver.chem.columbia.edu/PDF_db/publications_951_1000/NJT951.pdf", "https://pubs.acs.org/doi/abs/10.1021/la904196g?journalCode=langd5", "https://pubs.acs.org/doi/abs/10.1021/ol101841n", "http://pubs.rsc.org/en/content/articlelanding/2010/cc/c0cc02587a#!divAbstract", "https://pubs.acs.org/doi/abs/10.1021/la804194w", "https://pubs.acs.org/doi/10.1021/la901367k", "https://pubs.acs.org/doi/abs/10.1021/la9020806?journalCode=langd5", "https://aip.scitation.org/doi/abs/10.1063/1.2785178?journalCode=jcp"], "image_link": "iitpkd.ac.in/sites/default/files/styles/with_scale_/public/pictures/2023-02/Mintu%20Porel.jpg?itok=-hcVFfRn", "image_desc": "https://iitpkd.ac.in/people/mintu                   Dr. Mintu Porel      Assistant Professor and Ramanujan Fellow           Chemistry           mintu@iitpkd.ac.in           Research Area:  Design, Synthesis and Application of novel organic materials, Supramolecular and Macromolecular Chemistry , Photochemistry      View Website                                   Biosketch   Experiences  Assistant Professor (2017-present):\u00a0Indian Institute of Technology Palakkad, Kerala, India"}