{"page_link": "https://iitpkd.ac.in/people/djagadeesan", "title": "https:--iitpkd.ac.in-people-djagadeesan", "hyperlinks": ["#", "#", "#", "#", "#", "#", "https://www.sciencedirect.com/science/article/abs/pii/S0926337321005439", "https://scholar.google.co.in/scholar?q=Water enhanced surface basicity in FeO(OH) for the synthesis of pseudoionones and their analogues,D. Vernekar, S. S. Sakate, C. V. Rode, D. Jagadeesan*", "https://pubs.rsc.org/en/content/articlelanding/2019/cy/c8cy02345j#!divAbstract", "https://pubs.acs.org/doi/abs/10.1021/acsomega.7b01505", "https://www.nature.com/articles/s41467-017-01603-3", "https://link.springer.com/article/10.1007%2Fs10008-017-3537-z", "http://pubs.acs.org/doi/abs/10.1021/acsomega.7b01505", "https://onlinelibrary.wiley.com/doi/full/10.1002/cnma.201600234", "https://pubs.acs.org/doi/abs/10.1021/acsami.5b12038", "https://www.sciencedirect.com/science/article/pii/S0926860X15302611", "http://pubs.rsc.org/en/content/articlelanding/2016/gc/c6gc00565a#!divAbstract"], "image_link": "iitpkd.ac.in/sites/default/files/styles/with_scale_/public/pictures/2023-02/Dinesh%20Jagadeeshan.jpg?itok=cX7u949v", "image_desc": "https://iitpkd.ac.in/people/djagadeesan                   Dr. Dinesh Jagadeesan      Associate Professor           Chemistry           d.jagadeesan@iitpkd.ac.in      04923 226 345      Research Area:  Materials Chemistry, Research Area:  Heterogeneous Catalysis, Research Area:  Environmental Catalysis      View Website                                   Biosketch   ORCID\u00a0https://orcid.org/0000-0002-9600-2515"}