{"page_link": "https://iitpkd.ac.in/people/smitra", "title": "https:--iitpkd.ac.in-people-smitra", "hyperlinks": ["#", "#", "#", "#", "#", "#", "https://scholar.google.co.in/scholar?q=Postprocessing short to medium range GEFS precipitation forecast in India.,Sakila S., Mitra S.", "https://scholar.google.co.in/scholar?q=Sensitivity change of water deficit droughts on evapotranspiration methods in the Indian subcontinent.,Varghese F., Mitra S.", "https://doi.org/10.1016/j.ejrh.2021.100802", "https://doi.org/10.1016/j.jhydrol.2021.126431", "https://scholar.google.co.in/scholar?q=Uncertainty in future projections of water deficit droughts based on evapotranspiration methods in the Indian subcontinent.,Varghese F., Mitra S.", "https://scholar.google.co.in/scholar?q=Improving short to medium range GEFS precipitation forecasts in India using post-processing techniques.,Sakila S., Mitra S., Tian D., Medina H.", "https://scholar.google.co.in/scholar?q=Improving Short to Medium Range Precipitation Forecasts in India using Analog Approach.,Sakila S., Mitra S.", "https://scholar.google.co.in/scholar?q=A Comprehensive Drought Assessment Tool for Coastal Areas, Bays and Estuaries: Development of a Coastal Drought Index,Mitra, S., Srivastava, P.", "https://scholar.google.co.in/scholar?q=Sensitivity of Groundwater Components to Irrigation Withdrawals during Droughts on Agricultural Intensive Karst Aquifer - A Case Study in the Apalachicola-Chattahoochee Flint River Basin.,Mitra, S., Singh S., Srivastava, P.", "https://scholar.google.co.in/scholar?q=Probabilistic Assessment Of Projected Climatological Drought Characteristics Over The Southeast United States.,Mitra, S., Srivastava, P., Lamba, J.", "https://scholar.google.co.in/scholar?q=Using Soil Phosphorus Measurements To Assess The Effectiveness Of Subsurface-Band Application Of Broiler Litter In Reducing Phosphorus Leaching.,Lamba, J.,  Srivastava, P., Mitra, S., Way, T. R.", "https://scholar.google.co.in/scholar?q=Selection Of Optimal Scales For Soil Depth Prediction On Headwater Hillslopes: A Modeling Approach.,Han, X., Liu, J., Mitra, S., Li, X., Srivastava, P., Guzman, S.M., Chen, X.", "https://scholar.google.co.in/scholar?q=Evaluation Of Water-Use Policies For Baseflow Recovery During Droughts In An Agricultural Intensive Karst Watershed: Case Study Of The Lower Apalachicola-Chattahoochee-Flint River Basin, Southeastern USA.,Singh, S., Mitra, S., Srivastava, P., Abebe, A.", "https://scholar.google.co.in/scholar?q=Spatiotemporal Variability Of Meteorological Droughts in The Southeastern United States.,Mitra, S., Srivastava, P.", "https://scholar.google.co.in/scholar?q=Effect Of Irrigation Pumpage During Drought On Karst Aquifer Systems In Highly Agricultural Watersheds: Example Of The Apalachicola-Chattahoochee-Flint River Basin, Southeastern USA.,Mitra, S., Srivastava, P., Singh, S.", "https://scholar.google.co.in/scholar?q=Baseflow Response To Climate Variability Induced Droughts In The Apalachicola-Chattahoochee-Flint River Basin.,Singh, S., Srivastava, P., Abebe, A., and Mitra, S.", "https://scholar.google.co.in/scholar?q=Effect Of ENSO-Induced Climate Variability On Groundwater Levels In The Lower Apalachicola-Chattahoochee-Flint River Basin.,Mitra, S., Srivastava, P., Singh, S., and Yates, D.", "https://scholar.google.co.in/scholar?q=Hydrologic Response To Climatic Change In The Baitarni River Basin.,Mitra, S., Mishra, A."], "image_link": "iitpkd.ac.in/sites/default/files/styles/with_scale_/public/pictures/2023-02/Subhasis%20Mitra.jpg?itok=JxyuCJGd", "image_desc": "https://iitpkd.ac.in/people/smitra                   Dr. Subhasis Mitra      Assistant Professor           Civil Engineering           smitra@iitpkd.ac.in           Research Area:  Climate and Anthropogenic Impacts on Surface and Groundwater Hydrology, Research Area:  Forecasting and Prediction in Water Resources, Research Area:  Climate Change impacts on Water Resources      View Website                                   Biosketch   Work Experience Assistant Professor\u00a0 \u00a0 \u00a0 \u00a0 \u00a0 \u00a0 \u00a0 Indian Institute of Technology, Palakkad\u00a0 \u00a0 \u00a0 \u00a0 \u00a0 \u00a0 \u00a0 \u00a0 \u00a0 \u00a0 \u00a0 \u00a0 2017 - present                   Dr. Subhasis Mitra      Assistant Professor           Civil Engineering           smitra@iitpkd.ac.in           Research Area:  Climate and Anthropogenic Impacts on Surface and Groundwater Hydrology, Research Area:  Forecasting and Prediction in Water Resources, Research Area:  Climate Change impacts on Water Resources      View Website                                   Biosketch   Work Experience Assistant Professor\u00a0 \u00a0 \u00a0 \u00a0 \u00a0 \u00a0 \u00a0 Indian Institute of Technology, Palakkad\u00a0 \u00a0 \u00a0 \u00a0 \u00a0 \u00a0 \u00a0 \u00a0 \u00a0 \u00a0 \u00a0 \u00a0 2017 - present Postdoc\u00a0 \u00a0 \u00a0 \u00a0 \u00a0 \u00a0 \u00a0 \u00a0 \u00a0 \u00a0 \u00a0 \u00a0 \u00a0 \u00a0 \u00a0 \u00a0 Auburn University, USA\u00a0 \u00a0 \u00a0 \u00a0 \u00a0 \u00a0 \u00a0 \u00a0 \u00a0 \u00a0 \u00a0 \u00a0 \u00a0 \u00a0 \u00a0 \u00a0 \u00a0 \u00a0 \u00a0 \u00a0 \u00a0 \u00a0 \u00a0 \u00a0 \u00a0 2015 - 2017 Research Fellow\u00a0 \u00a0 \u00a0 \u00a0 \u00a0 \u00a0 \u00a0 \u00a0 \u00a0\u00a0Indian Institute of Technology, Kharagpur\u00a0 \u00a0 \u00a0 \u00a0 \u00a0 \u00a0 \u00a0 \u00a0 \u00a0 \u00a0 \u00a0 2010 - 2011                    Dr. Subhasis Mitra      Assistant Professor           Civil Engineering           smitra@iitpkd.ac.in           Research Area:  Climate and Anthropogenic Impacts on Surface and Groundwater Hydrology, Research Area:  Forecasting and Prediction in Water Resources, Research Area:  Climate Change impacts on Water Resources      View Website"}