{"page_link": "https://iitpkd.emeritus.org/iitpkd-professional-certificate-programme-in-applied-data-science/index.php", "title": "https:--iitpkd.emeritus.org-iitpkd-professional-certificate-programme-in-applied-data-science-index.php", "hyperlinks": ["referral-form.php?utm_source=Referral&utm_medium=LPribbon&utm_campaign=Referral_LPribbon", "#", "https://emeritus.org/in/privacy-policy/", "#", "#", "#", "#", "", "", "", "#module_00", "#module_01", "#module_02", "#module_03", "#module_04", "#module_05", "#module_06", "#module_07", "#module_08", "#module_09", "#module_10", "#module_11", "#module_12", "#module_14", "#module_14", "#module_15", "#module_16", "#module_17", "#module_18", "#module_19", "#module_20", "#module_21", "#module_22", "#module_23", "#module_24", "#module_25", "#module_26", "#module_27", "", "#", "#", "#", "#", "#", "#", "https://bit.ly/3naKnY0", "https://emeritus.org/in", "", "https://iitpkd.ac.in/", "https://propelld.com", "https://propelld.com/signin", "mailto:info@emeritus.org"], "image_link": "images/emeritus-career-services-infographic.png", "image_desc": "                         Programme Overview                     Data is an integral part of any modern business. Collating, understanding and analysing data helps you build winning strategies which begets happier customers, stronger growth and content employees. Even in the current climate, the demand for data science professionals is at an all-time high. The Indian Institute of Technology, Palakkad, in collaboration with Emeritus, has designed the Professional Certificate Programme in Applied Data Science. With a focus on upskilling the participant on Python, the world\u2019s #1 programming language, and Data Engineering, this programme is curated for professionals interested in building a career in Data Science. This is a unique programme which will build your expertise through concepts and real-world cases. This will upgrade your resume and propel your career to new heights.                                     Emeritus Career Services                                Past participants of Emeritus work at Microsoft, ICICI Bank, Infosys, HDFC, AirBnB, TCS, Ola, Flipkart, JSW, Wipro, Honeywell, JP Morgan, Reliance Jio, Mahindra, Gartner, Accenture, Cognizant, amongst others   Please note: Emeritus has partnered with student loan provider who can provide loans to Emeritus' students. You may be able to avail a student loan if you meet the conditions set by the loan provider. The loan provider that we have currently partnered with is Propelld (https://propelld.com)  Student Loan Details Below EMI plans are available for the Programme Fee: INR 75,000 + GST      Programme Fee Maximum Loan Amount Available Tenure (months) EMI   INR 75,000 + GST INR xx,xxx xx INR x,xxx    Note:  The above EMI's are indicative. The EMI's offered by each of the loan providers might vary from the above figures, depending upon tenure and loan amount to be disbursed. Other EMI tenures available (Months): Propelld: 6/12/18/24/30/36/42/48  How to apply for a student loan? STEP 1: You must complete the  Registration process for the programme Pay the registration fee or booking amount (as appropriate for the programme) Receive an email from the educational institution confirming your selection for the programme   STEP 2: You must complete the loan application form available at the below mentioned URL  For Propelld at https://propelld.com/signin                    If you need assistance in filling out the loan application form please email Emeritus at info@emeritus.org mentioning the name of the programme you are interested in.  STEP 3: An agent from the loan provider will call, email or visit you and assist you with your loan application. Loan approvals take varying amounts of time. You can discuss how long it would take with the agent who speaks to you. Please Note:  Emeritus does NOT make any recommendation on whether students should or should not avail of a loan to enroll into its programmes. The decision of whether to avail of a loan is exclusively your decision to make. Approving of a loan is a decision made exclusively by the loan provider. The loan provider may decline your loan application. Emeritus does not recommend any specific loan provider. You are required to conduct your own due diligence before making a choice of the loan provider. Please note that loan providers will charge an interest in providing you with a loan. Loan providers may include other charges such as a processing fee, documentation charges etc. before disbursal of loan. Emeritus encourages students to carefully read the terms and conditions of loan providers before availing of a loan. Emeritus does not bear any financial obligation related to the loan you apply for. Your financial obligation on the loan you avail of is to the loan provider. If you default on your loan repayment obligation to a loan provider, Emeritus may notify you to meet your loan repayment obligation. Your loan provider may initiate loan recovery proceedings as per applicable law. Your loan provider will transfer the loan amounts directly to Emeritus as required under the arrangement that the loan provider has with Emeritus. On specific request by the loan provider, Emeritus may inform the loan provider about your employment status, the programme fee, the programme duration and your attendance information on the programme. Failure to obtain a loan by you cannot be a reason to seek delayed payment schedule from Emeritus and the grant of admission may be withdrawn, if payments are not made by the student as per the listed payment schedule.      \u00d7         Dr. Satyajit Das Assistant Professor, Computer Science and Engineering Indian Institute of Technology Palakkad Dr Satyajit is one of the founding members of the Center for Research and Education in Data Science (CREDS) and Lab for Advanced VLSI and Artificial Intelligence (LAVA) at IIT Palakkad. He earned his joint Ph.D. degree from the University of South Brittany, France, and the University of Bologna, Italy. His research interests are Computer Architecture, AI on Edge, and near-sensor Data Analytics.             \u00d7         Dr. Mrinal Kanti Das Assistant Professor, Computer Science & Engineering Indian Institute of Technology Palakkad Dr. Mrinal Das works in the area of building hierarchical Bayesian models with applications in various domains. He is also actively working in privacy aware learning. His recent area of interest has been in Responsible AI, specially at the intersection of interpretability and deep learning. He obtained a PhD degree in Machine Learning from Indian Institute of Science (IISc) Bangalore in 2016. He was a postdoctoral fellow at Aalto University, Finland and UMass Amherst, USA before joining IIT Palakkad as Assistant Professor in the CSE department in 2017. He has published in top notch venues in ML such as ICML(2), AAAI, ICDM, CIKM, WSDM. He is currently supervising one PhD and two MS students in the area of ML. He has received SERB startup research grants in 2019 to work in ML. He has developed and taught several courses in the area of Data Science for the last four years. He is also actively associated with the Govt. of Kerala for training students in the domain of data science.             \u00d7         Dr. Sahely Bhadra Assistant Professor, Computer Science and Engineering Indian Institute of Technology Palakkad Dr. Sahely serves as an Associate with the Centre for Research and Education on Data Science (CREDS). She received her PhD from the Indian Institute of Science (IISc) Bangalore. She has more than 10 years of experience working in the broad area of Machine Learning and Optimisation. Her areas of interest lie in multi-view kernel learning from noisy incomplete data with structural properties and extreme event analysis in time series data. Dr. Sahely has published in top venues in ML and bioinformatics such as ICML, JMLR, MLJ, ICDM, Bioinformatics.               Three 90-minute workshops from career management industry experts Job placement assistance from partner companies are published, applied to, and tracked to success via an online platform  Past participants of Emeritus work at Microsoft, ICICI Bank, Infosys, HDFC, AirBnB, TCS, Ola, Flipkart, JSW, Wipro, Honeywell, JP Morgan, Reliance Jio, Mahindra, Gartner, Accenture, Cognizant, amongst others   Please note:      Three 90-minute workshops from career management industry experts Job placement assistance from partner companies are published, applied to, and tracked to success via an online platform  Past participants of Emeritus work at Microsoft, ICICI Bank, Infosys, HDFC, AirBnB, TCS, Ola, Flipkart, JSW, Wipro, Honeywell, JP Morgan, Reliance Jio, Mahindra, Gartner, Accenture, Cognizant, amongst others   Please note: "}