{"page_link": "https://lib.iitpkd.ac.in", "title": "https:--lib.iitpkd.ac.in", "hyperlinks": ["#main-content", "/", "/", "/About%20us", "/node/35", "/node/38", "/node/53", "/node/39", "/node/40", "/facilities", "https://library.iitpkd.ac.in/", "http://10.64.15.4:8080/jspui/", "/node/58", "/node/59", "/resources", "/node/48", "/node/45", "/node/46", "/node/47", "/node/55", "/node/49", "/research", "/node/42", "/node/44", "/node/43", "/node/41", "https://lib.iitpkd.ac.in/node/57", "https://library.iitpkd.ac.in/cgi-bin/koha/opac-search.pl", "https://library.iitpkd.ac.in/", "https://drive.google.com/file/d/1yUkqbisOHlrL8HO6Ea36TryWtJAY4_0F/view?usp=sharing", "https://drive.google.com/file/d/1JHYP1WKkPggfdTGIl6xxfGesIGrgdrIb/view?usp=sharing", "https://drive.google.com/file/d/1nskhDpa0giiw7Exb5Vz0WxgTCsMPRZI8/view?usp=sharing", "https://lib.iitpkd.ac.in/rss.xml", "https://lib.iitpkd.ac.in/node/50", "https://lib.iitpkd.ac.in/node/56", "https://iitpkd.ac.in/", "https://idp.iitpkd.ac.in/", "https://iitpkd.knimbus.com/user#/home", "https://iitpkd.irins.org/", "https://ndl.iitkgp.ac.in/", "https://indianculture.gov.in/", "https://swayam.gov.in/", "https://shodhganga.inflibnet.ac.in/", "https://nptel.ac.in/", "https://www.google.com/maps/place/Indian+Institute+Of+Technology%E2%80%93Palakkad+(IIT%E2%80%93Palakkad)/@10.801716,76.8163603,17z/data=!4m12!1m6!3m5!1s0x3ba869e43f0f473f:0x1a53e6dc39a95498!2sIndian+Institute+Of+Technology%E2%80%93Palakkad+(IIT%E2%80%93Palakkad)!8m2!3d10.801716!4d76.818549!3m4!1s0x3ba869e43f0f473f:0x1a53e6dc39a95498!8m2!3d10.801716!4d76.818549"], "image_link": "https://lib.iitpkd.ac.in/sites/default/files/1400X480%281%29_0.jpg", "image_desc": "Search About us   Library at a glance   Library User Policy   Library Location   Library Advisory Committee   Library Professionals     Services & Facilities   Web OPAC   IR@IIT Palakkad   Remote Access   Other Services     Reader's Resources   E-Books   E-Journals   E-Databases   E-Standards   E-Magazines/Newspapers   Print Resources     Researcher's Tools   IRINS   Knimbus mLibrary   Plagiarism Detection Software   Publications@IIT Palakkad            Library at a glance   Library User Policy   Library Location   Library Advisory Committee   Library Professionals    Services & Facilities   Web OPAC   IR@IIT Palakkad   Remote Access   Other Services     Reader's Resources   E-Books   E-Journals   E-Databases   E-Standards   E-Magazines/Newspapers   Print Resources     Researcher's Tools   IRINS   Knimbus mLibrary   Plagiarism Detection Software   Publications@IIT Palakkad                                                            "}