{"page_link": "https://lib.iitpkd.ac.in/About%20us", "title": "https:--lib.iitpkd.ac.in-About%20us", "hyperlinks": ["#main-content", "/", "/", "/About%20us", "/node/35", "/node/38", "/node/53", "/node/39", "/node/40", "/facilities", "https://library.iitpkd.ac.in/", "http://10.64.15.4:8080/jspui/", "/node/58", "/node/59", "/resources", "/node/48", "/node/45", "/node/46", "/node/47", "/node/55", "/node/49", "/research", "/node/42", "/node/44", "/node/43", "/node/41", "https://lib.iitpkd.ac.in/node/50", "https://lib.iitpkd.ac.in/node/56", "https://iitpkd.ac.in/", "https://idp.iitpkd.ac.in/", "https://iitpkd.knimbus.com/user#/home", "https://iitpkd.irins.org/", "https://ndl.iitkgp.ac.in/", "https://indianculture.gov.in/", "https://swayam.gov.in/", "https://shodhganga.inflibnet.ac.in/", "https://nptel.ac.in/", "https://www.google.com/maps/place/Indian+Institute+Of+Technology%E2%80%93Palakkad+(IIT%E2%80%93Palakkad)/@10.801716,76.8163603,17z/data=!4m12!1m6!3m5!1s0x3ba869e43f0f473f:0x1a53e6dc39a95498!2sIndian+Institute+Of+Technology%E2%80%93Palakkad+(IIT%E2%80%93Palakkad)!8m2!3d10.801716!4d76.818549!3m4!1s0x3ba869e43f0f473f:0x1a53e6dc39a95498!8m2!3d10.801716!4d76.818549"], "image_link": "lib.iitpkd.ac.in/sites/default/files/inline-images/Google_Maps_icon_%282015-2020%29.svg_.png", "image_desc": "SearchDownloads/FormsPublisher's CatalogueIIT Palakkad Main WebsiteE-Resources-Off CampusKnimbus mLibrary     \u00a0 Other Sites: IRINSNational Digital Library\u00a0of IndiaNational Virtual Library of IndiaSwayamShodhgangaNPTEL          \u00a0 Visit Us:  Central Library Indian Institute of Technology Palakkad, Ahalia Integrated Campus, Kozhipara PO, Palakkad, Pincode: 678557 | Kerala | India "}