{"page_link": "https://iitpkd.ac.in/people/smanni", "title": "https:--iitpkd.ac.in-people-smanni", "hyperlinks": ["#", "#", "https://cif.iitpkd.ac.in/node/47", "https://cif.iitpkd.ac.in/node/52", "https://cif.iitpkd.ac.in/node/12", "#", "#", "#", "#", "https://scripts.iucr.org/cgi-bin/paper?S160057672200468X", "/sites/default/files/2022-10/MgB2-SANS.pdf", "https://doi.org/10.1063/5.0029112", "https://doi.org/10.1002/adma.202005105", "https://journals.aps.org/prb/abstract/10.1103/PhysRevB.99.054426", "https://aip.scitation.org/doi/full/10.1063/1.5079847", "https://www.tandfonline.com/doi/abs/10.1080/09500839.2018.1497309", "https://science.sciencemag.org/content/360/6394/1218", "https://iopscience.iop.org/article/10.1088/1361-648X/aaf03a", "https://journals.aps.org/prb/abstract/10.1103/PhysRevB.95.085116", "https://journals.aps.org/prb/abstract/10.1103/PhysRevB.96.054435", "https://journals.aps.org/prb/abstract/10.1103/PhysRevB.96.094432", "https://www.tandfonline.com/doi/abs/10.1080/14786435.2017.1380861?journalCode=tphm20", "https://journals.aps.org/prb/abstract/10.1103/PhysRevB.96.165145", "https://journals.aps.org/prb/abstract/10.1103/PhysRevB.93.144504", "https://journals.aps.org/prb/abstract/10.1103/PhysRevB.93.195158", "https://journals.aps.org/prb/abstract/10.1103/PhysRevB.91.041405", "https://journals.aps.org/prb/abstract/10.1103/PhysRevB.89.245113", "https://journals.aps.org/prb/abstract/10.1103/PhysRevB.89.241102", "https://journals.aps.org/prb/abstract/10.1103/PhysRevB.90.205116", "https://journals.aps.org/prl/abstract/10.1103/PhysRevLett.110.076402", "https://journals.aps.org/prb/abstract/10.1103/PhysRevB.88.035115", "https://journals.aps.org/prl/abstract/10.1103/PhysRevLett.108.127203"], "image_link": "iitpkd.ac.in/sites/default/files/styles/with_scale_/public/pictures/2023-02/Soham.jpg?itok=hxXEdU0m", "image_desc": "https://iitpkd.ac.in/people/smanni                   Dr. Soham Manni      Assistant Professor           Physics           smanni@iitpkd.ac.in      +91 4923226 325      Research Area:  Experimental Condensed Matter Physics- Magnetism and Superconductivity, Research Area:  Material Science - Single crystal growth      View Website                                   Biosketch   Experience"}