{"page_link": "https://iitpkd.ac.in/people/arpaninto", "title": "https:--iitpkd.ac.in-people-arpaninto", "hyperlinks": ["#", "#", "#", "#", "https://www.ams.org/journals/tran/2022-375-04/S0002-9947-2021-08541-4/home.html", "https://www.worldscientific.com/doi/abs/10.1142/S1793525319500419", "http://nyjm.albany.edu/j/2018/24-8.html", "https://www.worldscientific.com/doi/abs/10.1142/S0218196718500157", "https://msp.org/agt/2016/16-5/p13.xhtml"], "image_link": "iitpkd.ac.in/sites/default/files/styles/with_scale_/public/pictures/2023-02/Arpan.jpg?itok=HpX6cFHs", "image_desc": "https://iitpkd.ac.in/people/arpaninto                   Dr. Arpan Kabiraj      Assistant Professor           Mathematics           arpaninto@iitpkd.ac.in           Research Area:  Low-dimensional Topology       View Website                                   Biosketch   Education:"}