{"page_link": "https://iitpkd.ac.in/people/chakradhar", "title": "https:--iitpkd.ac.in-people-chakradhar", "hyperlinks": ["#", "#", "#", "#", "#", "https://doi.org/10.1080/2374068X.2022.2079590", "https://doi.org/10.1007/s40436-021-00373-y", "https://doi.org/10.1007/s41660-021-00202-6", "https://doi.org/10.1080/10910344.2022.2044856", "https://doi.org/10.1007/s00170-021-07974-8", "https://doi.org/10.1007/s13369-021-06299-8", "https://doi.org/10.1016/j.precisioneng.2021.03.018", "https://doi.org/10.1016/j.measurement.2021.109483", "https://doi.org/10.1177/25165984211015410", "https://doi.org/10.1007/s12666-021-02214-9", "https://doi.org/10.1016/j.cirpj.2021.04.009", "https://doi.org/10.1007/s40430-021-02805-z", "https://doi.org/10.1016/B978-0-12-817452-4.00006-3", "https://doi.org/10.1007/s40436-020-00327-w", "https://doi.org/10.1016/j.cirpj.2020.10.007", "https://doi.org/10.1080/10910344.2020.1815039", "https://doi.org/10.1007/s12666-020-02035-2", "https://doi.org/10.1007/s13369-019-04326-3", "https://doi.org/10.1016/j.procir.2020.02.037", "https://doi.org/10.1007/s00170-019-04387-6", "https://doi.org/10.1007/s12633-018-0044-5", "https://doi.org/10.1016/j.jmapro.2019.05.021", "https://doi.org/10.1007/s40430-019-1726-7", "https://www.sciencedirect.com/science/article/pii/S1526612518301476", "https://iopscience.iop.org/article/10.1088/2053-1591/aaf900", "https://www.sciencedirect.com/science/article/pii/S152661251831209X", "https://link.springer.com/article/10.1007/s12633-018-9875-3", "https://www.sciencedirect.com/science/article/pii/S0263224118310078", "https://www.sciencedirect.com/science/article/pii/S0263224118312399", "https://www.tandfonline.com/doi/abs/10.1080/10910344.2017.1337129", "https://link.springer.com/article/10.1007/s12633-017-9549-6", "https://www.sciencedirect.com/science/article/abs/pii/S1755581718300087", "https://iopscience.iop.org/article/10.1088/2053-1591/aadb0a/pdf", "https://link.springer.com/article/10.1007/s12633-018-9816-1", "https://www.tandfonline.com/doi/abs/10.1080/10426914.2018.1476760?journalCode=lmmp20"], "image_link": "iitpkd.ac.in/sites/default/files/styles/with_scale_/public/pictures/2023-03/Chakradhar_D_0.JPG?itok=phRa_UwS", "image_desc": "https://iitpkd.ac.in/people/chakradhar                   Dr. Chakradhar Dupadu      Associate Professor           Mechanical Engineering           chakradhar@iitpkd.ac.in           Research Area:  Non traditional machining, Research Area:  Artificial Intelligence in Manufacturing , Research Area:  Cryogenic Machining      View Website         Chakradhar-Resume.pdf (201.01 KB)                               Biosketch   Dr. Chakradhar Dupadu is an Associate\u00a0Professor in the Department of Mechanical Engineering at the Indian Institute of Technology, Palakkad. His research interests are sustainable machining, non-traditional machining, and artificial intelligence in manufacturing. He teaches Automation in Manufacturing for UG students; Digital Manufacturing and Soft Computing courses for PG students. Before joining IIT Palakkad, he worked as an Assistant Professor in the Department of Mechanical Engineering at the National Institute of Technology Karnataka, Surathkal for four and half years.\u00a0 He has also worked as a senior technology executive at Crompton Greaves Global R&D Centre Mumbai for a period of two years.\u00a0"}