{"page_link": "https://iitpkd.ac.in/people/gopikrishnan", "title": "https:--iitpkd.ac.in-people-gopikrishnan", "hyperlinks": ["#", "#"], "image_link": "iitpkd.ac.in/sites/default/files/styles/with_scale_/public/pictures/2023-03/Screenshot%20from%202023-03-16%2014-23-56.png?itok=-0aX6AF8", "image_desc": "https://iitpkd.ac.in/people/gopikrishnan                   Dr. Gopikrishnan Chirappurathu Remesan      Assistant Professor           Mathematics           gopikrishnan@iitpkd.ac.in      9447682762      Research Area:  Numerical analysis, Mathematical Biology, Multiphase fluid flow problems      View Website         04_CV_Gopikrishnan_CR_Mar_23.pdf (55.4 KB)                               Biosketch                       Dr. Gopikrishnan Chirappurathu Remesan      Assistant Professor           Mathematics           gopikrishnan@iitpkd.ac.in      9447682762      Research Area:  Numerical analysis, Mathematical Biology, Multiphase fluid flow problems      View Website         04_CV_Gopikrishnan_CR_Mar_23.pdf (55.4 KB)                               Biosketch      Additional Information                              Dr. Gopikrishnan Chirappurathu Remesan      Assistant Professor           Mathematics           gopikrishnan@iitpkd.ac.in      9447682762      Research Area:  Numerical analysis, Mathematical Biology, Multiphase fluid flow problems      View Website"}