{"page_link": "https://iitpkd.ac.in/people/bayry", "title": "https:--iitpkd.ac.in-people-bayry", "hyperlinks": ["#", "https://www.ncbi.nlm.nih.gov/myncbi/jagadeesh.bayry.1/bibliography/public/", "#", "#", "#", "https://journals.plos.org/plosbiology/article?id=10.1371/journal.pbio.3000918", "https://elsevier.digitalcommonsdata.com/datasets/btchxktzyw", "http://journal.frontiersin.org/journal/immunology#editorial-board", "https://www.frontiersin.org/journals/molecular-medicine#editorial-board", "http://www.springer.com/life+sciences/microbiology/journal/13337?detailsPage=editorialBoard", "http://www.nature.com/srep/eap-ebm/index.html#immunology", "https://www.hindawi.com/journals/jir/editors/", "http://www.plosone.org/static/edboard.action", "http://www.hindawi.com/journals/mi/editors/", "https://www.cell-stress.com/about-us/editorial-board/", "http://link.springer.com/book/10.1007/978-1-4939-0669-7", "http://www.springer.com/us/book/9781493971794", "http://www.springer.com/us/book/9783319474243", "https://link.springer.com/book/10.1007%2F978-1-0716-1130-2", "http://www.nature.com/cmi/about/index.html", "http://cvi.asm.org/site/misc/edboard.xhtml", "http://www.futuremedicine.com/page/journal/imt/editors.jsp", "http://www.mdpi.com/journal/antibodies/editors", "https://www.journals.elsevier.com/immunobiology/editorial-board", "https://www.frontiersin.org/research-topics/9384/the-fungal-cell-wall-dynamics-and-role-in-host-fungal-interaction", "http://www.mdpi.com/journal/pharmaceuticals/special_issues/monoclonal-antibody", "https://www.mdpi.com/journal/vaccines/special_issues/Adjuvants_Immunomodulators_vaccines", "http://www.mdpi.com/journal/sci/editors", "#", "https://www.frontiersin.org/articles/10.3389/fimmu.2022.1086752/full", "https://www.mdpi.com/2076-393X/11/2/383", "https://www.cell.com/iscience/fulltext/S2589-0042(23)00201-8", "https://www.mdpi.com/2073-4468/12/1/17", "https://www.nature.com/articles/s41423-022-00950-6", "https://www.futuremedicine.com/doi/10.2217/fmb-2022-0103", "https://link.springer.com/article/10.1007/s41745-022-00318-9", "https://www.frontiersin.org/articles/10.3389/fendo.2022.919223/full", "https://www.nature.com/articles/s41422-022-00683-1", "https://www.mdpi.com/2073-4409/11/5/801", "https://www.frontiersin.org/articles/10.3389/fimmu.2022.838448/full", "https://www.mdpi.com/2072-6694/14/4/910", "https://journals.lww.com/hemasphere/Fulltext/2022/02000/The_EHA_Research_Roadmap__Transfusion_Medicine.2.aspx", "https://www.frontiersin.org/articles/10.3389/fimmu.2021.782506/full", "https://www.nature.com/articles/s41423-021-00831-4", "https://scholar.google.co.in/scholar?q=Anthropozoonosis of COVID: the need for One Health,Hegde NR, Kumar D, Bayry J", "https://journals.asm.org/doi/10.1128/mBio.02824-21", "https://www.sciencedirect.com/science/article/pii/S0888754321003797?via%3Dihub", "https://www.nature.com/articles/s41584-021-00709-9", "https://www.cell.com/cell-reports-medicine/fulltext/S2666-3791(21)00293-7", "https://www.mdpi.com/2076-393X/9/10/1072", "https://www.thelancet.com/journals/lanres/article/PIIS2213-2600(21)00286-1/fulltext", "https://www.sciencedirect.com/science/article/pii/S016836592100345X?via%3Dihub", "https://link.springer.com/article/10.1007/s00726-021-03026-3", "https://www.frontiersin.org/articles/10.3389/fimmu.2021.693974/full", "https://www.sciencedirect.com/science/article/abs/pii/S1568997221001221", "https://onlinelibrary.wiley.com/doi/10.1111/jth.15361", "https://www.mdpi.com/2073-4468/10/2/14", "https://www.sciencedirect.com/science/article/pii/S1748013220302218?via%3Dihub", "https://www.liebertpub.com/doi/10.1089/mab.2021.0004?url_ver=Z39.88-2003&amp;rfr_id=ori:rid:crossref.org&amp;rfr_dat=cr_pub%20%200pubmed", "https://onlinelibrary.wiley.com/doi/10.1111/cei.13580"], "image_link": "iitpkd.ac.in/sites/default/files/styles/with_scale_/public/pictures/2023-02/Jagdish%20Bayry.jpg?itok=eimnyY8X", "image_desc": "https://iitpkd.ac.in/people/bayry                   Prof. Jagadeesh Bayry      Professor           Biological Sciences and Engineering           bayry@iitpkd.ac.in           Research Area:  Immunology, Research Area:  Immunotherapy, Research Area:  Host-Pathogen interaction, Research Area:  Vaccine, Research Area:  Autoimmune diseases      View Website                                   Biosketch   Prof. Jagadeesh Bayry is a graduate of Veterinary Medicine from Bengaluru (1996) with a specialization of Virology and Immunology from Indian Veterinary Research Institute (1999). He received PhD in Immunology from Sorbonne University, Paris in 2003 and following post-doctoral research at University of Oxford, he joined Institut National de la Sant\u00e9 et de la Recherche M\u00e9dicale (INSERM, The National Institute of Health and Medical Research), Paris, France in 2006 as a faculty. In 2018, he became Director of Research at INSERM. In 2021, he joined IIT Palakkad as a Professor of Biological Sciences and Engineering. His research is aimed at fundamental Immunology, immunotherapy and host-pathogen interaction. His h-index is 67 and he has authored more than 300 articles (THE LINK TO FULL LIST OF PUBLICATIONS: https://www.ncbi.nlm.nih.gov/myncbi/jagadeesh.bayry.1/bibliography/public/) with over 16,000 citations. He has received fellowship from the Academy of Translational Medicine Professionals (FAcadTM), Austria. Prof. Bayry serves as an Editor, Associate Editor or Editorial Board member of various journals like Frontiers in Immunology, Cellular & Molecular Immunology, Immunobiology, Discovery Medicine, Scientific Reports, Immunotherapy, Antibodies, PLoS ONE, Frontiers in Molecular Medicine, Virusdisease, and has edited four books from Springer Publisher. He has also served as a member (2016-2022) of a commission 'LS6-Immunity, Infection and Immunotherapy' at the European Research Council (ERC). "}