{"page_link": "https://cif.iitpkd.ac.in/node/13", "title": "https:--cif.iitpkd.ac.in-node-13", "hyperlinks": ["#main-content", "/", "/", "/", "", "/node/15", "", "/node/12", "/node/13", "/node/14", "/node/5", "/node/6", "/node/39", "/", "https://cif.iitpkd.ac.in/node/40", "https://cif.iitpkd.ac.in/node/40", "https://cif.iitpkd.ac.in/node/41", "https://cif.iitpkd.ac.in/node/41", "https://cif.iitpkd.ac.in/node/42", "https://cif.iitpkd.ac.in/node/42", "https://cif.iitpkd.ac.in/node/43", "https://cif.iitpkd.ac.in/node/43", "https://cif.iitpkd.ac.in/node/51", "https://cif.iitpkd.ac.in/node/51"], "image_link": "cif.iitpkd.ac.in/sites/default/files/inline-images/Clean%20room.png", "image_desc": "Main navigationThe Central Micro-Nano Fabrication Facility has class 100000 and class 10000 cleanrooms, well-equipped for fabrication of devices. The cleanroom houses class 100 polypropylene fume hoods, a deionized\u00a0 water plant, an RF sputtering system, and a mask aligner. \u00a0 "}