{"page_link": "https://iitpkd.ac.in/people/samarjeet", "title": "https:--iitpkd.ac.in-people-samarjeet", "hyperlinks": ["#", "#", "#", "#", "#", "https://doi.org/10.1016/j.ijheatmasstransfer.2023.123927", "https://doi.org/10.1016/j.applthermaleng.2023.120078", "https:/doi.org/10.1063/5.0087439", "https://scholar.google.co.in/scholar?q=Prediction of thermal contact resistance in conforming rough metal contacts through regeneration of measured surface profile,Ajul E, Kishor E and  Samarjeet Chanda ", "https://scholar.google.co.in/scholar?q=Electrochemical thermal modelling of Li-ion battery cell at different discharge rates,Odungat, Arundas, and Samarjeet Chanda", "https://scholar.google.co.in/scholar?q=Numerical Study for Drag Reduction of Airfoil Surface using Dimple Pattern,Ramadasu Sainath, Samarjeet Chanda and Kanmani Subbu Subbian", "https://scholar.google.co.in/scholar?q=Effect of laser scanning strategy on residual stress in selective laser melting,Shidhin Tom, Samarjeet, C, and Kanmani Subbu S", "http://www.jees.in/uploads/2019b-43.pdf", "https://scholar.google.co.in/scholar?q=Prediction of gas production potential and hydrological properties of a methane hydrate reservoir using ANN-GA based framework,Samarjeet Chanda and R.P.Singh", "https://scholar.google.co.in/scholar?q=Estimation of in-plane thermal conductivity of copper clad board by inverse analysis using artificial neural networks.,Mohammed, K. Niju, and Samarjeet, C.", "https://scholar.google.co.in/scholar?q=Non-intrusive measurement of thermal contact conductance at polymer - metal two dimensional annular interface,Samarjeet, C., C.Balaji and S.P.Venkateshan", "https://scholar.google.co.in/scholar?q=Effect of laser scanning strategy on residual stress in selective laser melting,Shidhin Tom, Samarjeet, C, and Kanmani Subbu S ", "https://scholar.google.co.in/scholar?q=Joint estimation of thermal and mass diffusivities of a solute-solvent system using ANN-GA based inverse framework,Samarjeet, C., K.Muralidhar and Y. M.Nimdeo ", "https://scholar.google.co.in/scholar?q=Estimation of principal thermal conductivities of layered honeycomb composites using ANN-GA based inverse technique,Samarjeet, C., C. Balaji, S. P. Venkateshan and GovindaRao, Y.", "https://scholar.google.co.in/scholar?q=Estimation of Thermal Contact Conductance Using Inverse Analysis,Rahul S Raj, Samarjeet, C.,Chandrasekhar M., S.P.Venkateshan", "https://scholar.google.co.in/scholar?q=A Novel Technique for Estimation of Thermal Contact Conductance between Circular Bolted Joints using Inverse Heat Transfer Methodology,Samarjeet, C., Chandrasekhar M., C.Balaji, S.P.Venkateshan", "https://scholar.google.co.in/scholar?q=Joint Conductance Effects on Estimation of Effective Thermal Conductivities of Anisotropic Composites,Samarjeet, C., C. Balaji, S. P. Venkateshan, GovindaRao, Y., and A. Ambirajan ", "https://scholar.google.co.in/scholar?q=Benchmarking a Novel Technique for Estimating Principal Thermal Conductivities of an Anisotropic Composite Medium,Samarjeet, C., C.Balaji, S.P.Venkateshan, A. Ambirajan", "https://scholar.google.co.in/scholar?q=Simultaneous Estimation of Principal Thermal Conductivities of an Anisotropic Composite Medium: An Inverse Analysis,Samarjeet, C., C. Balaji, S. P. Venkateshan, A. Ambirajan, and V. Ramakrishnan", "https://scholar.google.co.in/scholar?q=Studies on influence of anisotropic thermal conductivity of printed circuit board on heat transfer during electronic cooling,Niju Mohammed.K, Samarjeet, C., S.P.Venkateshan and Sateesh G", "https://scholar.google.co.in/scholar?q=An Inverse Analysis for Estimation of Thermal Conductivity of Orthotropic Composite Medium Using Artificial Neural Network,Samarjeet, C., C.Balaji, S.P.Venkateshan, A. Ambirajan "], "image_link": "iitpkd.ac.in/sites/default/files/styles/with_scale_/public/pictures/2023-02/Samarjeet.jpg?itok=oNLszWbn", "image_desc": "https://iitpkd.ac.in/people/samarjeet                   Dr. Samarjeet Chanda      Assistant Professor           Mechanical Engineering           samarjeet@iitpkd.ac.in      04923 226442      Research Area:  Heat and Mass Transfer, Inverse Problems in Thermal-Fluid Sciences, Interferometry , Research Area:  Optimization      View Website                                   Biosketch   Work Experience"}