{"page_link": "https://cif.iitpkd.ac.in/node/5", "title": "https:--cif.iitpkd.ac.in-node-5", "hyperlinks": ["#main-content", "/", "/", "/", "", "/node/15", "", "/node/12", "/node/13", "/node/14", "/node/5", "/node/6", "/node/39", "/", "#"], "image_link": "https://iitpkd.ac.in/sites/default/files/styles/profile_page_image/public/pictures/2018-09/Harikrishnan%20M%20G.jpg?itok=vBzpxPzf", "image_desc": "Main navigation Home   Operations   How To Use Facility     Facilities   Characterization   Fabrication   Synthesis     People   Contact Us   Outcome                         Staff                   Breadcrumb   Home /                       Director of IIT Palakkad administers the functions of the CIF-CMFF through a duly appointed committee of faculty members. The committee is responsible for managing the day to day operations of the facilities through the staff.\u00a0  The details of the primary contact staff, who manage the day to day operations are given below.      How To Use Facility    Facilities   Characterization   Fabrication   Synthesis     People   Contact Us   Outcome                         Staff                   Breadcrumb   Home /                       Director of IIT Palakkad administers the functions of the CIF-CMFF through a duly appointed committee of faculty members. The committee is responsible for managing the day to day operations of the facilities through the staff.\u00a0  The details of the primary contact staff, who manage the day to day operations are given below.    "}