{"page_link": "https://iitpkd.ac.in/people/snagendra", "title": "https:--iitpkd.ac.in-people-snagendra", "hyperlinks": ["#", "#"], "image_link": "iitpkd.ac.in/sites/default/files/styles/with_scale_/public/pictures/2020-09/SMShiva_Nagendra.jpg?itok=N-6oM1zT", "image_desc": "https://iitpkd.ac.in/people/snagendra                   Prof. S.M.Shiva Nagendra      Adjunct Faculty           Civil Engineering           snagendra@iitm.ac.in                                                  Biosketch                       Prof. S.M.Shiva Nagendra      Adjunct Faculty           Civil Engineering           snagendra@iitm.ac.in                                                  Biosketch      Additional Information                              Prof. S.M.Shiva Nagendra      Adjunct Faculty           Civil Engineering           snagendra@iitm.ac.in                                                  Biosketch"}