{"page_link": "https://iitpkd.ac.in/user/16430", "title": "https:--iitpkd.ac.in-user-16430", "hyperlinks": ["#", "#"], "image_link": "iitpkd.ac.in/sites/default/files/styles/with_scale_/public/pictures/2023-03/Sreedhar-Adjunct-Faculty.jpg?itok=55GxF6A0", "image_desc": "https://iitpkd.ac.in/user/16430                   Prof. Seshadri Sridhar      Adjunct Professor           Physics           ssridhar@iitpkd.ac.in                                                  Biosketch                       Prof. Seshadri Sridhar      Adjunct Professor           Physics           ssridhar@iitpkd.ac.in                                                  Biosketch      Additional Information                              Prof. Seshadri Sridhar      Adjunct Professor           Physics           ssridhar@iitpkd.ac.in                                                  Biosketch"}