{"page_link": "https://iitpkd.ac.in/people/aathira", "title": "https:--iitpkd.ac.in-people-aathira", "hyperlinks": ["#", "#", "#"], "image_link": "iitpkd.ac.in/sites/default/files/styles/with_scale_/public/pictures/2018-05/30710947_2204224069809500_8860378867553953584_n.jpg?itok=6Ytb9clb", "image_desc": "https://iitpkd.ac.in/people/aathira                   Ms. Aathira Murali      Research Scholar           Physics           221704001@smail.iitpkd.ac.in      9605231556      Research Area:  Soft matter and Biological Physics                                         Biosketch                       Ms. Aathira Murali      Research Scholar           Physics           221704001@smail.iitpkd.ac.in      9605231556      Research Area:  Soft matter and Biological Physics                                         Biosketch      Research  Swelling kinetics & Shape morphism of stimuli responsive biopolymer membranes    Additional Information                              Ms. Aathira Murali      Research Scholar           Physics           221704001@smail.iitpkd.ac.in      9605231556      Research Area:  Soft matter and Biological Physics                                         Biosketch"}