{"page_link": "https://iitpkd.ac.in/people/112004003", "title": "https:--iitpkd.ac.in-people-112004003", "hyperlinks": ["#", "#"], "image_link": "iitpkd.ac.in/sites/default/files/styles/with_scale_/public/default_images/default.jpg?itok=Ulsbed6V", "image_desc": "https://iitpkd.ac.in/people/112004003                   Ms. Amrutha\tBenny                Computer Science And Engineering           112004003@smail.iitpkd.ac.in                                                  Biosketch                       Ms. Amrutha\tBenny                Computer Science And Engineering           112004003@smail.iitpkd.ac.in                                                  Biosketch      Additional Information                              Ms. Amrutha\tBenny                Computer Science And Engineering           112004003@smail.iitpkd.ac.in                                                  Biosketch"}