{"page_link": "https://iitpkd.ac.in/people/122004002", "title": "https:--iitpkd.ac.in-people-122004002", "hyperlinks": ["#", "#", "#", "#", "/people/snehagajbhiye", "#", "https://scholar.google.com/citations?user=9pi_0bYAAAAJ&hl=en", "https://www.sciencedirect.com/science/article/pii/S0019057819304112", "https://www.tandfonline.com/doi/abs/10.1080/00986445.2020.1820999", "https://www.degruyter.com/document/doi/10.1515/cppm-2020-0122/html?lang=en"], "image_link": "iitpkd.ac.in/sites/default/files/styles/with_scale_/public/default_images/default.jpg?itok=Ulsbed6V", "image_desc": "https://iitpkd.ac.in/people/122004002                   Mr. Anil\tB      Research Scholar           Electrical Engineering           122004002@smail.iitpkd.ac.in           Research Area:  Nonlinear and Geometric optimal control                                        Biosketch   Educational Qualification:"}