{"page_link": "https://iitpkd.ac.in/people/112014004", "title": "https:--iitpkd.ac.in-people-112014004", "hyperlinks": ["#", "#", "/people/satyajitdas", "#"], "image_link": "iitpkd.ac.in/sites/default/files/styles/with_scale_/public/default_images/default.jpg?itok=Ulsbed6V", "image_desc": "https://iitpkd.ac.in/people/112014004                   Ms. Anju Rose G Punneliparambil       Research Scholar           Data Science           112014004@smail.iitpkd.ac.in                                                  Biosketch                       Ms. Anju Rose G Punneliparambil       Research Scholar           Data Science           112014004@smail.iitpkd.ac.in                                                  Biosketch      Phd Supervisor  satyajitdas    Additional Information                              Ms. Anju Rose G Punneliparambil       Research Scholar           Data Science           112014004@smail.iitpkd.ac.in                                                  Biosketch"}