{"page_link": "https://iitpkd.ac.in/people/202204003", "title": "https:--iitpkd.ac.in-people-202204003", "hyperlinks": ["#", "#"], "image_link": "iitpkd.ac.in/sites/default/files/styles/with_scale_/public/pictures/2023-04/ANKITHA%20PHOTO%202.jpg?itok=y4uybDyz", "image_desc": "https://iitpkd.ac.in/people/202204003                   Ms. Ankitha Menon                Chemistry           202204003@smail.iitpkd.ac.in                                                  Biosketch                       Ms. Ankitha Menon                Chemistry           202204003@smail.iitpkd.ac.in                                                  Biosketch      Additional Information                              Ms. Ankitha Menon                Chemistry           202204003@smail.iitpkd.ac.in                                                  Biosketch"}