{"page_link": "https://iitpkd.ac.in/people/201814001", "title": "https:--iitpkd.ac.in-people-201814001", "hyperlinks": ["#", "#"], "image_link": "iitpkd.ac.in/sites/default/files/styles/with_scale_/public/default_images/default.jpg?itok=Ulsbed6V", "image_desc": "https://iitpkd.ac.in/people/201814001                   Ms. Anna Jose      Research Scholar           Chemistry           201814001@smail.iitpkd.ac.in                                                  Biosketch                       Ms. Anna Jose      Research Scholar           Chemistry           201814001@smail.iitpkd.ac.in                                                  Biosketch      Additional Information                              Ms. Anna Jose      Research Scholar           Chemistry           201814001@smail.iitpkd.ac.in                                                  Biosketch"}