{"page_link": "https://iitpkd.ac.in/people/202004002", "title": "https:--iitpkd.ac.in-people-202004002", "hyperlinks": ["#", "#"], "image_link": "iitpkd.ac.in/sites/default/files/styles/with_scale_/public/default_images/default.jpg?itok=Ulsbed6V", "image_desc": "https://iitpkd.ac.in/people/202004002                   Ms. Anna Sebastian      Research Scholar           Chemistry           202004002@smail.iitpkd.ac.in                                                  Biosketch                       Ms. Anna Sebastian      Research Scholar           Chemistry           202004002@smail.iitpkd.ac.in                                                  Biosketch      Additional Information                              Ms. Anna Sebastian      Research Scholar           Chemistry           202004002@smail.iitpkd.ac.in                                                  Biosketch"}