{"page_link": "https://iitpkd.ac.in/people/122114001", "title": "https:--iitpkd.ac.in-people-122114001", "hyperlinks": ["#", "#", "/people/jobinfrancis", "#"], "image_link": "iitpkd.ac.in/sites/default/files/styles/with_scale_/public/pictures/2022-01/anu1_0.jpg?itok=kEJwvX9x", "image_desc": "https://iitpkd.ac.in/people/122114001                   Ms. Anupama Varghese T                Electrical Engineering           122114001@smail.iitpkd.ac.in      9496685264      Research Area:  Wireless communication                                        Biosketch                       Ms. Anupama Varghese T                Electrical Engineering           122114001@smail.iitpkd.ac.in      9496685264      Research Area:  Wireless communication                                        Biosketch      Phd Supervisor  jobinfrancis    Additional Information                              Ms. Anupama Varghese T                Electrical Engineering           122114001@smail.iitpkd.ac.in      9496685264      Research Area:  Wireless communication                                        Biosketch"}