{"page_link": "https://iitpkd.ac.in/people/122113001", "title": "https:--iitpkd.ac.in-people-122113001", "hyperlinks": ["#", "#"], "image_link": "iitpkd.ac.in/sites/default/files/styles/with_scale_/public/pictures/2022-06/dp.jpeg?itok=-4MpBflD", "image_desc": "https://iitpkd.ac.in/people/122113001                   Ms. Ashna K K                Electrical Engineering           122113001@smail.iitpkd.ac.in                                                  Biosketch                       Ms. Ashna K K                Electrical Engineering           122113001@smail.iitpkd.ac.in                                                  Biosketch      Additional Information                              Ms. Ashna K K                Electrical Engineering           122113001@smail.iitpkd.ac.in                                                  Biosketch"}