{"page_link": "https://iitpkd.ac.in/people/102004001", "title": "https:--iitpkd.ac.in-people-102004001", "hyperlinks": ["#", "#", "#", "/people/sarmistha", "#", "#", "/taxonomy/term/228"], "image_link": "iitpkd.ac.in/sites/default/files/styles/with_scale_/public/pictures/2021-03/Paaaru%2020190317_192841.jpg?itok=ynAyuia-", "image_desc": "https://iitpkd.ac.in/people/102004001                   Ms. Athira K      Research scholar           Civil Engineering      Civil Engineering      102004001@smail.iitpkd.ac.in           Research Area:  Extreme Events Analysis, Research Area:  Climatic Oscillation and Climate Change Impacts Study                                        Biosketch   Education:"}