{"page_link": "https://iitpkd.ac.in/people/102004002", "title": "https:--iitpkd.ac.in-people-102004002", "hyperlinks": ["#", "#", "/people/tvm", "#"], "image_link": "iitpkd.ac.in/sites/default/files/styles/with_scale_/public/pictures/2021-01/anish2.jpg?itok=P4AZr25u", "image_desc": "https://iitpkd.ac.in/people/102004002                   Mr. B Anish Kini      Research Scholar (External)           Civil Engineering           102004002@smail.iitpkd.ac.in      9447320657      Research Area:  Synthesis of regional OD matrices      View Website                                   Biosketch   Scientist at NATPAC\u00a0- May 2017 - to date"}