{"page_link": "https://cif.iitpkd.ac.in/node/52", "title": "https:--cif.iitpkd.ac.in-node-52", "hyperlinks": ["#main-content", "/", "/", "/", "", "/node/15", "", "/node/12", "/node/13", "/node/14", "/node/5", "/node/6", "/node/39", "/", "https://drive.google.com/file/d/1XGw4tawSs9qZYP364y6r4G_sMG44lz5G/view?usp=share_link", "https://drive.google.com/file/d/122Gqj9Mz_Q_djohPJuUvkgpDczb9N5Pu/view?usp=share_link"], "image_link": "cif.iitpkd.ac.in/sites/default/files/styles/large/public/2022-04/Quartz%20tube%20sealing%20station.jpg?itok=tpHbeZwO", "image_desc": "Main navigation Operations   How To Use Facility     Facilities   Characterization   Fabrication   Synthesis     People   Contact Us   Outcome                         Quartz Tube Sealing Station                   Breadcrumb   Home /                                Submitted by mghk  on Mon, 04/11/2022 - 10:39        How To Use Facility    Facilities   Characterization   Fabrication   Synthesis     People   Contact Us   Outcome                         Quartz Tube Sealing Station                   Breadcrumb   Home /                                Submitted by mghk  on Mon, 04/11/2022 - 10:39       Make : Mansha Vacuum Equipments. Pvt. Ltd."}