{"page_link": "https://iitpkd.ac.in/people/122104003", "title": "https:--iitpkd.ac.in-people-122104003", "hyperlinks": ["#", "#", "/people/sreenath", "#"], "image_link": "iitpkd.ac.in/sites/default/files/styles/with_scale_/public/pictures/2021-03/ByjuNew.jpg?itok=3KR3K-Xl", "image_desc": "https://iitpkd.ac.in/people/122104003                   Mr. Byju C      Research Scholar           Electrical Engineering           122104003@smail.iitpkd.ac.in           Research Area:  Measurements and Instrumentation                                        Biosketch                       Mr. Byju C      Research Scholar           Electrical Engineering           122104003@smail.iitpkd.ac.in           Research Area:  Measurements and Instrumentation                                        Biosketch      Phd Supervisor  sreenath    Additional Information                              Mr. Byju C      Research Scholar           Electrical Engineering           122104003@smail.iitpkd.ac.in           Research Area:  Measurements and Instrumentation                                        Biosketch"}