{"page_link": "https://iitpkd.ac.in/people/132214002", "title": "https:--iitpkd.ac.in-people-132214002", "hyperlinks": ["#", "#"], "image_link": "iitpkd.ac.in/sites/default/files/styles/with_scale_/public/default_images/default.jpg?itok=Ulsbed6V", "image_desc": "https://iitpkd.ac.in/people/132214002                   Mr. CHIMME PRAVEEN KUMAR      Research Scholar           Mechanical Engineering           132214002@smail.iitpkd.ac.in                                                  Biosketch                       Mr. CHIMME PRAVEEN KUMAR      Research Scholar           Mechanical Engineering           132214002@smail.iitpkd.ac.in                                                  Biosketch      Additional Information                              Mr. CHIMME PRAVEEN KUMAR      Research Scholar           Mechanical Engineering           132214002@smail.iitpkd.ac.in                                                  Biosketch"}