{"page_link": "https://iitpkd.ac.in/people/101804101", "title": "https:--iitpkd.ac.in-people-101804101", "hyperlinks": ["#", "#", "/people/divyapv", "#"], "image_link": "iitpkd.ac.in/sites/default/files/styles/with_scale_/public/pictures/2021-03/IMG_20210320_115305.jpg?itok=DpTbnAPO", "image_desc": "https://iitpkd.ac.in/people/101804101                   Ms. Dhanya K. A.      Research Scholar           Civil Engineering           101804101@smail.iitpkd.ac.in           Research Area:  Geosynthetic reinforced MSE structures                                        Biosketch                       Ms. Dhanya K. A.      Research Scholar           Civil Engineering           101804101@smail.iitpkd.ac.in           Research Area:  Geosynthetic reinforced MSE structures                                        Biosketch      Phd Supervisor  divyapv    Additional Information                              Ms. Dhanya K. A.      Research Scholar           Civil Engineering           101804101@smail.iitpkd.ac.in           Research Area:  Geosynthetic reinforced MSE structures                                        Biosketch"}