{"page_link": "https://iitpkd.ac.in/people/101914002", "title": "https:--iitpkd.ac.in-people-101914002", "hyperlinks": ["#", "#", "/people/smitra", "#"], "image_link": "iitpkd.ac.in/sites/default/files/styles/with_scale_/public/pictures/2021-03/pic-fem.jpeg?itok=4rj8wqCf", "image_desc": "https://iitpkd.ac.in/people/101914002                   Ms. Femin C Varghese      Research Scholar           Civil Engineering           101914002@smail.iitpkd.ac.in           Research Area:  Climate change and extreme events                                        Biosketch                       Ms. Femin C Varghese      Research Scholar           Civil Engineering           101914002@smail.iitpkd.ac.in           Research Area:  Climate change and extreme events                                        Biosketch      Phd Supervisor  smitra    Additional Information                              Ms. Femin C Varghese      Research Scholar           Civil Engineering           101914002@smail.iitpkd.ac.in           Research Area:  Climate change and extreme events                                        Biosketch"}