{"page_link": "https://iitpkd.ac.in/people/102103001", "title": "https:--iitpkd.ac.in-people-102103001", "hyperlinks": ["#", "#", "#", "/taxonomy/term/228"], "image_link": "iitpkd.ac.in/sites/default/files/styles/with_scale_/public/pictures/2022-10/IMG-20221009-WA0023_0.jpg?itok=CdBk6NUP", "image_desc": "https://iitpkd.ac.in/people/102103001                   Ms. Haleema Lameez Thajuddeen      Research scholar           Civil Engineering      Civil Engineering      102103001@smail.iitpkd.ac.in      9497793194                                             Biosketch                       Ms. Haleema Lameez Thajuddeen      Research scholar           Civil Engineering      Civil Engineering      102103001@smail.iitpkd.ac.in      9497793194                                             Biosketch      Additional Information            Sections  Civil Engineering                      Ms. Haleema Lameez Thajuddeen      Research scholar           Civil Engineering      Civil Engineering      102103001@smail.iitpkd.ac.in      9497793194                                             Biosketch"}