{"page_link": "https://iitpkd.ac.in/people/222014001", "title": "https:--iitpkd.ac.in-people-222014001", "hyperlinks": ["#", "#"], "image_link": "iitpkd.ac.in/sites/default/files/styles/with_scale_/public/pictures/2020-08/222014001.jpg?itok=nWOigx5v", "image_desc": "https://iitpkd.ac.in/people/222014001                   Mr. Indrajit\tBhattacharjee      Research Scholar           Physics           222014001@smail.iitpkd.ac.in                                                  Biosketch                       Mr. Indrajit\tBhattacharjee      Research Scholar           Physics           222014001@smail.iitpkd.ac.in                                                  Biosketch      Additional Information                              Mr. Indrajit\tBhattacharjee      Research Scholar           Physics           222014001@smail.iitpkd.ac.in                                                  Biosketch"}