{"page_link": "https://iitpkd.ac.in/user/16445", "title": "https:--iitpkd.ac.in-user-16445", "hyperlinks": ["#", "#"], "image_link": "iitpkd.ac.in/sites/default/files/styles/with_scale_/public/default_images/default.jpg?itok=Ulsbed6V", "image_desc": "https://iitpkd.ac.in/user/16445                   Mr. Jayakrishnan Puthiya Veettil                Civil Engineering           102204002@smail.iitpkd.ac.in                                                  Biosketch                       Mr. Jayakrishnan Puthiya Veettil                Civil Engineering           102204002@smail.iitpkd.ac.in                                                  Biosketch      Additional Information                              Mr. Jayakrishnan Puthiya Veettil                Civil Engineering           102204002@smail.iitpkd.ac.in                                                  Biosketch"}