{"page_link": "https://iitpkd.ac.in/people/101914003", "title": "https:--iitpkd.ac.in-people-101914003", "hyperlinks": ["#", "#", "/people/anil", "#"], "image_link": "iitpkd.ac.in/sites/default/files/styles/with_scale_/public/pictures/2020-01/photo.jpg?itok=5UXojq2b", "image_desc": "https://iitpkd.ac.in/people/101914003                   Ms. K C Aswathy                Civil Engineering           101914003@smail.iitpkd.ac.in                                                  Biosketch                       Ms. K C Aswathy                Civil Engineering           101914003@smail.iitpkd.ac.in                                                  Biosketch      Phd Supervisor  anil    Additional Information                              Ms. K C Aswathy                Civil Engineering           101914003@smail.iitpkd.ac.in                                                  Biosketch"}