{"page_link": "https://iitpkd.ac.in/people/232004001", "title": "https:--iitpkd.ac.in-people-232004001", "hyperlinks": ["#", "#", "#", "/people/sujatha", "#"], "image_link": "iitpkd.ac.in/sites/default/files/styles/with_scale_/public/pictures/2021-03/DSC_1277.JPG?itok=rRGRN5a_", "image_desc": "https://iitpkd.ac.in/people/232004001                   Ms. Kavya P G      Research Scholar           Humanities and Social Sciences           232004001@smail.iitpkd.ac.in           Research Area:  Cultural Studies      View Website                                   Biosketch   Ms. Kavya P G is a PhD Scholar in Cultural Studies in the Department of Humanities and Social Sciences, IIT Palakkad.\u00a0Her current research attends to the cultural and conceptual shifts in the imagination of love in Malayalam film songs.\u00a0Her research interest lies in literature, popular culture and gender studies. She received her BA and MA in English Language and Literature from the University of Calicut.\u00a0"}