{"page_link": "https://iitpkd.ac.in/people/112004005", "title": "https:--iitpkd.ac.in-people-112004005", "hyperlinks": ["#", "#", "/people/deepak", "#"], "image_link": "iitpkd.ac.in/sites/default/files/styles/with_scale_/public/default_images/default.jpg?itok=Ulsbed6V", "image_desc": "https://iitpkd.ac.in/people/112004005                   Mr. Lijo\tM Jose      PhD Scholar           Computer Science And Engineering           112004005@smail.iitpkd.ac.in                                                  Biosketch                       Mr. Lijo\tM Jose      PhD Scholar           Computer Science And Engineering           112004005@smail.iitpkd.ac.in                                                  Biosketch      Phd Supervisor  deepak    Additional Information                              Mr. Lijo\tM Jose      PhD Scholar           Computer Science And Engineering           112004005@smail.iitpkd.ac.in                                                  Biosketch"}