{"page_link": "https://iitpkd.ac.in/people/merlin", "title": "https:--iitpkd.ac.in-people-merlin", "hyperlinks": ["#", "#", "#", "https://sites.google.com/view/djlabpage/team/team-members?authuser=0", "#"], "image_link": "iitpkd.ac.in/sites/default/files/styles/with_scale_/public/pictures/2023-04/Merlin_news_1.jpeg?itok=AX81pHF-", "image_desc": "https://iitpkd.ac.in/people/merlin                   Dr. Merlin Lopus      DST Woman Scientist           Environmental Sciences and Sustainable Engineering Centre           merlin@iitpkd.ac.in      8078337530      Research Area:  Biodiversity Informatics, Research Area:  Bioinformatics      View Website         Merlin (2)_1.pdf (99.37 KB)                               Biosketch   Scientist working in the field of Bioinformatics, Biodiversity Informatics and Plant Biotechnology"}