{"page_link": "https://cif.iitpkd.ac.in/node/27", "title": "https:--cif.iitpkd.ac.in-node-27", "hyperlinks": ["#main-content", "/", "/", "/", "", "/node/15", "", "/node/12", "/node/13", "/node/14", "/node/5", "/node/6", "/node/39", "/", "https://drive.google.com/file/d/1595hZY0tBpGn-KWxPt8AhU-MjCEdsoJ3/view?usp=sharing8iF5fd/view?usp=sharing", "https://my.labagenda.com/index.php?redirect="], "image_link": "https://lh6.googleusercontent.com/ykhuk0dIy9HlYWPLSPl6Cighbq0tt4Y3-wSZIxbHnCViIFgOn88JmPkTnhN617GvkY951c-6H2lPc0Ybp_bTw0MIr5HZ0JKCC89n7uKF18XOSRp7QfmO3nhe0eptE6FgqazwNX-dhP1uK6Qf1Q", "image_desc": "Main navigationThe semiconductor parameter analyser integrates multiple measurement and analysis capabilities to perform the current\u2010voltage (I-V) and capacitance measurements [C-V (capacitance\u2010voltage), C\u2010f (capacitance-frequency), and C\u2010t (capacitance-time)] accurately. "}