{"page_link": "https://iitpkd.ac.in/people/navaneetha", "title": "https:--iitpkd.ac.in-people-navaneetha", "hyperlinks": ["#", "#", "/people/krishnas", "#", "https://www.sciencedirect.com/science/article/abs/pii/S1359431116309279", "https://drive.google.com/file/d/1U_wbi4Su3BRZYYMVJOUCm8DxkGGAonvK/view", "https://www.tandfonline.com/doi/full/10.1080/00102202.2022.2120354?scroll=top&needAccess=true", "https://aip.scitation.org/doi/10.1063/5.0120564"], "image_link": "iitpkd.ac.in/sites/default/files/styles/with_scale_/public/pictures/2023-03/abc%20%28another%20copy%29.png?itok=xj6biSJf", "image_desc": "https://iitpkd.ac.in/people/navaneetha                   Mr. Navaneethakrishnan P      Research Scholar           Mechanical Engineering           131704001@smail.iitpkd.ac.in      8547374786      Research Area:  Combustion Measurement and Modelling                                        Biosketch   B - Tech - Mechanical Engineering -\u00a0Nehru College of Engineering and Research Centre -\u00a0\u00a0University of Calicut"}