{"page_link": "https://iitpkd.ac.in/people/neeraj", "title": "https:--iitpkd.ac.in-people-neeraj", "hyperlinks": ["#", "https://iitpkd.ac.in/", "http://www.nssce.ac.in/", "#", "#", "/people/sudheesh", "#", "https://doi.org/10.1007/978-981-19-6359-9_24", "https://doi.org/10.1061/(asce)gt.1943-5606.0002804", "https://doi.org/10.1007/s41062-021-00724-5", "https://doi.org/10.1680/jgere.21.00013", "http://www.techno-press.org/content/?page=article&journal=gae&volume=23&num=5&ordernum=7", "#", "/taxonomy/term/228"], "image_link": "iitpkd.ac.in/sites/default/files/styles/with_scale_/public/pictures/2021-02/IMG_20210123_123232_3_0.jpg?itok=lr_k8iKr", "image_desc": "https://iitpkd.ac.in/people/neeraj                   Mr. Neeraj C R      Research Scholar           Civil Engineering      Civil Engineering      102004006@smail.iitpkd.ac.in      9400988733      Research Area:  Soil Mechanics                                        Biosketch   Education"}