{"page_link": "https://iitpkd.ac.in/people/101814004", "title": "https:--iitpkd.ac.in-people-101814004", "hyperlinks": ["#", "#", "/people/madhu", "#"], "image_link": "iitpkd.ac.in/sites/default/files/styles/with_scale_/public/pictures/2020-01/PH101814004.jpg?itok=V6N1EM5_", "image_desc": "https://iitpkd.ac.in/people/101814004                   Ms. Nithyasree P V      Research Scholar           Civil Engineering           101814004@smail.iitpkd.ac.in           Research Area:  Structural Engineering                                        Biosketch                       Ms. Nithyasree P V      Research Scholar           Civil Engineering           101814004@smail.iitpkd.ac.in           Research Area:  Structural Engineering                                        Biosketch      Phd Supervisor  madhu    Additional Information                              Ms. Nithyasree P V      Research Scholar           Civil Engineering           101814004@smail.iitpkd.ac.in           Research Area:  Structural Engineering                                        Biosketch"}