{"page_link": "https://iitpkd.ac.in/people/122003003", "title": "https:--iitpkd.ac.in-people-122003003", "hyperlinks": ["#", "#", "/people/sreenath", "#", "https://ieeexplore.ieee.org/document/9459993"], "image_link": "iitpkd.ac.in/sites/default/files/styles/with_scale_/public/pictures/2021-01/20201003_180631-min_0.jpg?itok=LOlgxiKl", "image_desc": "https://iitpkd.ac.in/people/122003003                   Mr. Pinku\tSebastian      MS Scholar (Part Time)           Electrical Engineering           122003003@smail.iitpkd.ac.in           Research Area:  \u2022\tMeasurements and Instrumentation                                        Biosketch      Phd Supervisor  sreenath    Additional Information            Title Publication        Description Pinku Sebastian, Narayanan P. P and\u00a0V. Sreenath, \"A Switched-Capacitor CVC and CFC for\u00a0Capacitive Sensors Representable using \u03c0-Model,\"\u00a0IEEE\u00a0International Instrumentation and Measurement Technology Conference (I2MTC), Glasgow, Scotland (virtual conference),\u00a0May 2021."}