{"page_link": "https://iitpkd.ac.in/people/131804102", "title": "https:--iitpkd.ac.in-people-131804102", "hyperlinks": ["#", "#", "#", "/people/kesavan", "#", "#", "/taxonomy/term/232"], "image_link": "iitpkd.ac.in/sites/default/files/styles/with_scale_/public/pictures/2020-01/IMG_20181028_160050.jpg?itok=MWDRnNfw", "image_desc": "https://iitpkd.ac.in/people/131804102                   Mr. Pramod S      Research Scholar           Mechanical Engineering      Mechanical Engineering      131804102@smail.iitpkd.ac.in           Research Area:  Additive Manufacturing                                        Biosketch      Research  Mechanical behaviour of Additively Manufactured Parts.\u00a0"}