{"page_link": "https://cif.iitpkd.ac.in/node/23", "title": "https:--cif.iitpkd.ac.in-node-23", "hyperlinks": ["#main-content", "/", "/", "/", "", "/node/15", "", "/node/12", "/node/13", "/node/14", "/node/5", "/node/6", "/node/39", "/", "https://drive.google.com/file/d/1n8EZYE-yeyioaLL15UtXuU4UjwdIok6u/view?usp=sharing", "https://my.labagenda.com/index.php?redirect="], "image_link": "https://lh6.googleusercontent.com/Mymdpfdl4UOMFymt5rpNJHbIIk87HSVfc2ijLLTCcYudHFtrkb5ws3qRsKZJDP48vupnLtrBlDOkqtdsNL_02Sj06DsEW9vsiCWMUXJjg3RCtBfntTauHx4rSHTPuSDmpQKzPS6lzzjIhOl7nA", "image_desc": "Main navigation\u00a0 "}