{"page_link": "https://iitpkd.ac.in/people/rakesh", "title": "https:--iitpkd.ac.in-people-rakesh", "hyperlinks": ["#", "#", "/people/chakradhar", "#"], "image_link": "iitpkd.ac.in/sites/default/files/styles/with_scale_/public/pictures/2020-01/DSC_0696_12_0.JPG?itok=_amV1Zxp", "image_desc": "https://iitpkd.ac.in/people/rakesh                   Mr. RAKESH P R      Ph.D. Scholar           Mechanical Engineering           131704002@smail.iitpkd.ac.in      9645828374      Research Area:  Cryogenic Machining                                        Biosketch                       Mr. RAKESH P R      Ph.D. Scholar           Mechanical Engineering           131704002@smail.iitpkd.ac.in      9645828374      Research Area:  Cryogenic Machining                                        Biosketch      Phd Supervisor  chakradhar    Additional Information                              Mr. RAKESH P R      Ph.D. Scholar           Mechanical Engineering           131704002@smail.iitpkd.ac.in      9645828374      Research Area:  Cryogenic Machining                                        Biosketch"}