{"page_link": "https://iitpkd.ac.in/people/221804101", "title": "https:--iitpkd.ac.in-people-221804101", "hyperlinks": ["#", "#", "/people/jayakumar", "#"], "image_link": "iitpkd.ac.in/sites/default/files/styles/with_scale_/public/default_images/default.jpg?itok=Ulsbed6V", "image_desc": "https://iitpkd.ac.in/people/221804101                   Ms. Ranjuna M. K.      Research Scholar           Physics           221804101@smail.iitpkd.ac.in                                                  Biosketch                       Ms. Ranjuna M. K.      Research Scholar           Physics           221804101@smail.iitpkd.ac.in                                                  Biosketch      Phd Supervisor  jayakumar    Additional Information                              Ms. Ranjuna M. K.      Research Scholar           Physics           221804101@smail.iitpkd.ac.in                                                  Biosketch"}