{"page_link": "https://iitpkd.ac.in/people/222004005", "title": "https:--iitpkd.ac.in-people-222004005", "hyperlinks": ["#", "#", "/people/jayakumar"], "image_link": "iitpkd.ac.in/sites/default/files/styles/with_scale_/public/default_images/default.jpg?itok=Ulsbed6V", "image_desc": "https://iitpkd.ac.in/people/222004005                   Ms. Reshna\tElsa Philip      Research Scholar           Physics           222004005@smail.iitpkd.ac.in           Research Area:  Experimental Condensed Matter Physics                                        Biosketch                       Ms. Reshna\tElsa Philip      Research Scholar           Physics           222004005@smail.iitpkd.ac.in           Research Area:  Experimental Condensed Matter Physics                                        Biosketch      Phd Supervisor  jayakumar                      Ms. Reshna\tElsa Philip      Research Scholar           Physics           222004005@smail.iitpkd.ac.in           Research Area:  Experimental Condensed Matter Physics                                        Biosketch"}