{"page_link": "https://iitpkd.ac.in/people/revathy", "title": "https:--iitpkd.ac.in-people-revathy", "hyperlinks": ["#", "#", "/people/uma", "#"], "image_link": "iitpkd.ac.in/sites/default/files/styles/with_scale_/public/pictures/2021-03/Revathy_photo.jpg?itok=e5Kvdv8g", "image_desc": "https://iitpkd.ac.in/people/revathy                   Ms. Revathy B S      Research Scholar           Physics           221704004@smail.iitpkd.ac.in           Research Area:  Quantum Thermodynamics                                         Biosketch                       Ms. Revathy B S      Research Scholar           Physics           221704004@smail.iitpkd.ac.in           Research Area:  Quantum Thermodynamics                                         Biosketch      Phd Supervisor  uma    Additional Information                              Ms. Revathy B S      Research Scholar           Physics           221704004@smail.iitpkd.ac.in           Research Area:  Quantum Thermodynamics                                         Biosketch"}