{"page_link": "https://iitpkd.ac.in/people/102113002", "title": "https:--iitpkd.ac.in-people-102113002", "hyperlinks": ["#", "#"], "image_link": "iitpkd.ac.in/sites/default/files/styles/with_scale_/public/pictures/2022-08/Screenshot_20220805-233802_0.jpg?itok=qEU1yea4", "image_desc": "https://iitpkd.ac.in/people/102113002                   Mr. Rohit Ubnare      Research Scholar           Civil Engineering           102113002@smail.iitpkd.ac.in      9131252443                                             Biosketch                       Mr. Rohit Ubnare      Research Scholar           Civil Engineering           102113002@smail.iitpkd.ac.in      9131252443                                             Biosketch      Additional Information                              Mr. Rohit Ubnare      Research Scholar           Civil Engineering           102113002@smail.iitpkd.ac.in      9131252443                                             Biosketch"}