{"page_link": "https://iitpkd.ac.in/people/112204002", "title": "https:--iitpkd.ac.in-people-112204002", "hyperlinks": ["#", "#"], "image_link": "iitpkd.ac.in/sites/default/files/styles/with_scale_/public/default_images/default.jpg?itok=Ulsbed6V", "image_desc": "https://iitpkd.ac.in/people/112204002                   Ms. S.Christie Sajitha                Computer Science And Engineering           112204002@smail.iitpkd.ac.in           Research Area:  Computer Architecture/Compiler                                        Biosketch                       Ms. S.Christie Sajitha                Computer Science And Engineering           112204002@smail.iitpkd.ac.in           Research Area:  Computer Architecture/Compiler                                        Biosketch      Additional Information                              Ms. S.Christie Sajitha                Computer Science And Engineering           112204002@smail.iitpkd.ac.in           Research Area:  Computer Architecture/Compiler                                        Biosketch"}