{"page_link": "https://iitpkd.ac.in/people/101914005", "title": "https:--iitpkd.ac.in-people-101914005", "hyperlinks": ["#", "#"], "image_link": "iitpkd.ac.in/sites/default/files/styles/with_scale_/public/pictures/2021-02/iit.jpg?itok=ZffG1lFB", "image_desc": "https://iitpkd.ac.in/people/101914005                   Ms. Sabarija A M      Research Scholar           Civil Engineering           101914005@smail.iitpkd.ac.in           Research Area:  Microbial Fuel Cells                                         Biosketch                       Ms. Sabarija A M      Research Scholar           Civil Engineering           101914005@smail.iitpkd.ac.in           Research Area:  Microbial Fuel Cells                                         Biosketch      Additional Information                              Ms. Sabarija A M      Research Scholar           Civil Engineering           101914005@smail.iitpkd.ac.in           Research Area:  Microbial Fuel Cells                                         Biosketch"}