{"page_link": "https://cif.iitpkd.ac.in/node/22", "title": "https:--cif.iitpkd.ac.in-node-22", "hyperlinks": ["#main-content", "/", "/", "/", "", "/node/15", "", "/node/12", "/node/13", "/node/14", "/node/5", "/node/6", "/node/39", "/", "https://drive.google.com/file/d/1zwGx_CRv_rBADDkNyGFXjEiuvu4FuqAV/view?usp=sharing", "https://my.labagenda.com/index.php?redirect=", "https://drive.google.com/file/d/1cb8EDrSAzxAYEPpV_WxXP-IN5HnQcASv/view?usp=sharing"], "image_link": "https://lh4.googleusercontent.com/5Updl1YS0VPW8MnPETmatRk6dlZLj-ZYSO8ZM4Sof7LknJEDRr6-PU72u_9ILOn3rDpOZUx5nNdl_AegH2TxS9M2aGkQb2UrBrhdNGmtU9-27RIc6PZEqLBhDm513N2fxrHeI3d1UNp0F2xGoA", "image_desc": "Main navigation \u00a0 "}