{"page_link": "https://iitpkd.ac.in/people/202114002", "title": "https:--iitpkd.ac.in-people-202114002", "hyperlinks": ["#", "#"], "image_link": "iitpkd.ac.in/sites/default/files/styles/with_scale_/public/pictures/2021-09/PHOTO1.jpg?itok=3YGzlje6", "image_desc": "https://iitpkd.ac.in/people/202114002                   Mr. Shabin N. C.      PhD Scholar           Chemistry           202114002@smail.iitpkd.ac.in      9746856524      Research Area:  Chemical Biology, Bio-organic Chemistry, Metabolomics, Proteomics, Protein Post-translational Modifications                                        Biosketch                       Mr. Shabin N. C.      PhD Scholar           Chemistry           202114002@smail.iitpkd.ac.in      9746856524      Research Area:  Chemical Biology, Bio-organic Chemistry, Metabolomics, Proteomics, Protein Post-translational Modifications                                        Biosketch      Additional Information                              Mr. Shabin N. C.      PhD Scholar           Chemistry           202114002@smail.iitpkd.ac.in      9746856524      Research Area:  Chemical Biology, Bio-organic Chemistry, Metabolomics, Proteomics, Protein Post-translational Modifications                                        Biosketch"}