{"page_link": "https://iitpkd.ac.in/people/112014002", "title": "https:--iitpkd.ac.in-people-112014002", "hyperlinks": ["#", "#"], "image_link": "iitpkd.ac.in/sites/default/files/styles/with_scale_/public/default_images/default.jpg?itok=Ulsbed6V", "image_desc": "https://iitpkd.ac.in/people/112014002                   Mr. Shine\tParekkadan Sunny                Computer Science And Engineering           112014002@smail.iitpkd.ac.in                                                  Biosketch                       Mr. Shine\tParekkadan Sunny                Computer Science And Engineering           112014002@smail.iitpkd.ac.in                                                  Biosketch      Additional Information                              Mr. Shine\tParekkadan Sunny                Computer Science And Engineering           112014002@smail.iitpkd.ac.in                                                  Biosketch"}