{"page_link": "https://iitpkd.ac.in/people/siji", "title": "https:--iitpkd.ac.in-people-siji", "hyperlinks": ["#", "#"], "image_link": "iitpkd.ac.in/sites/default/files/styles/with_scale_/public/default_images/default.jpg?itok=Ulsbed6V", "image_desc": "https://iitpkd.ac.in/people/siji                    Siji S Saju                Physics                                                            Biosketch                        Siji S Saju                Physics                                                            Biosketch      Additional Information                               Siji S Saju                Physics                                                            Biosketch"}