{"page_link": "https://iitpkd.ac.in/people/131914002", "title": "https:--iitpkd.ac.in-people-131914002", "hyperlinks": ["#", "#", "https://doi.org/10.1016/j.jmapro.2022.05.042", "https://doi.org/10.1016/j.procir.2022.03.111", "#", "#", "/people/sksubbu", "#"], "image_link": "iitpkd.ac.in/sites/default/files/styles/with_scale_/public/default_images/default.jpg?itok=Ulsbed6V", "image_desc": "https://iitpkd.ac.in/people/131914002                   Mr. Simson D      Research Scholar           Mechanical Engineering           131914002@smail.iitpkd.ac.in           Research Area:  Additive Manufacturing - Metals, Research Area:  Wear and tribology studies of modified surfaces                                        Biosketch   ME. Manufacturing Engineering (ACGCET, Karaikudi)"}