{"page_link": "https://iitpkd.ac.in/people/102114004", "title": "https:--iitpkd.ac.in-people-102114004", "hyperlinks": ["#", "#", "/people/divyapv", "#"], "image_link": "iitpkd.ac.in/sites/default/files/styles/with_scale_/public/pictures/2022-01/WhatsApp%20Image%202022-01-23%20at%2018.04.28_0.jpeg?itok=etuI3hGI", "image_desc": "https://iitpkd.ac.in/people/102114004                   Ms. SREERAM SHRUTHIJA      research scholar (PhD)           Civil Engineering           102114004@smail.iitpkd.ac.in                                                  Biosketch                       Ms. SREERAM SHRUTHIJA      research scholar (PhD)           Civil Engineering           102114004@smail.iitpkd.ac.in                                                  Biosketch      Phd Supervisor  divyapv    Additional Information                              Ms. SREERAM SHRUTHIJA      research scholar (PhD)           Civil Engineering           102114004@smail.iitpkd.ac.in                                                  Biosketch"}