{"page_link": "https://iitpkd.ac.in/user/16453", "title": "https:--iitpkd.ac.in-user-16453", "hyperlinks": ["#", "#"], "image_link": "iitpkd.ac.in/sites/default/files/styles/with_scale_/public/default_images/default.jpg?itok=Ulsbed6V", "image_desc": "https://iitpkd.ac.in/user/16453                   Mr. Sriram S                Electrical Engineering           122304005@smail.iitpkd.ac.in                                                  Biosketch                       Mr. Sriram S                Electrical Engineering           122304005@smail.iitpkd.ac.in                                                  Biosketch      Additional Information                              Mr. Sriram S                Electrical Engineering           122304005@smail.iitpkd.ac.in                                                  Biosketch"}