{"page_link": "https://iitpkd.ac.in/people/202114004", "title": "https:--iitpkd.ac.in-people-202114004", "hyperlinks": ["#", "#"], "image_link": "iitpkd.ac.in/sites/default/files/styles/with_scale_/public/default_images/default.jpg?itok=Ulsbed6V", "image_desc": "https://iitpkd.ac.in/people/202114004                   Ms. Sruthi Remeshan                Chemistry           202114004@smail.iitpkd.ac.in                                                  Biosketch                       Ms. Sruthi Remeshan                Chemistry           202114004@smail.iitpkd.ac.in                                                  Biosketch      Additional Information                              Ms. Sruthi Remeshan                Chemistry           202114004@smail.iitpkd.ac.in                                                  Biosketch"}