{"page_link": "https://iitpkd.ac.in/people/162114001", "title": "https:--iitpkd.ac.in-people-162114001", "hyperlinks": ["#", "#", "#", "/people/dj", "#"], "image_link": "iitpkd.ac.in/sites/default/files/styles/with_scale_/public/pictures/2022-01/IMG20211115184510_1.jpg?itok=BLr3oBLn", "image_desc": "https://iitpkd.ac.in/people/162114001                   Ms. Sruthi Surendran      Research Scholar      , Environmental Sciences and Sustainable Engineering Centre      Environmental Sciences and Sustainable Engineering Centre           162114001@smail.iitpkd.ac.in           Research Area:  Hydrology, Research Area:  Hydrological Modelling , Research Area:  Crop Modelling, Research Area:  Model Coupling, Research Area:  GIS Applications, Research Area:  Sustainable Engineering, Research Area:  Climate change       View Website         SRUTHI SURENDRAN PMRF CV.pdf (710.59 KB)                               Biosketch      Teaching  ES4001 - Biomass Energy - IIT Palakkad (Aug 2022 - Dec 2022)"}