{"page_link": "https://iitpkd.ac.in/people/112204003", "title": "https:--iitpkd.ac.in-people-112204003", "hyperlinks": ["#", "#", "/people/kdinesh", "#"], "image_link": "iitpkd.ac.in/sites/default/files/styles/with_scale_/public/pictures/2022-05/pp.jpg?itok=Eh-irYzl", "image_desc": "https://iitpkd.ac.in/people/112204003                   Mr. Subhadip Das      Ph.D Scholar           Computer Science And Engineering           112204003@smail.iitpkd.ac.in      6290505654                                             Biosketch                       Mr. Subhadip Das      Ph.D Scholar           Computer Science And Engineering           112204003@smail.iitpkd.ac.in      6290505654                                             Biosketch      Phd Supervisor  kdinesh    Additional Information                              Mr. Subhadip Das      Ph.D Scholar           Computer Science And Engineering           112204003@smail.iitpkd.ac.in      6290505654                                             Biosketch"}