{"page_link": "https://iitpkd.ac.in/people/102103002", "title": "https:--iitpkd.ac.in-people-102103002", "hyperlinks": ["#", "#"], "image_link": "iitpkd.ac.in/sites/default/files/styles/with_scale_/public/pictures/2021-03/SREE.jpg?itok=4T1yFERa", "image_desc": "https://iitpkd.ac.in/people/102103002                   Ms. T R Sreeshna                Civil Engineering           102103002@smail.iitpkd.ac.in                                                  Biosketch                       Ms. T R Sreeshna                Civil Engineering           102103002@smail.iitpkd.ac.in                                                  Biosketch      Additional Information                              Ms. T R Sreeshna                Civil Engineering           102103002@smail.iitpkd.ac.in                                                  Biosketch"}