{"page_link": "https://iitpkd.ac.in/people/102104004", "title": "https:--iitpkd.ac.in-people-102104004", "hyperlinks": ["#", "#", "/people/sudheesh", "#", "#", "/taxonomy/term/228"], "image_link": "iitpkd.ac.in/sites/default/files/styles/with_scale_/public/pictures/2021-03/profilepic.jpg?itok=J1dPA-bS", "image_desc": "https://iitpkd.ac.in/people/102104004                   Ms. TWINKLE S      Research Scholar           Civil Engineering      Civil Engineering      102104004@smail.iitpkd.ac.in      9995149652                                             Biosketch                       Ms. TWINKLE S      Research Scholar           Civil Engineering      Civil Engineering      102104004@smail.iitpkd.ac.in      9995149652                                             Biosketch      Phd Supervisor  sudheesh    Additional Information            Sections  Civil Engineering                      Ms. TWINKLE S      Research Scholar           Civil Engineering      Civil Engineering      102104004@smail.iitpkd.ac.in      9995149652                                             Biosketch"}