{"page_link": "https://iitpkd.ac.in/people/umadevi", "title": "https:--iitpkd.ac.in-people-umadevi", "hyperlinks": ["#", "#"], "image_link": "iitpkd.ac.in/sites/default/files/styles/with_scale_/public/default_images/default.jpg?itok=Ulsbed6V", "image_desc": "https://iitpkd.ac.in/people/umadevi                   Dr. Umadevi Deivasigamani      PDF           Chemistry           umadevi@iitpkd.ac.in                                                  Biosketch                       Dr. Umadevi Deivasigamani      PDF           Chemistry           umadevi@iitpkd.ac.in                                                  Biosketch      Additional Information                              Dr. Umadevi Deivasigamani      PDF           Chemistry           umadevi@iitpkd.ac.in                                                  Biosketch"}