{"page_link": "https://cif.iitpkd.ac.in/node/30", "title": "https:--cif.iitpkd.ac.in-node-30", "hyperlinks": ["#main-content", "/", "/", "/", "", "/node/15", "", "/node/12", "/node/13", "/node/14", "/node/5", "/node/6", "/node/39", "/", "https://drive.google.com/file/d/1DOGbj1UF-QPpSWeNkUb4_DxQ9oPuEql6/view?usp=sharing", "https://my.labagenda.com/index.php?redirect="], "image_link": "https://lh3.googleusercontent.com/ZBGTjZ7QsQDQhlEAH6Id1Xn7meQ0ffnvyZX_76mw7Es3KsGEVvCJeHqOrYundnDmFgy6yewq5deYVeQmUCNTf8yZoT6RAW4ZmemVGaClljOcqXL84f6qCcAncvH8J14LooQt22NZoYzolF1QWQ", "image_desc": "Main navigation Vector Network Analyzer is a test system that enables the RF performance of radio frequency (RF) and microwave devices. \u00a0 \u00a0"}