{"page_link": "https://iitpkd.ac.in/user/16435", "title": "https:--iitpkd.ac.in-user-16435", "hyperlinks": ["#", "#"], "image_link": "iitpkd.ac.in/sites/default/files/styles/with_scale_/public/default_images/default.jpg?itok=Ulsbed6V", "image_desc": "https://iitpkd.ac.in/user/16435                   Mr. Visant P V      Part Time PhD Scholar           Mechanical Engineering           131914004@smail.iitpkd.ac.in                                                  Biosketch                       Mr. Visant P V      Part Time PhD Scholar           Mechanical Engineering           131914004@smail.iitpkd.ac.in                                                  Biosketch      Additional Information                              Mr. Visant P V      Part Time PhD Scholar           Mechanical Engineering           131914004@smail.iitpkd.ac.in                                                  Biosketch"}