{"page_link": "https://iitpkd.ac.in/people/131914005", "title": "https:--iitpkd.ac.in-people-131914005", "hyperlinks": ["#", "#", "/people/n.ganesh", "#", "https://aip.scitation.org/doi/10.1063/1.5140029", "http://ishmtdigitallibrary.com/conferences/497665e8310dfd2d,6e9515933d4aa1cf,6acb50b708c455b6.html"], "image_link": "iitpkd.ac.in/sites/default/files/styles/with_scale_/public/pictures/2020-01/IMG20200107132557__1578384044_14.139.174.51.jpg?itok=oJbEwFDW", "image_desc": "https://iitpkd.ac.in/people/131914005                   Mr. Vishnu Prakash K      Research Scholar           Mechanical Engineering           131914005@smail.iitpkd.ac.in           Research Area:  Computational Fluid Dynamics - Immersed Boundary Methods                                        Biosketch   B.Tech\u00a0 - Mechanical Engineering (NSSCE, PALAKKAD)\u00a0(2010-2014)"}