{"page_link": "https://iitpkd.ac.in/people/akshaya", "title": "https:--iitpkd.ac.in-people-akshaya", "hyperlinks": ["#", "#", "#", "/taxonomy/term/222"], "image_link": "iitpkd.ac.in/sites/default/files/styles/with_scale_/public/pictures/2023-02/Akshaya%20A.jpg?itok=fYvubwe-", "image_desc": "https://iitpkd.ac.in/people/akshaya                   Ms. Akshaya A      Junior Assistant                Academics      akshaya@iitpkd.ac.in                                                  Biosketch                       Ms. Akshaya A      Junior Assistant                Academics      akshaya@iitpkd.ac.in                                                  Biosketch      Additional Information            Sections  Academics                      Ms. Akshaya A      Junior Assistant                Academics      akshaya@iitpkd.ac.in                                                  Biosketch"}