{"page_link": "https://iitpkd.ac.in/people/alok", "title": "https:--iitpkd.ac.in-people-alok", "hyperlinks": ["#", "#", "#", "/taxonomy/term/459"], "image_link": "iitpkd.ac.in/sites/default/files/styles/with_scale_/public/pictures/2023-02/Alok%20Singh.jpg?itok=qf2fRzPP", "image_desc": "https://iitpkd.ac.in/people/alok                   Mr. Alok Singh      Physical Training Instructor                Physical Education      alok@iitpkd.ac.in      8962668519                   ALOK CV.pdf (293.69 KB)                               Biosketch                       Mr. Alok Singh      Physical Training Instructor                Physical Education      alok@iitpkd.ac.in      8962668519                   ALOK CV.pdf (293.69 KB)                               Biosketch      Additional Information            Sections  Physical Education                      Mr. Alok Singh      Physical Training Instructor                Physical Education      alok@iitpkd.ac.in      8962668519                   ALOK CV.pdf"}