{"page_link": "https://iitpkd.ac.in/people/arunkm", "title": "https:--iitpkd.ac.in-people-arunkm", "hyperlinks": ["#", "#", "#", "/taxonomy/term/222"], "image_link": "iitpkd.ac.in/sites/default/files/styles/with_scale_/public/pictures/2023-02/Arun%20Krishnan.jpg?itok=Qfv3NCUR", "image_desc": "https://iitpkd.ac.in/people/arunkm                   Mr. Arun Krishnan      Junior Superintendent                Academics      arunkm@iitpkd.ac.in                                                  Biosketch                       Mr. Arun Krishnan      Junior Superintendent                Academics      arunkm@iitpkd.ac.in                                                  Biosketch      Additional Information            Sections  Academics                      Mr. Arun Krishnan      Junior Superintendent                Academics      arunkm@iitpkd.ac.in                                                  Biosketch"}