{"page_link": "https://iitpkd.ac.in/people/aruns", "title": "https:--iitpkd.ac.in-people-aruns", "hyperlinks": ["#", "#", "#", "/taxonomy/term/237"], "image_link": "iitpkd.ac.in/sites/default/files/styles/with_scale_/public/pictures/2023-02/Arun%20S.jpg?itok=4dIrtxRz", "image_desc": "https://iitpkd.ac.in/people/aruns                   Mr. Arun S      Junior Assistant                Administration      aruns@iitpkd.ac.in                                                  Biosketch                       Mr. Arun S      Junior Assistant                Administration      aruns@iitpkd.ac.in                                                  Biosketch      Additional Information            Sections  Administration                      Mr. Arun S      Junior Assistant                Administration      aruns@iitpkd.ac.in                                                  Biosketch"}