{"page_link": "https://iitpkd.ac.in/people/arya", "title": "https:--iitpkd.ac.in-people-arya", "hyperlinks": ["#", "#", "#", "/taxonomy/term/235"], "image_link": "iitpkd.ac.in/sites/default/files/styles/with_scale_/public/pictures/2023-02/Arya%20Aravind.jpg?itok=1nwZpso6", "image_desc": "https://iitpkd.ac.in/people/arya                   Ms. Arya Aravind      Counsellor                Counselling      arya@iitpkd.ac.in      9074099021                                             Biosketch                       Ms. Arya Aravind      Counsellor                Counselling      arya@iitpkd.ac.in      9074099021                                             Biosketch      Additional Information            Sections  Counselling                      Ms. Arya Aravind      Counsellor                Counselling      arya@iitpkd.ac.in      9074099021                                             Biosketch"}