{"page_link": "https://iitpkd.ac.in/people/ashagopalan", "title": "https:--iitpkd.ac.in-people-ashagopalan", "hyperlinks": ["#", "#", "#", "/taxonomy/term/237"], "image_link": "iitpkd.ac.in/sites/default/files/styles/with_scale_/public/pictures/2023-02/Asha%20Gopalan.jpg?itok=0PXiqY8y", "image_desc": "https://iitpkd.ac.in/people/ashagopalan                   Ms. Asha Gopalan      Assistant Registrar                Administration      ashagopalan@iitpkd.ac.in                                                  Biosketch                       Ms. Asha Gopalan      Assistant Registrar                Administration      ashagopalan@iitpkd.ac.in                                                  Biosketch      Additional Information            Sections  Administration                      Ms. Asha Gopalan      Assistant Registrar                Administration      ashagopalan@iitpkd.ac.in                                                  Biosketch"}