{"page_link": "https://cif.iitpkd.ac.in/node/31", "title": "https:--cif.iitpkd.ac.in-node-31", "hyperlinks": ["#main-content", "/", "/", "/", "", "/node/15", "", "/node/12", "/node/13", "/node/14", "/node/5", "/node/6", "/node/39", "/", "https://drive.google.com/file/d/1DOGbj1UF-QPpSWeNkUb4_DxQ9oPuEql6/view?usp=sharing", "https://my.labagenda.com/index.php?redirect="], "image_link": "cif.iitpkd.ac.in/sites/default/files/logo_0.png", "image_desc": "https://cif.iitpkd.ac.in/node/31   CIF & CMFF       Main navigation    Home   Operations   How To Use Facility     Facilities   Characterization   Fabrication   Synthesis     People   Contact Us   Outcome                             Signal Analyzer                    Breadcrumb   Home /                      "}