{"page_link": "https://iitpkd.ac.in/people/babukumar", "title": "https:--iitpkd.ac.in-people-babukumar", "hyperlinks": ["#", "#"], "image_link": "iitpkd.ac.in/sites/default/files/styles/with_scale_/public/pictures/2023-02/Babukumar.jpg?itok=2uFenI43", "image_desc": "https://iitpkd.ac.in/people/babukumar                   Mr. Babu Kumar B      Junior Technician           Civil Engineering           babukumar@iitpkd.ac.in                                                  Biosketch                       Mr. Babu Kumar B      Junior Technician           Civil Engineering           babukumar@iitpkd.ac.in                                                  Biosketch      Additional Information                              Mr. Babu Kumar B      Junior Technician           Civil Engineering           babukumar@iitpkd.ac.in                                                  Biosketch"}