{"page_link": "https://iitpkd.ac.in/people/daniel", "title": "https:--iitpkd.ac.in-people-daniel", "hyperlinks": ["#", "#", "#", "/taxonomy/term/74"], "image_link": "iitpkd.ac.in/sites/default/files/styles/with_scale_/public/pictures/2023-02/Daniel%20Jerald%20M.jpg?itok=rYLuDIfb", "image_desc": "https://iitpkd.ac.in/people/daniel                   Mr. Daniel Jerald M      Junior Technician                Engineering Works Division                                                       Biosketch                       Mr. Daniel Jerald M      Junior Technician                Engineering Works Division                                                       Biosketch      Additional Information            Sections  Engineering Works Division                      Mr. Daniel Jerald M      Junior Technician                Engineering Works Division                                                       Biosketch"}