{"page_link": "https://iitpkd.ac.in/people/geetha", "title": "https:--iitpkd.ac.in-people-geetha", "hyperlinks": ["#", "#", "#", "/taxonomy/term/71"], "image_link": "iitpkd.ac.in/sites/default/files/styles/with_scale_/public/pictures/2023-02/Geetha.jpg?itok=oHPg6cvh", "image_desc": "https://iitpkd.ac.in/people/geetha                   Ms. Geetha A      Junior Superintendent                Stores and Purchase      geetha@iitpkd.ac.in                                                  Biosketch                       Ms. Geetha A      Junior Superintendent                Stores and Purchase      geetha@iitpkd.ac.in                                                  Biosketch      Additional Information                          Sections  Stores and Purchase                      Ms. Geetha A      Junior Superintendent                Stores and Purchase      geetha@iitpkd.ac.in                                                  Biosketch"}