{"page_link": "https://iitpkd.ac.in/people/namaitha", "title": "https:--iitpkd.ac.in-people-namaitha", "hyperlinks": ["#", "#"], "image_link": "iitpkd.ac.in/sites/default/files/styles/with_scale_/public/pictures/2023-02/Namitha.jpg?itok=T58JWmIH", "image_desc": "https://iitpkd.ac.in/people/namaitha                   Ms. Namitha V      Junior Technician           Civil Engineering           namitha@iitpkd.ac.in                                                  Biosketch                       Ms. Namitha V      Junior Technician           Civil Engineering           namitha@iitpkd.ac.in                                                  Biosketch      Additional Information                              Ms. Namitha V      Junior Technician           Civil Engineering           namitha@iitpkd.ac.in                                                  Biosketch"}