{"page_link": "https://iitpkd.ac.in/people/rahul", "title": "https:--iitpkd.ac.in-people-rahul", "hyperlinks": ["#", "#", "#", "/taxonomy/term/249"], "image_link": "iitpkd.ac.in/sites/default/files/styles/with_scale_/public/pictures/2023-02/Rahul%20P.jpg?itok=Lmb12bWd", "image_desc": "https://iitpkd.ac.in/people/rahul                   Mr. Rahul P      Junior Technician                Central Workshop      rahul@iitpkd.ac.in      9947931039                                             Biosketch                       Mr. Rahul P      Junior Technician                Central Workshop      rahul@iitpkd.ac.in      9947931039                                             Biosketch      Additional Information            Sections  Central Workshop                      Mr. Rahul P      Junior Technician                Central Workshop      rahul@iitpkd.ac.in      9947931039                                             Biosketch"}