{"page_link": "https://iitpkd.ac.in/people/sanilsharahudeen", "title": "https:--iitpkd.ac.in-people-sanilsharahudeen", "hyperlinks": ["#", "#"], "image_link": "iitpkd.ac.in/sites/default/files/styles/with_scale_/public/pictures/2023-02/Sanil%20.jpg?itok=mONgIVJD", "image_desc": "https://iitpkd.ac.in/people/sanilsharahudeen                   Mr. Sanil Sharahudeen      Junior Technical Superintendent           Electrical Engineering           sanilsharahudeen@iitpkd.ac.in      9496368778           View Website                                   Biosketch   M.tech in Electrical Power Systems Engineering"}