{"page_link": "https://iitpkd.ac.in/people/sumesh", "title": "https:--iitpkd.ac.in-people-sumesh", "hyperlinks": ["#", "#", "#", "/taxonomy/term/225"], "image_link": "iitpkd.ac.in/sites/default/files/styles/with_scale_/public/pictures/2023-02/Sumesh%20updated.jpg?itok=YVpgMe61", "image_desc": "https://iitpkd.ac.in/people/sumesh                   Mr. Sumesh K S      Junior Technical Superintendent                Centre for Education Technology      sumesh@iitpkd.ac.in      8807941424                                             Biosketch   Industrial Experience:"}