{"page_link": "https://iitpkd.ac.in/people/visant", "title": "https:--iitpkd.ac.in-people-visant", "hyperlinks": ["#", "#"], "image_link": "iitpkd.ac.in/sites/default/files/styles/with_scale_/public/pictures/2023-02/Visant.jpg?itok=hA24lCYC", "image_desc": "https://iitpkd.ac.in/people/visant                   Mr. Visant P V      Junior Technical Superintendent           Mechanical Engineering           visant@iitpkd.ac.in      9946347587      Research Area:  Thermal and Manufacturing                                        Biosketch                       Mr. Visant P V      Junior Technical Superintendent           Mechanical Engineering           visant@iitpkd.ac.in      9946347587      Research Area:  Thermal and Manufacturing                                        Biosketch      Additional Information                                     Mr. Visant P V      Junior Technical Superintendent           Mechanical Engineering           visant@iitpkd.ac.in      9946347587      Research Area:  Thermal and Manufacturing                                        Biosketch"}