{"page_link": "https://cif.iitpkd.ac.in/node/34", "title": "https:--cif.iitpkd.ac.in-node-34", "hyperlinks": ["#main-content", "/", "/", "/", "", "/node/15", "", "/node/12", "/node/13", "/node/14", "/node/5", "/node/6", "/node/39", "/", "https://drive.google.com/file/d/1hG3wm9B7jGd0DySXxteHlxuFUs3gngSX/view?usp=sharing"], "image_link": "https://lh4.googleusercontent.com/dz9-yqDlm5A23CCx9x59snyc6ydWJylFyKHikrkQTaXDXcmAkUpa7IVdJeC9d3dRmIYQaP5LmuxXr1owuhwmXXi5vjtS4gIDJiCgjKDjPo_FtektQ--uEYD6g83O-8zn78QD7SAJZefnVb5MOw", "image_desc": "Main navigation64-channel Electroencephalograph (EEG) Data Acquisition System The 64-channel EEG is to acquire brain signal from scalp electrodes. The system comprises of electrodes fitted on cap, multichannel amplifier and data acquisition software. "}