{"page_link": "https://cet.iitpkd.ac.in/helpdocs", "title": "https:--cet.iitpkd.ac.in-helpdocs", "hyperlinks": ["#main-content", "/", "/", "#show-block-bartik-main-menu", "#hide-block-bartik-main-menu", "/aboutus", "/services", "/infrastructure", "/howtoget", "/helpdocs", "/people", "/node/24", "/contactus", "/node/26", "/", "https://drive.google.com/file/d/1mjuGEoX85EKNPDcv4263SGXzo6BVGe2H/view?usp=sharing", "https://drive.google.com/file/d/1JcI_WfFzf1Oq6QG1Oq1TSavHDTB6kur9/view?usp=sharing", "https://drive.google.com/file/d/1a7CZfUxz-H7jYuPTK2ttbN-nJ3tGxUjg/view?usp=sharing", "https://drive.google.com/file/d/1W0LS6W63D7-jBj4VILE5AIRQHm5-PfRR/view?usp=sharing", "https://drive.google.com/file/d/13VohzpnFip_fa1AaOQYKY0wba0dwgiuB/view?usp=sharing", "https://drive.google.com/file/d/1IiF6jdWwdBOETQ0VLpzhLMVL4XTSPfdc/view?usp=sharing", "https://drive.google.com/file/d/1M7cT8heZXIiFKtlPHkM1WHZEh02s2fCR/view?usp=sharing", "https://drive.google.com/file/d/11Y454dsLb9TWmRrLFzQFSCI5qFPR4nY-/view?usp=sharing", "https://drive.google.com/file/d/1pj1516e2yrPZQOMRrHqjzbmRYasrVZSi/view?usp=sharing", "https://drive.google.com/file/d/1DaUm6ddwbH6Gzm1ATqwzswOB-NBQdJtS/view?usp=sharing", "https://drive.google.com/file/d/1oYH0VmPZdIdRHWqkbBxTQUJvYijB_NxJ/view?usp=sharing", "https://drive.google.com/file/d/1AuUgpcGJok79AtealBUVL1fkakhwXIra/view?usp=sharing", "https://drive.google.com/file/d/1q9FybR6CeSPSEUrt4talqDqWe8LnlAB0/view?usp=sharing", "https://drive.google.com/file/d/1f25wLDw_xZDZX-Jv2CR1hjzrFnH7ofw3/view?usp=sharing", "https://drive.google.com/file/d/1sESNp7OB8MlLKbRtgVmkuK4s0_Odbd2y/view?usp=sharing", "https://drive.google.com/file/d/1_ehrGhTUTIoffy5uWZEtRCeTMngeq-0-/view?usp=sharing", "https://drive.google.com/file/d/1J7tYuZN_mgXuhmekX38Gg5h6ouq0hhxo/view?usp=sharing", "https://drive.google.com/file/d/1R-gd7e7BRkGDrAi84ltKFOnLsvbasbyk/view?usp=sharing", "https://drive.google.com/file/d/1poPaSpQu0dEFxhDtbo5QqWUWhP27Of3d/view?usp=sharing", "https://drive.google.com/file/d/1bXTIuqBDZ2tjDZz25u0kIP5iFWURfC7o/view?usp=sharing", "https://drive.google.com/file/d/1pj1516e2yrPZQOMRrHqjzbmRYasrVZSi/view?usp=sharing", "https://drive.google.com/file/d/1Ga44CLXRoJGA4A0uU5RX-XH9XATAptLU/view?usp=sharing", "https://iitpkd.ac.in", "https://lms.iitpkd.ac.in/", "https://library.iitpkd.ac.in/", "https://hpc.iitpkd.ac.in/", "https://support.iitpkd.ac.in/", "https://mrbs.iitpkd.ac.in/", "https://pgadmit.iitpkd.ac.in/", "https://resap.iitpkd.ac.in/", "https://forms.gle/v8KiBQnC9odVvCM6A", "https://sites.google.com/iitpkd.ac.in/iitpalakkad/telephone-directory", "https://iitpkd.ac.in/join-us", "https://facap.iitpkd.ac.in/", "https://idp.iitpkd.ac.in/", "https://cdc.iitpkd.ac.in/", "https://creds.iitpkd.ac.in/", "https://uba.iitpkd.ac.in/"], "image_link": "cet.iitpkd.ac.in/sites/default/files/logo%20white.png", "image_desc": "https://cet.iitpkd.ac.in/helpdocs   Centre for Education Technology  Indian Institute of Technology Palakkad    Main navigation    Show \u2014 Main navigation Hide \u2014 Main navigation   About Us   Services   Infrastructure   How to Get   Help Documents   People   Usefull Links   Contact Us   Cluster status                   Breadcrumb   Home             Help Documents            Abaqus Installation Guide Click Here Ansys Installation Guide Click Here Autocad Installation Guide Click Here CentOs Installation Guide Click Here Eduroam Guide Click Here Fedora Installation Guide Click Here Google Hangout Click Here Google Meet Click Here Support Portal Click Here LDAP Password Reset Click Here Jitsi Meeting Click Here Matlab\u00a0Windows Installation Guide Click Here Matlab\u00a0Ubuntu Installation Guide Click Here Mathematica Installation Guide Click Here Microsoft Teams Click Here Staad Pro Installation Guide Click Here VPN Installation & Configuration Guide Click Here VPN Installation in Ubuntu Click Here Ubuntu Installation Guide Click Here Zoom Meeting Click Here How to raise a Ticket in Support Portal Click Here Turnitin Instructor QuickStart Guide Click Here                 Main Website"}