{"page_link": "https://iitpkd.ac.in/people/shanmugam", "title": "https:--iitpkd.ac.in-people-shanmugam", "hyperlinks": ["#", "#", "#", "#", "#", "http://www.crcpress.com/product/isbn/9789814316774", "https://pubs.rsc.org/en/journals/articlecollectionlanding?sercode=cc&themeid=bd90abd6-cc6b-4523-921f-1bf3baf967d4", "#", "https://pubs.rsc.org/en/content/articlelanding/2023/cc/d2cc06529k/unauth", "https://pubs.rsc.org/en/content/articlelanding/2023/sd/d2sd00177b", "https://pubs.rsc.org/en/content/articlelanding/2022/dt/d2dt03079a", "https://www.mdpi.com/2624-8549/4/4/92/htm", "/sites/default/files/2022-10/chemistry-04-00092.pdf", "https://www.elsevier.com/books/supramolecular-coordination-complexes/shanmugaraju/978-0-323-90582-4", "https://www.sciencedirect.com/science/article/pii/S221171562200265X", "https://www.sciencedirect.com/science/article/pii/S0040403922006232", "https://pubs.acs.org/doi/pdf/10.1021/acs.inorgchem.2c01005", "https://scholar.google.co.in/scholar?q=CuO/CaO mediated synthesis of amino-1,8-naphthalimides from the nitro analogues,K. Rajendran, A. Shanmughan, P. Nanjana, D. K. Balaji, S. Shanmugaraju,* D. Jagadeesan*", "https://www.elsevier.com/books/supramolecular-coordination-complexes/shanmugaraju/978-0-323-90582-4", "https://www.elsevier.com/books/supramolecular-coordination-complexes/shanmugaraju/978-0-323-90582-4", "https://www.elsevier.com/books/supramolecular-coordination-complexes/shanmugaraju/978-0-323-90582-4", "https://www.sciencedirect.com/science/article/pii/S002016932200010X", "https://www.routledge.com/Supramolecular-Chemistry-in-Corrosion-and-Biofouling-Protection/Saji/p/book/9780367769024", "https://www.sciencedirect.com/science/article/pii/S0040403921006729", "https://www.sciencedirect.com/science/article/pii/S0010854521000278", "https://www.tandfonline.com/doi/abs/10.1080/10610278.2021.1889551", "https://www.tandfonline.com/doi/pdf/10.1080/10610278.2020.1825715?needAccess=true", "/sites/default/files/2020-12/Supramolecular%20Chemistry-2020.pdf", "https://pubs.rsc.org/en/content/articlepdf/2020/cc/c9cc08457f", "/sites/default/files/2020-02/2020%20ChemComm%20AIE%20for%20NACs%20sensing.pdf", "https://pubs.rsc.org/en/content/articlepdf/2019/cc/c9cc05585a", "/sites/default/files/2020-02/2019%20ChemCommun%20VOCs%20Sensing.pdf", "https://pubs.rsc.org/en/content/articlelanding/ob/2019/c8ob02980f#!divAbstract", "/sites/default/files/2019-04/OBC-2019.pdf", "https://pubs.rsc.org/en/content/articlepdf/2018/cc/c8cc01584h", "/sites/default/files/2020-02/c8cc01584h.pdf"], "image_link": "iitpkd.ac.in/sites/default/files/inline-images/WhatsApp%20Image%202022-05-12%20at%2010.45.08%20PM.jpeg", "image_desc": "<strong><u>M.Sc. Courses</u></strong>CY5001: Principles in\u00a0Chemistry\u00a0(Semesters: Aug-Dec 2022,\u00a0Aug-Nov 2021,\u00a0Sept\u00a02020-Jan 2021, Aug-Dec 2019).\u00a0 CY5006: Elucidation of Molecular Structure (Semesters: Jan-May 2022,\u00a0Feb-May\u00a02021,\u00a0Jan-Apr 2020). CY5611: Supramolecular Chemistry\u00a0(Semesters: Jan-May 2022,\u00a0Feb-May\u00a02021).\u00a0 ____________________________________________________ B.Tech Courses CY4001: Industrial Chemistry (Semesters: Aug-Dec 2022, Aug-Nov 2021). CY1010: Thermodynamics, Kinetics, and Organic Reactions (Semesters: Sept 2020-Jan 2021,\u00a0Jan-Apr 2019). CY1140: Chemistry Lab (Semesters: January-April 2020,\u00a0Aug-Dec 2019,\u00a0Jan-Apr 2019).  Research Group  Current Members: Ph.D. Student:"}