{"page_link": "https://uba.iitpkd.ac.in/rpi.html", "title": "https:--uba.iitpkd.ac.in-rpi.html", "hyperlinks": ["index.html", "about.html", "#", "rpa.html", "activities.html", "imp.html", "rpi.html", "gallery.html", "contact.html", "SurveyStats/index.html", "UBA.html", "gallery.html", "imp.html", "contact.html"], "image_link": "unnat bharat abhiyan logo.jpg", "image_desc": "<b>Indian Institute of Technology Palakkad</b>    Home About Us Activities   As Regional Co-ordinating Institute  As Participating Institute   Important Links Regional Participating Institutes  Gallery Contact Us Survey Stats       Sl. No Name of the Institute Head of the Institution Mail Id Name of the Coordinator Mail Id of the Coordinator Phone Number   1 Central Univeristy of Kerala, Kasaragod  registrar@cukerala.ac.in Dr Mohan A K mohanak@cukerala.ac.in 9448215487   2 Vimal Jyothi Engineering College Dr Benny Joseph principal@vjec.ac.in Dr V Sampath Kumar vsampath@vjec.ac.in 8281665573   3 St. Joseph College Pilathara Kannur Dr. K.C. Muraleedharan kcmuraleedharan@gmail.com Johnson Simethy simethy07@gmail.com 9746110660   4 Govt. College Of Engineering, Kannur, Kerala  principal@gcek.ac.in Mr. Sukesh A sukesh@gcek.ac.in 9495241299   5 N.A.M College,Kallikandy Dr. Muhammed kutty KK namcollege@yahoo.co.in Dr. Abdul Gafoor CV cvgafoor2012@gmail.com 9747592900   6 Govt. Engineering College, Wayanad Dr. Anitha V S anithavs@gecwyd.ac.in  Dr Sreeram R sreeramr@gecwyd.ac.in  9656567520   7 Don Bosco College, Sulthan Bathery Johnson johnsonkpsdb@rediffmail.com Sibila Abhilash shibilaabhilash@gmail.com 9656673170   8 Mary Matha Arts & Science College, P.O. Vemom, Mananthavady, Wayanad Dr Maria Martin Joseph mariamartin6@gmail.com Mr Binoy Joseph binoy.sib@gmail.com 9946234220   9 St. Mary`s College, Sulthans Bathery  stmaryssby@gmail.com SABIN BABY sabinbaby91@gmail.com 9947693978   10 WMO Arts & Science College, Muttil   Mr.MAHMOOD ASLAM K mahmoodaslamk@gmail.com 9947195160   11 ST. JOSEPH`S COLLEGE, DEVAGIRI Dr. Sabu K Thomas  sabukthomas@gmail.com Tibin Baby  tibinbaby1991@gmail.com 9526219941   12 SREEPATHY INSTITUTE OF MANAGEMENT AND TECHNOLOGY Dr George C T principal@simat.ac.in Sebin Sunny P iedc@simat.ac.in 9446870895   13  \"Government Engineering College, Sreekrishnapuram (Id: C-43298)\" Dr. P. C. Reghu Raj principal@gecskp.ac.in Savyan P V savyanpv@gecskp.ac.in 9847094161   14 MES KALLADI COLLEGE, MANNARKKAD Dr.C.Rajesh principal.meskvmcollege@gmail.com Dr.Divya M      15 Govt. Victoria College, Palakkad  victoriapkd@gmail.com Hareesh kp hareeshkpskt@gmail.com 9048628393   16 Indian Institute Of Technology, Palakkad Dr. P B Sunil Kumar  Dr Sahely Bhadra  8078133694   17 Jawaharlal College Of Engineering & Technology, Mangalam DR V P SUKUMARAN NAIR vpskn04@yahoo.com RAGESH P R rageshpr84@gmail.com 9526733335   18 Malabar Polytechnic Campus  secretary@malabarpoly.com  AMMAR MALAYIL admin@malabarpoly.com 8606102786   19 Ahalia School Of Engineering And Technology Dr. P. R. Sreemahadevan Pillai principal.aset@ahalia.edu.in Preeja V preeja.v@ahalia.ac.in 7559075532   20 Indian Institute Of Management, Kozhikode Prof. Debashis Chatterjee director@iimk.ac.in Prof. Anubha Shekhar Sinha anubhashekhar@iimk.ac.in 9497357054   21 Providence Womens College, Kozhikkode Dr. Sr. Jaseena Joseph jaseenajoseph18@gmail.com Dr. Sini R rsini2002@gmail.com 9447455253   22 Kannur University, Kannur (Id: U-0256) Mohammed.E.V.P registrar@kannuruniv.ac.in Dr.Jayapal.G hodgeography@kannuruniv.ac.in 9847132918   23 Nss College Of Engineering, Akathethara (Id: C-43771) Dr.Sudha T principal@nssce.ac.in Neethi S Pillai neethi@nssce.ac.in 9746182414   24 S.E.S College Sreekandapuram,Kannur (Id: C-43878) Dr. Dominic Thomas principal.sescollege@gmail.com Dr. Rejith P P rejith@sescollege.ac.in 9961889969   25 Mamo College Manassery, Mukkam (Id: C-8239) Dr.Tp Abbas mamocollege@gmail.com Shameera P shemypunnoli@gmail.com 9526604842      Home Gallery Important Links Contact Us   Indian Institute of Technology Palakkad\r           Ahalia Integrated Campus,\r           Kozhippara P. O | Palakkad,\r           Kerala | Pin: 678557"}