{"page_link": "https://uba.iitpkd.ac.in/contact.html", "title": "https:--uba.iitpkd.ac.in-contact.html", "hyperlinks": ["index.html", "about.html", "#", "rpa.html", "activities.html", "imp.html", "rpi.html", "gallery.html", "SurveyStats/index.html", "contact.html", "UBA.html", "gallery.html", "imp.html", "contact.html"], "image_link": "unnat bharat abhiyan logo.jpg", "image_desc": "<b>Indian Institute of Technology Palakkad</b>    Home About Us Activities   As Regional Co-ordinating Institute  As Participating Institute   Important Links Regional Participating Institutes  Gallery Survey Stats Contact Us                 Choose an Institute Central Univeristy of Kerala, Kasaragod Vimal Jyothi Engineering College St. Joseph College Pilathara Kannur Govt. College Of Engineering, Kannur, Kerala N.A.M College,Kallikandy Govt. Engineering College, Wayanad Don Bosco College, Sulthan Bathery Mary Matha Arts & Science College, P.O. Vemom, Mananthavady, Wayanad St. Mary`s College, Sulthans Bathery WMO Arts & Science College, Muttil ST. JOSEPH`S COLLEGE, DEVAGIRI SREEPATHY INSTITUTE OF MANAGEMENT AND TECHNOLOGY NSS TRINING COLLEGE, OTTAPPALAM MES KALLADI COLLEGE, MANNARKKAD Govt. Victoria College, Palakkad Indian Institute Of Technology, Palakkad Jawaharlal College Of Engineering & Technology, Mangalam Malabar Polytechnic Campus Ahalia School Of Engineering And Technology Indian Institute Of Management, Kozhikode Providence Womens College, Kozhikkode Others              Home Gallery Important Links Contact Us   Indian Institute of Technology Palakkad\r           Ahalia Integrated Campus,\r           Kozhippara P. O | Palakkad,\r           Kerala | Pin: 678557"}