{"page_link": "https://cif.iitpkd.ac.in/node/1", "title": "https:--cif.iitpkd.ac.in-node-1", "hyperlinks": ["#main-content", "/", "/", "/", "", "/node/15", "", "/node/12", "/node/13", "/node/14", "/node/5", "/node/6", "/node/39", "/"], "image_link": "cif.iitpkd.ac.in/sites/default/files/logo_0.png", "image_desc": "https://cif.iitpkd.ac.in/node/1   CIF & CMFF       Main navigation    Home   Operations   How To Use Facility     Facilities   Characterization   Fabrication   Synthesis     People   Contact Us   Outcome                             Central Instrumentation Facility and Central Micro-Nano Fabrication Facility                   Breadcrumb   Home /                      Central Instrumentation Facility (CIF) and Central Micro-Nano Fabrication Facility (CMFF) are two highly sophisticated research facilities set up by IIT Palakkad with the following essential objectives \u00a0 1. To support high-quality research activities at IIT Palakkad by developing and maintaining the state of the art analytical and fabrication facilities. \u00a0 2. To foster research collaborations with other academic and industrial organizations."}