{"page_link": "https://physics.iitpkd.ac.in/index.html", "title": "https:--physics.iitpkd.ac.in-index.html", "hyperlinks": ["index.html", "index.html", "people.html", "programs.html", "research.html", "activities.html", "committee.html", "contact.html", "https://jam.iitg.ac.in/", "https://pgadmit.iitpkd.ac.in", "https://resap.iitpkd.ac.in/", "https://iitpkd.ac.in/gallery/national-science-day", "programs.html", "programs.html", "programs.html#teaching_research", "https://iitpkd.ac.in/central-facility-materials-and-manufacturing-engineering", "https://library.iitpkd.ac.in/", "lab.html", "https://hpc.iitpkd.ac.in/", "https://cif.iitpkd.ac.in/", "activities.html#outreach_programs", "activities.html#seminars_colloquium", "activities.html#yearly_symposium", "activities.html#extra_curricular", "activities.html", "contact.html", "https://iitpkd.ac.in/", "https://cdc.iitpkd.ac.in/", "https://cet.iitpkd.ac.in/", "https://techin-iitpkd.org/", "https://pgadmit.iitpkd.ac.in/", "https://resap.iitpkd.ac.in/", "https://sun.iitpkd.ac.in/", "https://facap.iitpkd.ac.in/", "https://joinus.iitpkd.ac.in/", "https://lms.iitpkd.ac.in/login/index.php", "https://mrbs.iitpkd.ac.in/day.php?year=2022&month=09&day=10&area=5&room=4", "https://library.iitpkd.ac.in/", "https://idp.iitpkd.ac.in/", "https://hpc.iitpkd.ac.in/", "https://cif.iitpkd.ac.in/", "https://iitpkd.ac.in/mitra/", "https://iitpkd.ac.in/elss/", "https://iitpkd.ac.in/help-desk-prospective-girl-students/", "https://iitpkd.ac.in/student-clubs/", "https://support.iitpkd.ac.in/"], "image_link": "images/design/library.jpg", "image_desc": "AnnouncementsMSc in Physics at IIT Palakkad! Apply through here! Application opens on April 11, 2023, and closes on April 25, 2023. Also keep an eye on our PG Amission Portal.         Call for PhD positions Department of Physics at IIT Palakkad calls for applications from motivated students aspiring to do PhD in several areas of Physics. The official application process will begin soon. Keep an eye on our Research Portal.           Department News Department of Physics celebrates the Science Day. See here.          Upcoming Seminars and Colloquium  Will be updated soon!               Teaching and Research Programs The Department of Physics currently offers only post-graduate       programs in Physics, including the       Master's degree and       the PhD degree.       A four-years BS-MS program and a three-years MS by research program are       currently in the planning stage.        Browse to know more      Facilities The Department of Physics currently has a teaching Physics Laboratory to       cater the needs of undergraduate/post-graduate students, which is equipped       with experimental setups that can boast of the latest technologies. In       addition to this, for conducting advanced research, IIT Palakkad has       set-up different central facilities namely Chandra High Performance Computing Cluster,       Central Instrumentation and Central Micro-Fabrication Facility (CIF and CMFF),       and a Central Facility         for Materials and Manufacturing Engineering (CFMM).       Other Central facilities are in the planning stage.         "}